objective_value,co2_emissions,co2_captured
2.8554906774276023e9,1207.057898168754,1.8215999561364487e7
