objective_value,co2_emissions,co2_captured
7.428810021021786e9,4.087119470692836e6,4.553999666661246e6
