objective_value,cement_co2_sink,co2_sink,co2_captured_sink
1.7888915220218194e9,1.4956988720796378e6,2.1449811385913506e7,0.0
