objective_value,cement_co2_sink,co2_sink,co2_captured_sink
1.7089811858682022e9,1.1960937541248733e6,2.1689443400062103e7,0.0
