objective_value,cement_co2_sink,co2_sink,co2_captured_sink
1.7161542022199981e9,897568.9652547096,2.1833392743424434e7,0.0
