objective_value,cement_co2_sink,co2_sink,co2_captured_sink
1.725076068451196e9,598399.9154782911,2.1971097744627614e7,0.0
