objective_value,cement_co2_sink,co2_sink,co2_captured_sink
1.7344488274117923e9,299016.97916824743,2.210867910815892e7,0.0
