AZ_small_hydroelectric_1,CA_small_hydroelectric_1,CO_small_hydroelectric_1,ID_small_hydroelectric_1,MT_small_hydroelectric_1,NM_small_hydroelectric_1,NV_small_hydroelectric_1,OR_small_hydroelectric_1,UT_small_hydroelectric_1,WA_small_hydroelectric_1,WY_small_hydroelectric_1
0.2696317136287689,0.1778906136751175,0.344362199306488,0.3163892924785614,0.3251664042472839,0.2648323178291321,0.2289710342884063,0.4463858902454376,0.2562638223171234,0.3432284295558929,0.1347242444753646
0.2696317136287689,0.1778906136751175,0.344362199306488,0.3163892924785614,0.3251664042472839,0.2648323178291321,0.2289710342884063,0.4463858902454376,0.2562638223171234,0.3432284295558929,0.1347242444753646
0.2696317136287689,0.1778906136751175,0.344362199306488,0.3163892924785614,0.3251664042472839,0.2648323178291321,0.2289710342884063,0.4463858902454376,0.2562638223171234,0.3432284295558929,0.1347242444753646
0.2696317136287689,0.1778906136751175,0.344362199306488,0.3163892924785614,0.3251664042472839,0.2648323178291321,0.2289710342884063,0.4463858902454376,0.2562638223171234,0.3432284295558929,0.1347242444753646
0.2696317136287689,0.1778906136751175,0.344362199306488,0.3163892924785614,0.3251664042472839,0.2648323178291321,0.2289710342884063,0.4463858902454376,0.2562638223171234,0.3432284295558929,0.1347242444753646
0.2696317136287689,0.1778906136751175,0.344362199306488,0.3163892924785614,0.3251664042472839,0.2648323178291321,0.2289710342884063,0.4463858902454376,0.2562638223171234,0.3432284295558929,0.1347242444753646
0.2696317136287689,0.1778906136751175,0.344362199306488,0.3163892924785614,0.3251664042472839,0.2648323178291321,0.2289710342884063,0.4463858902454376,0.2562638223171234,0.3432284295558929,0.1347242444753646
0.2696317136287689,0.1778906136751175,0.344362199306488,0.3163892924785614,0.3251664042472839,0.2648323178291321,0.2289710342884063,0.4463858902454376,0.2562638223171234,0.3432284295558929,0.1347242444753646
0.2696317136287689,0.1778906136751175,0.344362199306488,0.3163892924785614,0.3251664042472839,0.2648323178291321,0.2289710342884063,0.4463858902454376,0.2562638223171234,0.3432284295558929,0.1347242444753646
0.2696317136287689,0.1778906136751175,0.344362199306488,0.3163892924785614,0.3251664042472839,0.2648323178291321,0.2289710342884063,0.4463858902454376,0.2562638223171234,0.3432284295558929,0.1347242444753646
0.2696317136287689,0.1778906136751175,0.344362199306488,0.3163892924785614,0.3251664042472839,0.2648323178291321,0.2289710342884063,0.4463858902454376,0.2562638223171234,0.3432284295558929,0.1347242444753646
0.2696317136287689,0.1778906136751175,0.344362199306488,0.3163892924785614,0.3251664042472839,0.2648323178291321,0.2289710342884063,0.4463858902454376,0.2562638223171234,0.3432284295558929,0.1347242444753646
0.2696317136287689,0.1778906136751175,0.344362199306488,0.3163892924785614,0.3251664042472839,0.2648323178291321,0.2289710342884063,0.4463858902454376,0.2562638223171234,0.3432284295558929,0.1347242444753646
0.2696317136287689,0.1778906136751175,0.344362199306488,0.3163892924785614,0.3251664042472839,0.2648323178291321,0.2289710342884063,0.4463858902454376,0.2562638223171234,0.3432284295558929,0.1347242444753646
0.2696317136287689,0.1778906136751175,0.344362199306488,0.3163892924785614,0.3251664042472839,0.2648323178291321,0.2289710342884063,0.4463858902454376,0.2562638223171234,0.3432284295558929,0.1347242444753646
0.2696317136287689,0.1778906136751175,0.344362199306488,0.3163892924785614,0.3251664042472839,0.2648323178291321,0.2289710342884063,0.4463858902454376,0.2562638223171234,0.3432284295558929,0.1347242444753646
0.2696317136287689,0.1778906136751175,0.344362199306488,0.3163892924785614,0.3251664042472839,0.2648323178291321,0.2289710342884063,0.4463858902454376,0.2562638223171234,0.3432284295558929,0.1347242444753646
0.2696317136287689,0.1778906136751175,0.344362199306488,0.3163892924785614,0.3251664042472839,0.2648323178291321,0.2289710342884063,0.4463858902454376,0.2562638223171234,0.3432284295558929,0.1347242444753646
0.2696317136287689,0.1778906136751175,0.344362199306488,0.3163892924785614,0.3251664042472839,0.2648323178291321,0.2289710342884063,0.4463858902454376,0.2562638223171234,0.3432284295558929,0.1347242444753646
0.2696317136287689,0.1778906136751175,0.344362199306488,0.3163892924785614,0.3251664042472839,0.2648323178291321,0.2289710342884063,0.4463858902454376,0.2562638223171234,0.3432284295558929,0.1347242444753646
0.2696317136287689,0.1778906136751175,0.344362199306488,0.3163892924785614,0.3251664042472839,0.2648323178291321,0.2289710342884063,0.4463858902454376,0.2562638223171234,0.3432284295558929,0.1347242444753646
0.2696317136287689,0.1778906136751175,0.344362199306488,0.3163892924785614,0.3251664042472839,0.2648323178291321,0.2289710342884063,0.4463858902454376,0.2562638223171234,0.3432284295558929,0.1347242444753646
0.2696317136287689,0.1778906136751175,0.344362199306488,0.3163892924785614,0.3251664042472839,0.2648323178291321,0.2289710342884063,0.4463858902454376,0.2562638223171234,0.3432284295558929,0.1347242444753646
0.2696317136287689,0.1778906136751175,0.344362199306488,0.3163892924785614,0.3251664042472839,0.2648323178291321,0.2289710342884063,0.4463858902454376,0.2562638223171234,0.3432284295558929,0.1347242444753646
0.2696317136287689,0.1778906136751175,0.344362199306488,0.3163892924785614,0.3251664042472839,0.2648323178291321,0.2289710342884063,0.4463858902454376,0.2562638223171234,0.3432284295558929,0.1347242444753646
0.2696317136287689,0.1778906136751175,0.344362199306488,0.3163892924785614,0.3251664042472839,0.2648323178291321,0.2289710342884063,0.4463858902454376,0.2562638223171234,0.3432284295558929,0.1347242444753646
0.2696317136287689,0.1778906136751175,0.344362199306488,0.3163892924785614,0.3251664042472839,0.2648323178291321,0.2289710342884063,0.4463858902454376,0.2562638223171234,0.3432284295558929,0.1347242444753646
0.2696317136287689,0.1778906136751175,0.344362199306488,0.3163892924785614,0.3251664042472839,0.2648323178291321,0.2289710342884063,0.4463858902454376,0.2562638223171234,0.3432284295558929,0.1347242444753646
0.2696317136287689,0.1778906136751175,0.344362199306488,0.3163892924785614,0.3251664042472839,0.2648323178291321,0.2289710342884063,0.4463858902454376,0.2562638223171234,0.3432284295558929,0.1347242444753646
0.2696317136287689,0.1778906136751175,0.344362199306488,0.3163892924785614,0.3251664042472839,0.2648323178291321,0.2289710342884063,0.4463858902454376,0.2562638223171234,0.3432284295558929,0.1347242444753646
0.2696317136287689,0.1778906136751175,0.344362199306488,0.3163892924785614,0.3251664042472839,0.2648323178291321,0.2289710342884063,0.4463858902454376,0.2562638223171234,0.3432284295558929,0.1347242444753646
0.2696317136287689,0.1778906136751175,0.344362199306488,0.3163892924785614,0.3251664042472839,0.2648323178291321,0.2289710342884063,0.4463858902454376,0.2562638223171234,0.3432284295558929,0.1347242444753646
0.2696317136287689,0.1778906136751175,0.344362199306488,0.3163892924785614,0.3251664042472839,0.2648323178291321,0.2289710342884063,0.4463858902454376,0.2562638223171234,0.3432284295558929,0.1347242444753646
0.2696317136287689,0.1778906136751175,0.344362199306488,0.3163892924785614,0.3251664042472839,0.2648323178291321,0.2289710342884063,0.4463858902454376,0.2562638223171234,0.3432284295558929,0.1347242444753646
0.2696317136287689,0.1778906136751175,0.344362199306488,0.3163892924785614,0.3251664042472839,0.2648323178291321,0.2289710342884063,0.4463858902454376,0.2562638223171234,0.3432284295558929,0.1347242444753646
0.2696317136287689,0.1778906136751175,0.344362199306488,0.3163892924785614,0.3251664042472839,0.2648323178291321,0.2289710342884063,0.4463858902454376,0.2562638223171234,0.3432284295558929,0.1347242444753646
0.2696317136287689,0.1778906136751175,0.344362199306488,0.3163892924785614,0.3251664042472839,0.2648323178291321,0.2289710342884063,0.4463858902454376,0.2562638223171234,0.3432284295558929,0.1347242444753646
0.2696317136287689,0.1778906136751175,0.344362199306488,0.3163892924785614,0.3251664042472839,0.2648323178291321,0.2289710342884063,0.4463858902454376,0.2562638223171234,0.3432284295558929,0.1347242444753646
0.2696317136287689,0.1778906136751175,0.344362199306488,0.3163892924785614,0.3251664042472839,0.2648323178291321,0.2289710342884063,0.4463858902454376,0.2562638223171234,0.3432284295558929,0.1347242444753646
0.2696317136287689,0.1778906136751175,0.344362199306488,0.3163892924785614,0.3251664042472839,0.2648323178291321,0.2289710342884063,0.4463858902454376,0.2562638223171234,0.3432284295558929,0.1347242444753646
0.2696317136287689,0.1778906136751175,0.344362199306488,0.3163892924785614,0.3251664042472839,0.2648323178291321,0.2289710342884063,0.4463858902454376,0.2562638223171234,0.3432284295558929,0.1347242444753646
0.2696317136287689,0.1778906136751175,0.344362199306488,0.3163892924785614,0.3251664042472839,0.2648323178291321,0.2289710342884063,0.4463858902454376,0.2562638223171234,0.3432284295558929,0.1347242444753646
0.2696317136287689,0.1778906136751175,0.344362199306488,0.3163892924785614,0.3251664042472839,0.2648323178291321,0.2289710342884063,0.4463858902454376,0.2562638223171234,0.3432284295558929,0.1347242444753646
0.2696317136287689,0.1778906136751175,0.344362199306488,0.3163892924785614,0.3251664042472839,0.2648323178291321,0.2289710342884063,0.4463858902454376,0.2562638223171234,0.3432284295558929,0.1347242444753646
0.2696317136287689,0.1778906136751175,0.344362199306488,0.3163892924785614,0.3251664042472839,0.2648323178291321,0.2289710342884063,0.4463858902454376,0.2562638223171234,0.3432284295558929,0.1347242444753646
0.2696317136287689,0.1778906136751175,0.344362199306488,0.3163892924785614,0.3251664042472839,0.2648323178291321,0.2289710342884063,0.4463858902454376,0.2562638223171234,0.3432284295558929,0.1347242444753646
0.2696317136287689,0.1778906136751175,0.344362199306488,0.3163892924785614,0.3251664042472839,0.2648323178291321,0.2289710342884063,0.4463858902454376,0.2562638223171234,0.3432284295558929,0.1347242444753646
0.2696317136287689,0.1778906136751175,0.344362199306488,0.3163892924785614,0.3251664042472839,0.2648323178291321,0.2289710342884063,0.4463858902454376,0.2562638223171234,0.3432284295558929,0.1347242444753646
0.2696317136287689,0.1778906136751175,0.344362199306488,0.3163892924785614,0.3251664042472839,0.2648323178291321,0.2289710342884063,0.4463858902454376,0.2562638223171234,0.3432284295558929,0.1347242444753646
0.2696317136287689,0.1778906136751175,0.344362199306488,0.3163892924785614,0.3251664042472839,0.2648323178291321,0.2289710342884063,0.4463858902454376,0.2562638223171234,0.3432284295558929,0.1347242444753646
0.2696317136287689,0.1778906136751175,0.344362199306488,0.3163892924785614,0.3251664042472839,0.2648323178291321,0.2289710342884063,0.4463858902454376,0.2562638223171234,0.3432284295558929,0.1347242444753646
0.2696317136287689,0.1778906136751175,0.344362199306488,0.3163892924785614,0.3251664042472839,0.2648323178291321,0.2289710342884063,0.4463858902454376,0.2562638223171234,0.3432284295558929,0.1347242444753646
0.2696317136287689,0.1778906136751175,0.344362199306488,0.3163892924785614,0.3251664042472839,0.2648323178291321,0.2289710342884063,0.4463858902454376,0.2562638223171234,0.3432284295558929,0.1347242444753646
0.2696317136287689,0.1778906136751175,0.344362199306488,0.3163892924785614,0.3251664042472839,0.2648323178291321,0.2289710342884063,0.4463858902454376,0.2562638223171234,0.3432284295558929,0.1347242444753646
0.2696317136287689,0.1778906136751175,0.344362199306488,0.3163892924785614,0.3251664042472839,0.2648323178291321,0.2289710342884063,0.4463858902454376,0.2562638223171234,0.3432284295558929,0.1347242444753646
0.2696317136287689,0.1778906136751175,0.344362199306488,0.3163892924785614,0.3251664042472839,0.2648323178291321,0.2289710342884063,0.4463858902454376,0.2562638223171234,0.3432284295558929,0.1347242444753646
0.2696317136287689,0.1778906136751175,0.344362199306488,0.3163892924785614,0.3251664042472839,0.2648323178291321,0.2289710342884063,0.4463858902454376,0.2562638223171234,0.3432284295558929,0.1347242444753646
0.2696317136287689,0.1778906136751175,0.344362199306488,0.3163892924785614,0.3251664042472839,0.2648323178291321,0.2289710342884063,0.4463858902454376,0.2562638223171234,0.3432284295558929,0.1347242444753646
0.2696317136287689,0.1778906136751175,0.344362199306488,0.3163892924785614,0.3251664042472839,0.2648323178291321,0.2289710342884063,0.4463858902454376,0.2562638223171234,0.3432284295558929,0.1347242444753646
0.2696317136287689,0.1778906136751175,0.344362199306488,0.3163892924785614,0.3251664042472839,0.2648323178291321,0.2289710342884063,0.4463858902454376,0.2562638223171234,0.3432284295558929,0.1347242444753646
0.2696317136287689,0.1778906136751175,0.344362199306488,0.3163892924785614,0.3251664042472839,0.2648323178291321,0.2289710342884063,0.4463858902454376,0.2562638223171234,0.3432284295558929,0.1347242444753646
0.2696317136287689,0.1778906136751175,0.344362199306488,0.3163892924785614,0.3251664042472839,0.2648323178291321,0.2289710342884063,0.4463858902454376,0.2562638223171234,0.3432284295558929,0.1347242444753646
0.2696317136287689,0.1778906136751175,0.344362199306488,0.3163892924785614,0.3251664042472839,0.2648323178291321,0.2289710342884063,0.4463858902454376,0.2562638223171234,0.3432284295558929,0.1347242444753646
0.2696317136287689,0.1778906136751175,0.344362199306488,0.3163892924785614,0.3251664042472839,0.2648323178291321,0.2289710342884063,0.4463858902454376,0.2562638223171234,0.3432284295558929,0.1347242444753646
0.2696317136287689,0.1778906136751175,0.344362199306488,0.3163892924785614,0.3251664042472839,0.2648323178291321,0.2289710342884063,0.4463858902454376,0.2562638223171234,0.3432284295558929,0.1347242444753646
0.2696317136287689,0.1778906136751175,0.344362199306488,0.3163892924785614,0.3251664042472839,0.2648323178291321,0.2289710342884063,0.4463858902454376,0.2562638223171234,0.3432284295558929,0.1347242444753646
0.2696317136287689,0.1778906136751175,0.344362199306488,0.3163892924785614,0.3251664042472839,0.2648323178291321,0.2289710342884063,0.4463858902454376,0.2562638223171234,0.3432284295558929,0.1347242444753646
0.2696317136287689,0.1778906136751175,0.344362199306488,0.3163892924785614,0.3251664042472839,0.2648323178291321,0.2289710342884063,0.4463858902454376,0.2562638223171234,0.3432284295558929,0.1347242444753646
0.2696317136287689,0.1778906136751175,0.344362199306488,0.3163892924785614,0.3251664042472839,0.2648323178291321,0.2289710342884063,0.4463858902454376,0.2562638223171234,0.3432284295558929,0.1347242444753646
0.2696317136287689,0.1778906136751175,0.344362199306488,0.3163892924785614,0.3251664042472839,0.2648323178291321,0.2289710342884063,0.4463858902454376,0.2562638223171234,0.3432284295558929,0.1347242444753646
0.2696317136287689,0.1778906136751175,0.344362199306488,0.3163892924785614,0.3251664042472839,0.2648323178291321,0.2289710342884063,0.4463858902454376,0.2562638223171234,0.3432284295558929,0.1347242444753646
0.2696317136287689,0.1778906136751175,0.344362199306488,0.3163892924785614,0.3251664042472839,0.2648323178291321,0.2289710342884063,0.4463858902454376,0.2562638223171234,0.3432284295558929,0.1347242444753646
0.2696317136287689,0.1778906136751175,0.344362199306488,0.3163892924785614,0.3251664042472839,0.2648323178291321,0.2289710342884063,0.4463858902454376,0.2562638223171234,0.3432284295558929,0.1347242444753646
0.2696317136287689,0.1778906136751175,0.344362199306488,0.3163892924785614,0.3251664042472839,0.2648323178291321,0.2289710342884063,0.4463858902454376,0.2562638223171234,0.3432284295558929,0.1347242444753646
0.2696317136287689,0.1778906136751175,0.344362199306488,0.3163892924785614,0.3251664042472839,0.2648323178291321,0.2289710342884063,0.4463858902454376,0.2562638223171234,0.3432284295558929,0.1347242444753646
0.2696317136287689,0.1778906136751175,0.344362199306488,0.3163892924785614,0.3251664042472839,0.2648323178291321,0.2289710342884063,0.4463858902454376,0.2562638223171234,0.3432284295558929,0.1347242444753646
0.2696317136287689,0.1778906136751175,0.344362199306488,0.3163892924785614,0.3251664042472839,0.2648323178291321,0.2289710342884063,0.4463858902454376,0.2562638223171234,0.3432284295558929,0.1347242444753646
0.2696317136287689,0.1778906136751175,0.344362199306488,0.3163892924785614,0.3251664042472839,0.2648323178291321,0.2289710342884063,0.4463858902454376,0.2562638223171234,0.3432284295558929,0.1347242444753646
0.2696317136287689,0.1778906136751175,0.344362199306488,0.3163892924785614,0.3251664042472839,0.2648323178291321,0.2289710342884063,0.4463858902454376,0.2562638223171234,0.3432284295558929,0.1347242444753646
0.2696317136287689,0.1778906136751175,0.344362199306488,0.3163892924785614,0.3251664042472839,0.2648323178291321,0.2289710342884063,0.4463858902454376,0.2562638223171234,0.3432284295558929,0.1347242444753646
0.2696317136287689,0.1778906136751175,0.344362199306488,0.3163892924785614,0.3251664042472839,0.2648323178291321,0.2289710342884063,0.4463858902454376,0.2562638223171234,0.3432284295558929,0.1347242444753646
0.2696317136287689,0.1778906136751175,0.344362199306488,0.3163892924785614,0.3251664042472839,0.2648323178291321,0.2289710342884063,0.4463858902454376,0.2562638223171234,0.3432284295558929,0.1347242444753646
0.2696317136287689,0.1778906136751175,0.344362199306488,0.3163892924785614,0.3251664042472839,0.2648323178291321,0.2289710342884063,0.4463858902454376,0.2562638223171234,0.3432284295558929,0.1347242444753646
0.2696317136287689,0.1778906136751175,0.344362199306488,0.3163892924785614,0.3251664042472839,0.2648323178291321,0.2289710342884063,0.4463858902454376,0.2562638223171234,0.3432284295558929,0.1347242444753646
0.2696317136287689,0.1778906136751175,0.344362199306488,0.3163892924785614,0.3251664042472839,0.2648323178291321,0.2289710342884063,0.4463858902454376,0.2562638223171234,0.3432284295558929,0.1347242444753646
0.2696317136287689,0.1778906136751175,0.344362199306488,0.3163892924785614,0.3251664042472839,0.2648323178291321,0.2289710342884063,0.4463858902454376,0.2562638223171234,0.3432284295558929,0.1347242444753646
0.2696317136287689,0.1778906136751175,0.344362199306488,0.3163892924785614,0.3251664042472839,0.2648323178291321,0.2289710342884063,0.4463858902454376,0.2562638223171234,0.3432284295558929,0.1347242444753646
0.2696317136287689,0.1778906136751175,0.344362199306488,0.3163892924785614,0.3251664042472839,0.2648323178291321,0.2289710342884063,0.4463858902454376,0.2562638223171234,0.3432284295558929,0.1347242444753646
0.2696317136287689,0.1778906136751175,0.344362199306488,0.3163892924785614,0.3251664042472839,0.2648323178291321,0.2289710342884063,0.4463858902454376,0.2562638223171234,0.3432284295558929,0.1347242444753646
0.2696317136287689,0.1778906136751175,0.344362199306488,0.3163892924785614,0.3251664042472839,0.2648323178291321,0.2289710342884063,0.4463858902454376,0.2562638223171234,0.3432284295558929,0.1347242444753646
0.2696317136287689,0.1778906136751175,0.344362199306488,0.3163892924785614,0.3251664042472839,0.2648323178291321,0.2289710342884063,0.4463858902454376,0.2562638223171234,0.3432284295558929,0.1347242444753646
0.2696317136287689,0.1778906136751175,0.344362199306488,0.3163892924785614,0.3251664042472839,0.2648323178291321,0.2289710342884063,0.4463858902454376,0.2562638223171234,0.3432284295558929,0.1347242444753646
0.2696317136287689,0.1778906136751175,0.344362199306488,0.3163892924785614,0.3251664042472839,0.2648323178291321,0.2289710342884063,0.4463858902454376,0.2562638223171234,0.3432284295558929,0.1347242444753646
0.2696317136287689,0.1778906136751175,0.344362199306488,0.3163892924785614,0.3251664042472839,0.2648323178291321,0.2289710342884063,0.4463858902454376,0.2562638223171234,0.3432284295558929,0.1347242444753646
0.2696317136287689,0.1778906136751175,0.344362199306488,0.3163892924785614,0.3251664042472839,0.2648323178291321,0.2289710342884063,0.4463858902454376,0.2562638223171234,0.3432284295558929,0.1347242444753646
0.2696317136287689,0.1778906136751175,0.344362199306488,0.3163892924785614,0.3251664042472839,0.2648323178291321,0.2289710342884063,0.4463858902454376,0.2562638223171234,0.3432284295558929,0.1347242444753646
0.2696317136287689,0.1778906136751175,0.344362199306488,0.3163892924785614,0.3251664042472839,0.2648323178291321,0.2289710342884063,0.4463858902454376,0.2562638223171234,0.3432284295558929,0.1347242444753646
0.2696317136287689,0.1778906136751175,0.344362199306488,0.3163892924785614,0.3251664042472839,0.2648323178291321,0.2289710342884063,0.4463858902454376,0.2562638223171234,0.3432284295558929,0.1347242444753646
0.2696317136287689,0.1778906136751175,0.344362199306488,0.3163892924785614,0.3251664042472839,0.2648323178291321,0.2289710342884063,0.4463858902454376,0.2562638223171234,0.3432284295558929,0.1347242444753646
0.2696317136287689,0.1778906136751175,0.344362199306488,0.3163892924785614,0.3251664042472839,0.2648323178291321,0.2289710342884063,0.4463858902454376,0.2562638223171234,0.3432284295558929,0.1347242444753646
0.2696317136287689,0.1778906136751175,0.344362199306488,0.3163892924785614,0.3251664042472839,0.2648323178291321,0.2289710342884063,0.4463858902454376,0.2562638223171234,0.3432284295558929,0.1347242444753646
0.2696317136287689,0.1778906136751175,0.344362199306488,0.3163892924785614,0.3251664042472839,0.2648323178291321,0.2289710342884063,0.4463858902454376,0.2562638223171234,0.3432284295558929,0.1347242444753646
0.2696317136287689,0.1778906136751175,0.344362199306488,0.3163892924785614,0.3251664042472839,0.2648323178291321,0.2289710342884063,0.4463858902454376,0.2562638223171234,0.3432284295558929,0.1347242444753646
0.2696317136287689,0.1778906136751175,0.344362199306488,0.3163892924785614,0.3251664042472839,0.2648323178291321,0.2289710342884063,0.4463858902454376,0.2562638223171234,0.3432284295558929,0.1347242444753646
0.2696317136287689,0.1778906136751175,0.344362199306488,0.3163892924785614,0.3251664042472839,0.2648323178291321,0.2289710342884063,0.4463858902454376,0.2562638223171234,0.3432284295558929,0.1347242444753646
0.2696317136287689,0.1778906136751175,0.344362199306488,0.3163892924785614,0.3251664042472839,0.2648323178291321,0.2289710342884063,0.4463858902454376,0.2562638223171234,0.3432284295558929,0.1347242444753646
0.2696317136287689,0.1778906136751175,0.344362199306488,0.3163892924785614,0.3251664042472839,0.2648323178291321,0.2289710342884063,0.4463858902454376,0.2562638223171234,0.3432284295558929,0.1347242444753646
0.2696317136287689,0.1778906136751175,0.344362199306488,0.3163892924785614,0.3251664042472839,0.2648323178291321,0.2289710342884063,0.4463858902454376,0.2562638223171234,0.3432284295558929,0.1347242444753646
0.2696317136287689,0.1778906136751175,0.344362199306488,0.3163892924785614,0.3251664042472839,0.2648323178291321,0.2289710342884063,0.4463858902454376,0.2562638223171234,0.3432284295558929,0.1347242444753646
0.2696317136287689,0.1778906136751175,0.344362199306488,0.3163892924785614,0.3251664042472839,0.2648323178291321,0.2289710342884063,0.4463858902454376,0.2562638223171234,0.3432284295558929,0.1347242444753646
0.2696317136287689,0.1778906136751175,0.344362199306488,0.3163892924785614,0.3251664042472839,0.2648323178291321,0.2289710342884063,0.4463858902454376,0.2562638223171234,0.3432284295558929,0.1347242444753646
0.2696317136287689,0.1778906136751175,0.344362199306488,0.3163892924785614,0.3251664042472839,0.2648323178291321,0.2289710342884063,0.4463858902454376,0.2562638223171234,0.3432284295558929,0.1347242444753646
0.2696317136287689,0.1778906136751175,0.344362199306488,0.3163892924785614,0.3251664042472839,0.2648323178291321,0.2289710342884063,0.4463858902454376,0.2562638223171234,0.3432284295558929,0.1347242444753646
0.2696317136287689,0.1778906136751175,0.344362199306488,0.3163892924785614,0.3251664042472839,0.2648323178291321,0.2289710342884063,0.4463858902454376,0.2562638223171234,0.3432284295558929,0.1347242444753646
0.2696317136287689,0.1778906136751175,0.344362199306488,0.3163892924785614,0.3251664042472839,0.2648323178291321,0.2289710342884063,0.4463858902454376,0.2562638223171234,0.3432284295558929,0.1347242444753646
0.2696317136287689,0.1778906136751175,0.344362199306488,0.3163892924785614,0.3251664042472839,0.2648323178291321,0.2289710342884063,0.4463858902454376,0.2562638223171234,0.3432284295558929,0.1347242444753646
0.2696317136287689,0.1778906136751175,0.344362199306488,0.3163892924785614,0.3251664042472839,0.2648323178291321,0.2289710342884063,0.4463858902454376,0.2562638223171234,0.3432284295558929,0.1347242444753646
0.2696317136287689,0.1778906136751175,0.344362199306488,0.3163892924785614,0.3251664042472839,0.2648323178291321,0.2289710342884063,0.4463858902454376,0.2562638223171234,0.3432284295558929,0.1347242444753646
0.2696317136287689,0.1778906136751175,0.344362199306488,0.3163892924785614,0.3251664042472839,0.2648323178291321,0.2289710342884063,0.4463858902454376,0.2562638223171234,0.3432284295558929,0.1347242444753646
0.2696317136287689,0.1778906136751175,0.344362199306488,0.3163892924785614,0.3251664042472839,0.2648323178291321,0.2289710342884063,0.4463858902454376,0.2562638223171234,0.3432284295558929,0.1347242444753646
0.2696317136287689,0.1778906136751175,0.344362199306488,0.3163892924785614,0.3251664042472839,0.2648323178291321,0.2289710342884063,0.4463858902454376,0.2562638223171234,0.3432284295558929,0.1347242444753646
0.2696317136287689,0.1778906136751175,0.344362199306488,0.3163892924785614,0.3251664042472839,0.2648323178291321,0.2289710342884063,0.4463858902454376,0.2562638223171234,0.3432284295558929,0.1347242444753646
0.2696317136287689,0.1778906136751175,0.344362199306488,0.3163892924785614,0.3251664042472839,0.2648323178291321,0.2289710342884063,0.4463858902454376,0.2562638223171234,0.3432284295558929,0.1347242444753646
0.2696317136287689,0.1778906136751175,0.344362199306488,0.3163892924785614,0.3251664042472839,0.2648323178291321,0.2289710342884063,0.4463858902454376,0.2562638223171234,0.3432284295558929,0.1347242444753646
0.2696317136287689,0.1778906136751175,0.344362199306488,0.3163892924785614,0.3251664042472839,0.2648323178291321,0.2289710342884063,0.4463858902454376,0.2562638223171234,0.3432284295558929,0.1347242444753646
0.2696317136287689,0.1778906136751175,0.344362199306488,0.3163892924785614,0.3251664042472839,0.2648323178291321,0.2289710342884063,0.4463858902454376,0.2562638223171234,0.3432284295558929,0.1347242444753646
0.2696317136287689,0.1778906136751175,0.344362199306488,0.3163892924785614,0.3251664042472839,0.2648323178291321,0.2289710342884063,0.4463858902454376,0.2562638223171234,0.3432284295558929,0.1347242444753646
0.2696317136287689,0.1778906136751175,0.344362199306488,0.3163892924785614,0.3251664042472839,0.2648323178291321,0.2289710342884063,0.4463858902454376,0.2562638223171234,0.3432284295558929,0.1347242444753646
0.2696317136287689,0.1778906136751175,0.344362199306488,0.3163892924785614,0.3251664042472839,0.2648323178291321,0.2289710342884063,0.4463858902454376,0.2562638223171234,0.3432284295558929,0.1347242444753646
0.2696317136287689,0.1778906136751175,0.344362199306488,0.3163892924785614,0.3251664042472839,0.2648323178291321,0.2289710342884063,0.4463858902454376,0.2562638223171234,0.3432284295558929,0.1347242444753646
0.2696317136287689,0.1778906136751175,0.344362199306488,0.3163892924785614,0.3251664042472839,0.2648323178291321,0.2289710342884063,0.4463858902454376,0.2562638223171234,0.3432284295558929,0.1347242444753646
0.2696317136287689,0.1778906136751175,0.344362199306488,0.3163892924785614,0.3251664042472839,0.2648323178291321,0.2289710342884063,0.4463858902454376,0.2562638223171234,0.3432284295558929,0.1347242444753646
0.2696317136287689,0.1778906136751175,0.344362199306488,0.3163892924785614,0.3251664042472839,0.2648323178291321,0.2289710342884063,0.4463858902454376,0.2562638223171234,0.3432284295558929,0.1347242444753646
0.2696317136287689,0.1778906136751175,0.344362199306488,0.3163892924785614,0.3251664042472839,0.2648323178291321,0.2289710342884063,0.4463858902454376,0.2562638223171234,0.3432284295558929,0.1347242444753646
0.2696317136287689,0.1778906136751175,0.344362199306488,0.3163892924785614,0.3251664042472839,0.2648323178291321,0.2289710342884063,0.4463858902454376,0.2562638223171234,0.3432284295558929,0.1347242444753646
0.2696317136287689,0.1778906136751175,0.344362199306488,0.3163892924785614,0.3251664042472839,0.2648323178291321,0.2289710342884063,0.4463858902454376,0.2562638223171234,0.3432284295558929,0.1347242444753646
0.2696317136287689,0.1778906136751175,0.344362199306488,0.3163892924785614,0.3251664042472839,0.2648323178291321,0.2289710342884063,0.4463858902454376,0.2562638223171234,0.3432284295558929,0.1347242444753646
0.2696317136287689,0.1778906136751175,0.344362199306488,0.3163892924785614,0.3251664042472839,0.2648323178291321,0.2289710342884063,0.4463858902454376,0.2562638223171234,0.3432284295558929,0.1347242444753646
0.2696317136287689,0.1778906136751175,0.344362199306488,0.3163892924785614,0.3251664042472839,0.2648323178291321,0.2289710342884063,0.4463858902454376,0.2562638223171234,0.3432284295558929,0.1347242444753646
0.2696317136287689,0.1778906136751175,0.344362199306488,0.3163892924785614,0.3251664042472839,0.2648323178291321,0.2289710342884063,0.4463858902454376,0.2562638223171234,0.3432284295558929,0.1347242444753646
0.2694610059261322,0.1779976636171341,0.3445417582988739,0.3163526058197021,0.3251464962959289,0.2647440731525421,0.2288143932819366,0.4463783800601959,0.2561790943145752,0.3431981801986694,0.1347236931324005
0.2692902684211731,0.1781047284603119,0.3447213172912597,0.3163159489631653,0.325126588344574,0.2646557986736297,0.2286577373743057,0.4463708698749542,0.2560943365097046,0.3431679606437683,0.1347231417894363
0.2691195607185364,0.1782117933034896,0.344900906085968,0.316279262304306,0.3251067101955414,0.2645675241947174,0.228501096367836,0.4463633894920349,0.256009578704834,0.3431377410888672,0.1347225904464721
0.2689488232135772,0.1783188581466674,0.3450804650783539,0.3162425756454468,0.3250868320465088,0.264479249715805,0.228344440460205,0.4463558793067932,0.2559248208999634,0.343107521533966,0.134722039103508
0.2687781155109405,0.178425908088684,0.3452600240707397,0.3162058889865875,0.3250668942928314,0.2643909752368927,0.2281877845525741,0.4463483691215515,0.2558400630950928,0.3430772721767425,0.1347214877605438
0.2686074078083038,0.1785329580307006,0.345439612865448,0.3161692023277282,0.3250469863414764,0.2643027305603027,0.2280311435461044,0.4463408589363098,0.2557553350925445,0.343047022819519,0.1347209215164184
0.2684367001056671,0.1786400228738784,0.3456191420555115,0.3161325454711914,0.3250270783901214,0.2642144560813904,0.2278744727373123,0.4463333785533905,0.2556705772876739,0.3430168032646179,0.1347203701734542
0.2682659924030304,0.178747072815895,0.3457987308502197,0.3160958290100097,0.3250072002410888,0.264126181602478,0.2277178317308426,0.4463258683681488,0.2555858492851257,0.3429865539073944,0.1347198188304901
0.2680952548980713,0.1788541376590728,0.3459782898426056,0.3160591721534729,0.3249872922897339,0.2640379071235657,0.2275611758232116,0.4463183879852295,0.2555010914802551,0.3429563343524933,0.1347192674875259
0.2679245471954345,0.1789612025022506,0.3461578786373138,0.3160224556922912,0.3249673843383789,0.2639496326446533,0.2274045348167419,0.4463108479976654,0.2554163336753845,0.3429260849952698,0.1347187161445617
0.2677538394927978,0.179068237543106,0.3463374376296997,0.3159857988357544,0.3249474763870239,0.2638613581657409,0.227247878909111,0.4463033378124237,0.2553315758705139,0.3428958654403686,0.1347181499004364
0.2675831317901611,0.179175317287445,0.3465169966220855,0.3159491121768951,0.3249275684356689,0.263773113489151,0.2270912230014801,0.4462958872318268,0.2552468180656433,0.3428656160831451,0.1347175985574722
0.2674124240875244,0.1792823672294616,0.3466965556144714,0.3159124255180359,0.3249076604843139,0.2636848390102386,0.2269345819950103,0.4462883472442627,0.2551620602607727,0.3428353667259216,0.134717047214508
0.2672417163848877,0.1793894469738006,0.3468761444091797,0.3158757388591766,0.324887752532959,0.2635965645313263,0.2267779111862182,0.446280837059021,0.2550773322582245,0.3428051471710205,0.1347164958715438
0.2670709788799286,0.179496482014656,0.3470557034015655,0.3158390820026397,0.324867844581604,0.2635082900524139,0.2266212701797485,0.4462733566761017,0.2549925744533539,0.3427749276161194,0.1347159445285797
0.2669002711772918,0.179603561758995,0.3472352623939514,0.3158023655414581,0.324847936630249,0.2634200155735016,0.2264646142721176,0.4462658166885376,0.2549078464508056,0.3427446782588959,0.1347153931856155
0.2667295336723327,0.1797106117010116,0.3474148511886596,0.3157656788825989,0.324828028678894,0.2633317708969116,0.2263079732656479,0.4462583363056183,0.254823088645935,0.3427144587039947,0.1347148269414901
0.266558825969696,0.1798176765441894,0.3475944101810455,0.315729022026062,0.324808120727539,0.2632434964179992,0.2261513173580169,0.446250855922699,0.2547383308410644,0.3426842093467712,0.134714275598526
0.2663881182670593,0.179924726486206,0.3477739691734314,0.3156923353672027,0.3247882127761841,0.2631552219390869,0.225994661450386,0.4462433159351349,0.2546536028385162,0.3426539897918701,0.1347137242555618
0.2662174105644226,0.1800317764282226,0.3479535579681396,0.3156556487083435,0.3247683346271515,0.2630669474601745,0.2258380204439163,0.4462358057498932,0.2545688152313232,0.3426237404346466,0.1347131729125976
0.2660467028617859,0.1801388412714004,0.3481330871582031,0.3156189918518066,0.3247484266757965,0.2629786729812622,0.2256813645362854,0.4462283253669739,0.254484087228775,0.3425935208797455,0.1347126215696334
0.2658759653568268,0.180245891213417,0.3483126759529114,0.315582275390625,0.3247285187244415,0.2628904283046722,0.2255247086286544,0.4462208151817322,0.2543993592262268,0.342563271522522,0.1347120553255081
0.26570525765419,0.180352970957756,0.3484922051429748,0.3155456185340881,0.3247086107730865,0.2628021538257599,0.2253680527210235,0.4462133347988128,0.2543145716190338,0.3425330519676208,0.1347115039825439
0.2655345499515533,0.1804600208997726,0.3486717939376831,0.3155089020729065,0.3246887028217315,0.2627138793468475,0.2252113968133926,0.4462058246135711,0.2542298436164856,0.3425028026103973,0.1347109526395797
0.2653638422489166,0.1805670857429504,0.3488513529300689,0.3154722452163696,0.324668824672699,0.2626256048679352,0.2250547558069229,0.4461982846260071,0.254145085811615,0.3424725532531738,0.1347104012966156
0.2651931345462799,0.180674135684967,0.3490309417247772,0.3154355585575104,0.3246488869190216,0.2625373303890228,0.224898099899292,0.4461908042430877,0.2540603280067444,0.3424423336982727,0.1347098499536514
0.2650224268436432,0.1807812005281448,0.3492105007171631,0.3153988718986511,0.324629008769989,0.2624490857124328,0.2247414588928222,0.4461833238601684,0.2539756000041961,0.3424120843410492,0.134709283709526
0.2648516893386841,0.1808882504701614,0.3493900895118713,0.3153621852397918,0.3246090710163116,0.2623608112335205,0.2245848029851913,0.4461757838726043,0.2538908720016479,0.342381864786148,0.1347087323665619
0.2753282785415649,0.3786543607711792,0.3498104810714721,0.4950866103172302,0.3895229697227478,0.2941076159477234,0.2801951467990875,0.4123780429363251,0.3107817471027374,0.4648031592369079,0.5304449200630188
0.2751016616821289,0.3784715235233307,0.3497606515884399,0.4945513606071472,0.3890383839607239,0.2938112616539001,0.280046284198761,0.4123486280441284,0.3104685842990875,0.464204728603363,0.5296968221664429
0.2748750448226928,0.3782886862754822,0.3497108221054077,0.494016170501709,0.3885537981986999,0.2935149371623993,0.279897391796112,0.4123191833496094,0.31015545129776,0.4636063277721405,0.5289487838745117
0.2746484279632568,0.3781058490276336,0.3496609926223755,0.4934809803962707,0.388069212436676,0.293218582868576,0.2797485589981079,0.4122897684574127,0.3098422884941101,0.4630079269409179,0.5282007455825806
0.2744217813014984,0.3779230117797851,0.3496111631393432,0.4929457604885101,0.3875846266746521,0.2929222285747528,0.2795996963977813,0.4122602939605713,0.309529185295105,0.4624095261096954,0.5274526476860046
0.2741951644420624,0.377740204334259,0.3495613038539886,0.4924106001853943,0.3870999813079834,0.2926259040832519,0.2794508039951324,0.412230908870697,0.3092160224914551,0.4618110954761505,0.5267045497894287
0.2739685475826263,0.3775573670864105,0.3495114743709564,0.4918753802776336,0.3866153955459595,0.2923295497894287,0.2793019115924835,0.4122014343738556,0.3089028596878052,0.4612127542495727,0.5259565114974976
0.2737419307231903,0.377374529838562,0.3494616448879242,0.491340160369873,0.3861307799816131,0.2920331954956054,0.2791530787944793,0.4121719896793365,0.3085897266864776,0.4606143236160278,0.5252084136009216
0.2735153138637543,0.3771916925907135,0.3494118154048919,0.4908049702644348,0.3856461644172668,0.2917368710041046,0.2790042161941528,0.4121426045894623,0.3082765936851501,0.4600159227848053,0.5244603753089905
0.2732886970043182,0.377008855342865,0.3493619859218597,0.4902697801589966,0.3851615786552429,0.2914405167102813,0.2788553237915039,0.4121131300926208,0.3079634308815002,0.4594175219535827,0.5237122774124146
0.2730620503425598,0.3768260180950165,0.3493121564388275,0.4897345602512359,0.384676992893219,0.2911441624164581,0.2787064611911773,0.4120837152004242,0.3076502978801727,0.4588190913200378,0.5229642391204834
0.2728354334831238,0.3766431808471679,0.3492623269557953,0.4891993701457977,0.3841923475265503,0.2908478379249573,0.2785575985908508,0.4120542407035827,0.3073371350765228,0.4582206904888153,0.5222162008285522
0.2726088166236877,0.3764603734016418,0.3492124676704407,0.4886641502380371,0.3837077617645263,0.290551483631134,0.2784087657928467,0.4120248556137085,0.3070240020751953,0.4576222896575928,0.5214681029319763
0.2723821997642517,0.3762775063514709,0.3491626679897308,0.4881289601325989,0.3832231760025024,0.2902551591396332,0.2782598435878753,0.4119954109191894,0.3067108690738678,0.4570238590240478,0.5207200050354004
0.2721555829048157,0.3760946691036224,0.3491128385066986,0.4875937700271606,0.3827385902404785,0.2899588048458099,0.2781109809875488,0.4119659662246704,0.3063977360725403,0.4564254581928253,0.5199719667434692
0.2719289064407348,0.3759118318557739,0.349062979221344,0.4870585501194,0.3822540044784546,0.2896624505519867,0.2779621183872223,0.4119365513324737,0.3060845732688904,0.4558270573616028,0.5192239284515381
0.2717023193836212,0.3757289946079254,0.3490131497383117,0.4865233600139618,0.3817693591117859,0.2893661260604858,0.2778132855892181,0.4119071066379547,0.3057714104652405,0.4552286267280578,0.5184758305549622
0.2714757025241852,0.3755461573600769,0.3489633202552795,0.4859881401062011,0.3812847733497619,0.2890697717666626,0.2776643931865692,0.4118776619434356,0.3054582774639129,0.4546302258968353,0.517727792263031
0.2712490558624267,0.3753633201122284,0.3489134907722473,0.4854529798030853,0.380800187587738,0.2887734174728393,0.2775155305862427,0.411848247051239,0.3051451444625854,0.4540318846702575,0.5169796943664551
0.2710224390029907,0.3751804828643799,0.3488636612892151,0.4849177300930023,0.3803155422210693,0.2884770929813385,0.2773666381835937,0.4118188023567199,0.3048319816589355,0.4534334540367126,0.5162316560745239
0.2707958221435547,0.3749976456165313,0.3488138318061828,0.4843825101852417,0.3798309862613678,0.2881807386875152,0.2772178053855896,0.4117893576622009,0.304518848657608,0.4528350532054901,0.5154836177825928
0.2705692052841186,0.3748148083686828,0.3487640023231506,0.4838473498821258,0.3793463706970215,0.287884384393692,0.2770689129829407,0.4117599427700043,0.3042057156562805,0.4522366523742676,0.5147355198860168
0.2703425884246826,0.3746320009231567,0.3487141728401184,0.4833121299743652,0.3788617551326751,0.2875880599021911,0.2769200503826141,0.4117304980754852,0.3038925528526306,0.4516382217407226,0.5139874219894409
0.2701159715652466,0.3744491636753082,0.3486643433570862,0.482776939868927,0.3783771693706512,0.2872917056083679,0.2767711877822876,0.4117010533809662,0.3035794198513031,0.4510398209095001,0.5132393836975098
0.2698893249034881,0.3742663264274597,0.3486145138740539,0.4822417497634887,0.3778925538063049,0.2869953513145447,0.276622325181961,0.4116716384887695,0.3032662868499756,0.4504414200782776,0.5124912858009338
0.2696627080440521,0.3740834891796112,0.3485646843910217,0.4817065000534057,0.377407968044281,0.2866990268230438,0.2764734625816345,0.4116421937942505,0.3029531240463257,0.4498429894447326,0.5117432475090027
0.2694360613822937,0.3739006519317627,0.3485148549079895,0.4811713695526123,0.3769233822822571,0.2864026725292206,0.2763245701789856,0.4116127490997314,0.3026399612426758,0.4492445886135101,0.5109951496124268
0.2692094445228576,0.3737178146839142,0.3484650254249573,0.4806361198425293,0.3764387369155884,0.2861063182353973,0.276175707578659,0.4115833342075348,0.3023268282413482,0.4486461877822876,0.5102471113204956
0.2689828276634216,0.3735349774360657,0.348415195941925,0.480100929737091,0.3759541511535644,0.2858099937438965,0.2760268151760101,0.4115538895130157,0.3020136952400207,0.4480477571487427,0.5094990730285645
0.2687562108039856,0.3733521699905395,0.3483653664588928,0.4795657396316528,0.3754695653915405,0.2855136394500732,0.275877982378006,0.4115244746208191,0.3017005622386932,0.4474493563175201,0.5087509751319885
0.2685295939445495,0.3731693029403686,0.3483155369758606,0.4790305197238922,0.3749849498271942,0.28521728515625,0.2757291197776794,0.4114950001239776,0.3013873994350433,0.4468509554862976,0.5080028772354126
0.2683029770851135,0.3729864954948425,0.3482657074928283,0.4784952998161316,0.3745003342628479,0.2849209606647491,0.2755802571773529,0.4114656150341034,0.3010742664337158,0.4462525844573974,0.5072548389434814
0.2680763304233551,0.372803658246994,0.3482158780097961,0.4779601395130157,0.374015748500824,0.2846246063709259,0.275431364774704,0.4114361405372619,0.3007611036300659,0.4456541836261749,0.5065068006515503
0.267849713563919,0.3726208209991455,0.3481660485267639,0.4774249196052551,0.3735311627388,0.2843282520771026,0.2752825021743774,0.4114066958427429,0.300447940826416,0.4450557827949524,0.5057587027549744
0.267623096704483,0.372437983751297,0.3481162190437317,0.4768897294998169,0.3730465769767761,0.2840319275856018,0.2751336395740509,0.4113773107528686,0.3001348078250885,0.4444573521614074,0.5050106048583984
0.267396479845047,0.3722551465034485,0.3480663597583771,0.4763545095920563,0.3725619614124298,0.2837355732917785,0.2749847769737243,0.4113478362560272,0.299821674823761,0.4438589215278625,0.5042625665664673
0.2671698629856109,0.3720723092556,0.3480165600776672,0.4758192896842956,0.3720773458480835,0.2834392189979553,0.2748358845710754,0.4113184213638305,0.2995085120201111,0.4432605504989624,0.5035145282745361
0.2669432163238525,0.3718894422054291,0.347966730594635,0.4752840995788574,0.3715927600860595,0.2831428945064544,0.2746870517730713,0.4112889766693115,0.2991953790187835,0.4426621198654175,0.5027664303779602
0.2667165994644165,0.3717066347599029,0.3479169011116028,0.4747489094734192,0.3711081445217132,0.2828465402126312,0.2745381891727447,0.4112595617771148,0.298882246017456,0.4420637190341949,0.502018392086029
0.2664899826049804,0.3715237975120544,0.3478670716285705,0.4742137193679809,0.3706235289573669,0.2825502157211303,0.2743892967700958,0.4112300872802734,0.2985690832138061,0.4414653182029724,0.5012702941894531
0.2662633657455444,0.3713409602642059,0.3478172421455383,0.4736784696578979,0.370138943195343,0.2822538614273071,0.2742404043674469,0.4112006723880768,0.2982559502124786,0.4408668875694275,0.500522255897522
0.2660367488861084,0.3711581230163574,0.3477674126625061,0.4731432795524597,0.3696543276309967,0.2819575071334839,0.2740915715694427,0.4111712574958801,0.2979428172111511,0.4402684867382049,0.4997742176055908
0.26581010222435,0.3709752857685089,0.3477175533771515,0.4726080894470215,0.3691697418689728,0.281661182641983,0.2739427089691162,0.4111418128013611,0.2976296544075012,0.4396700859069824,0.4990261197090149
0.2655834853649139,0.3707924485206604,0.3476677536964416,0.4720728993415832,0.3686851561069488,0.2813648283481598,0.2737938165664673,0.411112368106842,0.2973164916038513,0.4390716552734375,0.4982780218124389
0.2653568685054779,0.3706096112728119,0.347617894411087,0.4715376794338226,0.3682005405426025,0.2810684740543365,0.2736449539661407,0.4110829532146454,0.2970033586025238,0.4384733140468597,0.4975299835205078
0.2651302516460418,0.3704267740249634,0.3475680351257324,0.4710025191307068,0.3677159547805786,0.2807721495628357,0.2734961211681366,0.4110535085201263,0.2966902256011963,0.4378749132156372,0.4967819154262543
0.2649036049842834,0.3702439665794372,0.3475182354450226,0.4704672694206238,0.3672313690185547,0.2804757952690124,0.2733472287654876,0.4110240638256073,0.2963770925998688,0.4372764825820923,0.4960338473320007
0.2646769881248474,0.3700611293315887,0.3474684059619903,0.4699321091175079,0.366746723651886,0.2801794409751892,0.2731983363628387,0.4109946489334106,0.2960639297962188,0.4366780817508697,0.4952857792377472
0.2644503712654114,0.3698782920837402,0.3474185466766357,0.4693968892097473,0.366262137889862,0.2798831164836883,0.2730494737625122,0.4109652042388916,0.2957507967948913,0.4360796511173248,0.4945377111434936
0.2642237544059753,0.3696954548358917,0.3473687469959259,0.4688616394996643,0.3657775223255157,0.2795867621898651,0.2729006111621856,0.4109357595443725,0.2954376339912414,0.4354812502861023,0.4937896728515625
0.2639971375465393,0.3695125877857208,0.3473189175128937,0.4683264791965484,0.3652929365634918,0.2792904078960418,0.2727517783641815,0.4109063148498535,0.2951245009899139,0.4348828494548797,0.4930415749549866
0.2637705206871032,0.3693297505378723,0.347269058227539,0.4677912592887878,0.3648083209991455,0.278994083404541,0.2726028859615326,0.4108768999576568,0.294811338186264,0.4342844486236572,0.4922934770584106
0.2635439038276672,0.3691469132900238,0.3472192287445068,0.467256098985672,0.3643237352371216,0.2786977291107178,0.272454023361206,0.4108474552631378,0.2944982051849365,0.4336860179901123,0.4915454387664795
0.2633172571659088,0.3689640760421753,0.3471693992614746,0.4667208790779114,0.3638391196727752,0.2784013748168945,0.2723051309585571,0.4108180403709411,0.2941850423812866,0.4330876171588897,0.4907973706722259
0.2630906403064728,0.3687812685966491,0.3471195697784424,0.4661856293678283,0.3633545339107513,0.2781050503253937,0.272156298160553,0.4107885956764221,0.2938719391822815,0.4324892163276672,0.4900493025779724
0.2628639936447143,0.3685984015464782,0.3470697402954101,0.4656504690647125,0.362869918346405,0.2778086960315704,0.272007405757904,0.4107591807842254,0.2935587763786316,0.4318908154964447,0.4893012642860412
0.2626373767852783,0.3684155941009521,0.3470199108123779,0.4651152491569519,0.3623853325843811,0.2775123417377472,0.2718585431575775,0.410729706287384,0.2932456433773041,0.4312924444675445,0.4885531663894653
0.2624107599258423,0.3682327568531036,0.3469700813293457,0.4645800292491913,0.3619007468223572,0.2772160172462463,0.271709680557251,0.4107003211975097,0.2929324805736542,0.430694043636322,0.4878050684928894
0.2621841430664062,0.3680499196052551,0.3469202518463135,0.4640448689460754,0.3614161014556885,0.2769196629524231,0.2715608477592468,0.4106708467006683,0.2926193475723266,0.4300956130027771,0.4870570302009582
0.2619575262069702,0.3678670823574066,0.3468704223632812,0.4635096490383148,0.3609315156936645,0.2766233086585998,0.2714119255542755,0.4106414318084717,0.2923061847686767,0.4294971823692322,0.4863089919090271
0.2617309093475342,0.3676842451095581,0.346820592880249,0.462974488735199,0.3604469001293182,0.276326984167099,0.271263062953949,0.410612016916275,0.2919930219650268,0.4288987815380096,0.4855608940124511
0.2615042924880981,0.3675014078617096,0.3467707633972168,0.4624392390251159,0.3599623143672943,0.2760306298732757,0.2711142003536224,0.4105825424194336,0.2916799187660217,0.4283003807067871,0.48481285572052
0.2612776756286621,0.3673185706138611,0.3467209339141845,0.4619040489196777,0.3594777286052704,0.2757342755794525,0.2709653377532959,0.4105531275272369,0.2913667559623718,0.4277019500732422,0.4840647578239441
0.2610510289669037,0.3671357035636902,0.3466711044311523,0.4613688588142395,0.3589931130409241,0.2754379510879516,0.2708164751529693,0.4105236530303955,0.2910536229610443,0.427103579044342,0.4833167195320129
0.2608243823051452,0.366952896118164,0.3466212749481201,0.4608336389064789,0.3585085272789001,0.2751415967941284,0.2706676125526428,0.4104942679405212,0.2907404601573944,0.4265051484107971,0.4825686514377594
0.2605977952480316,0.3667700588703155,0.3465714454650879,0.4602984189987182,0.3580239415168762,0.2748452723026275,0.2705187499523163,0.4104647934436798,0.2904273271560669,0.4259067177772522,0.4818205833435058
0.2603711485862732,0.366587221622467,0.3465216159820556,0.4597632586956024,0.3575393259525299,0.2745489180088043,0.2703698277473449,0.4104353785514831,0.290114164352417,0.4253083169460296,0.4810725450515747
0.2601445317268371,0.3664044141769409,0.3464717864990234,0.4592280089855194,0.3570547103881836,0.2742525637149811,0.2702209949493408,0.4104059636592865,0.2898010313510895,0.4247099459171295,0.4803244471549988
0.2599179148674011,0.3662215769290924,0.3464219570159912,0.4586928486824035,0.3565701246261596,0.2739562392234802,0.2700721323490143,0.4103765189647674,0.2894878983497619,0.424111545085907,0.4795764088630676
0.2596912980079651,0.3660387396812439,0.346372127532959,0.4581576287746429,0.3560855388641357,0.273659884929657,0.2699232697486877,0.4103470742702484,0.289174735546112,0.4235131740570068,0.4788283109664917
0.259464681148529,0.3658559024333954,0.3463222980499267,0.4576224088668823,0.355600893497467,0.2733635306358337,0.2697743773460388,0.4103176593780517,0.2888616025447845,0.4229147434234619,0.4780802428722381
0.259238064289093,0.3656730651855469,0.3462724685668945,0.4570872485637665,0.3551163077354431,0.2730672061443329,0.2696255445480346,0.4102882146835327,0.288548469543457,0.422316312789917,0.4773321747779846
0.2590114176273346,0.3654902577400207,0.3462225794792175,0.4565520286560058,0.3546317219734192,0.2727708518505096,0.2694766521453857,0.4102587699890136,0.2882353067398071,0.4217179119586944,0.4765841066837311
0.2587848007678985,0.3653074204921722,0.3461727797985077,0.4560168385505676,0.3541471064090729,0.2724744975566864,0.2693277895450592,0.4102293252944946,0.2879221737384796,0.4211195111274719,0.4758360385894775
0.2585581839084625,0.3651245534420013,0.3461229503154754,0.4554816484451294,0.3536624908447265,0.2721781730651855,0.2691788971424103,0.410199910402298,0.2876090109348297,0.420521080493927,0.4750879406929016
0.2583315372467041,0.3649417161941528,0.3460730910301208,0.4549463987350464,0.3531779050827026,0.2718818187713623,0.2690300643444061,0.4101704657077789,0.2872958779335022,0.4199226796627044,0.4743399024009704
0.258104920387268,0.3647588789463043,0.346023291349411,0.4544112086296081,0.3526933193206787,0.271585464477539,0.2688812017440796,0.4101410210132599,0.2869827151298523,0.4193242788314819,0.4735918641090393
0.257878303527832,0.3645760416984558,0.3459734618663788,0.4538760185241699,0.35220867395401,0.2712891399860382,0.268732339143753,0.4101116061210632,0.2866695821285248,0.418725848197937,0.4728437662124634
0.257651686668396,0.3643932044506073,0.3459236025810241,0.4533407986164093,0.3517240881919861,0.2709927856922149,0.2685834467411041,0.4100821614265442,0.2863564491271972,0.4181274771690368,0.4720956981182098
0.2574250698089599,0.3642103672027588,0.3458738029003143,0.4528056383132934,0.3512395024299621,0.2706964313983917,0.2684345841407776,0.4100527167320251,0.2860433161258697,0.4175290763378143,0.4713476300239563
0.2571984529495239,0.3640275597572326,0.3458239734172821,0.4522704184055328,0.3507548868656158,0.2704001069068908,0.268285721540451,0.4100233018398285,0.2857301533222198,0.4169306755065918,0.4705995917320251
0.2569718062877655,0.3638446927070617,0.3457741141319275,0.451735258102417,0.3502703011035919,0.2701037526130676,0.2681368291378021,0.4099938869476318,0.2854170203208923,0.4163322746753692,0.4698515236377716
0.2567452192306518,0.3636618852615356,0.3457242846488952,0.451200008392334,0.3497856855392456,0.2698073983192444,0.2679879665374756,0.4099644124507904,0.2851038575172424,0.4157338738441467,0.469103455543518
0.2565185725688934,0.3634790480136871,0.345674455165863,0.450664758682251,0.3493010997772217,0.2695110738277435,0.2678391337394714,0.4099350273609161,0.2847906947135925,0.4151354432106018,0.4683553874492645
0.2562919557094574,0.3632962107658386,0.3456246256828308,0.4501295983791351,0.3488164842128753,0.2692147195339203,0.2676902711391449,0.4099055528640747,0.284477561712265,0.4145370423793793,0.4676072895526886
0.2560653388500213,0.3631133735179901,0.3455747961997986,0.4495943784713745,0.348331868648529,0.268918365240097,0.2675413787364959,0.409876137971878,0.2841644287109375,0.4139386415481567,0.4668592512607574
0.2558386921882629,0.3629305362701416,0.3455249667167663,0.4490592181682586,0.3478472828865051,0.2686220407485962,0.267392486333847,0.409846693277359,0.2838512659072876,0.4133402109146118,0.4661111831665039
0.2556120753288269,0.3627476692199707,0.3454751372337341,0.448523998260498,0.3473626971244812,0.2683256864547729,0.2672436237335205,0.4098172485828399,0.2835381329059601,0.4127418100833893,0.4653631150722503
0.2553854584693908,0.3625648319721222,0.3454253077507019,0.4479888081550598,0.3468780815601349,0.2680293321609497,0.2670947909355163,0.4097878336906433,0.2832249999046325,0.4121434092521667,0.4646150469779968
0.2551588416099548,0.3623819947242737,0.3453754782676697,0.4474535882472992,0.3463934659957886,0.2677330076694488,0.2669458985328674,0.4097583591938019,0.2829118371009826,0.4115449786186218,0.4638669788837433
0.2549322247505188,0.3621991872787475,0.3453256487846374,0.4469183683395386,0.3459088802337646,0.2674366533756256,0.2667970359325409,0.4097289741039276,0.2825987040996551,0.4109466075897217,0.4631189107894897
0.2547055780887604,0.362016350030899,0.3452758193016052,0.4463831782341003,0.3454242944717407,0.2671403288841247,0.2666481733322143,0.4096994996070862,0.2822855710983276,0.4103481769561767,0.4623708128929138
0.2544789612293243,0.3618335127830505,0.345225989818573,0.4458479881286621,0.3449397087097168,0.2668439745903015,0.2664993107318878,0.4096700847148895,0.2819724082946777,0.4097498059272766,0.4616227746009826
0.2542523443698883,0.361650675535202,0.3451761603355407,0.4453127980232239,0.3444550633430481,0.2665476202964782,0.2663504183292389,0.4096406698226928,0.2816592454910278,0.4091513752937317,0.4608747363090515
0.2540256977081299,0.3614678382873535,0.3451263308525085,0.4447775781154632,0.3439704775810241,0.2662512958049774,0.2662015557289123,0.4096112251281738,0.2813461124897003,0.4085529446601867,0.4601266384124756
0.2537990808486938,0.361285001039505,0.3450765013694763,0.444242388010025,0.3434858918190002,0.2659549415111542,0.2660526931285858,0.4095817804336548,0.2810329794883728,0.4079545736312866,0.4593786001205444
0.2535724937915802,0.3611021637916565,0.3450266718864441,0.4437071681022644,0.3430012464523315,0.2656585872173309,0.2659038603305816,0.4095523655414581,0.2807198464870453,0.4073561728000641,0.4586305022239685
0.2533458471298218,0.3609193563461303,0.3449768424034118,0.4431719779968261,0.3425166606903076,0.2653622627258301,0.2657549679279327,0.4095229208469391,0.2804066836833954,0.4067577719688415,0.4578824639320373
0.2531192302703857,0.3607364892959595,0.3449270129203796,0.4426367580890655,0.3420320749282837,0.2650659084320068,0.2656061053276062,0.40949347615242,0.2800935506820678,0.4061593413352966,0.4571343660354614
0.2528926134109497,0.3605536818504333,0.3448771834373474,0.4421015977859497,0.3415474593639374,0.2647695541381836,0.2654572129249573,0.4094640612602234,0.2797803878784179,0.4055609405040741,0.4563863277435303
0.2526659965515136,0.3603708148002624,0.3448273241519928,0.4415663480758667,0.3410628736019134,0.2644732296466827,0.2653083503246307,0.4094346165657043,0.2794672548770904,0.4049625396728515,0.4556382298469543
0.2524393796920776,0.3601879775524139,0.3447774946689605,0.4410311579704284,0.3405782580375671,0.2641768753528595,0.2651594877243042,0.4094051718711853,0.2791540920734405,0.404364138841629,0.4548901617527008
0.2522127628326416,0.3600051403045654,0.3447276353836059,0.4404959678649902,0.3400936722755432,0.2638805210590362,0.2650106251239776,0.4093757271766662,0.278840959072113,0.4037657380104065,0.4541421234607696
0.2519860863685608,0.3598223030567169,0.3446778357028961,0.4399607479572296,0.3396090865135193,0.2635841965675354,0.2648617625236511,0.4093463122844696,0.2785277962684631,0.4031673073768616,0.4533940553665161
0.2517594993114471,0.3596394658088684,0.3446280062198639,0.4394255876541137,0.339124470949173,0.2632878422737121,0.2647128701210022,0.4093168675899505,0.278214693069458,0.402568906545639,0.4526459574699402
0.2515328526496887,0.3594566583633423,0.3445781469345093,0.4388903379440307,0.3386398553848266,0.2629914879798889,0.2645640075206756,0.4092874228954315,0.2779015302658081,0.4019705057144165,0.451897919178009
0.2513062357902527,0.3592737913131714,0.3445283472537994,0.4383551478385925,0.3381552696228027,0.262695163488388,0.2644151449203491,0.4092580080032348,0.2775883972644806,0.4013720750808716,0.4511498510837555
0.2510796189308166,0.3590909838676452,0.3444785177707672,0.4378199279308319,0.3376706540584564,0.2623988091945648,0.2642662823200226,0.4092285931110382,0.2772752344608307,0.4007737040519714,0.4504017829895019
0.2508530020713806,0.3589081466197967,0.3444286584854126,0.437284767627716,0.3371860384941101,0.2621024549007416,0.2641173899173736,0.4091991186141968,0.2769621014595032,0.4001753032207489,0.4496537148952484
0.2506263852119446,0.3587253093719482,0.3443788588047027,0.4367495477199554,0.3367014527320862,0.2618061304092407,0.2639685571193695,0.4091697335243225,0.2766489386558532,0.3995769023895263,0.4489056468009949
0.2503997683525085,0.3585425019264221,0.3443289995193481,0.4362143278121948,0.3362168669700622,0.2615097761154175,0.2638196945190429,0.4091402590274811,0.2763357758522033,0.3989784717559814,0.4481575787067413
0.2501731216907501,0.3583596646785736,0.3442791700363159,0.4356791377067566,0.3357322514057159,0.2612134218215942,0.2636708319187164,0.4091108441352844,0.2760226428508758,0.3983800709247589,0.4474095106124878
0.2499465048313141,0.3581767976284027,0.3442293405532837,0.4351439476013183,0.3352476358413696,0.2609170973300934,0.2635219097137451,0.4090813994407654,0.2757095098495483,0.397781640291214,0.4466614723205566
0.249719887971878,0.3579939603805542,0.3441795110702514,0.4346087276935577,0.3347630500793457,0.2606207430362701,0.2633730769157409,0.4090519845485687,0.2753963768482208,0.3971832692623138,0.4459133744239807
0.2494932413101196,0.3578111231327057,0.3441296815872192,0.4340735077857971,0.3342784643173218,0.2603243887424469,0.2632242143154144,0.4090225398540497,0.2750832438468933,0.3965848684310913,0.4451653063297272
0.2492666393518448,0.3576283156871795,0.344079852104187,0.4335383176803589,0.3337938487529754,0.260028064250946,0.2630753517150879,0.4089930653572082,0.2747700810432434,0.3959864377975464,0.4444172382354736
0.2490400224924087,0.357445478439331,0.3440300226211548,0.4330031275749206,0.3333092331886291,0.2597317099571228,0.2629264593124389,0.408963680267334,0.2744569182395935,0.3953880369663238,0.4436691701412201
0.2488133907318115,0.3572626411914825,0.3439801931381225,0.4324679374694824,0.3328246474266052,0.2594353854656219,0.2627776265144348,0.4089342057704925,0.274143785238266,0.3947896361351013,0.4429211020469665
0.2485867738723755,0.357079803943634,0.3439303636550903,0.4319327175617218,0.3323400318622589,0.2591390311717987,0.2626287639141083,0.4089047908782959,0.2738306224346161,0.3941912651062011,0.442173033952713
0.248360127210617,0.3568969666957855,0.3438805341720581,0.4313975274562835,0.331855446100235,0.2588426768779754,0.2624798417091369,0.4088753759860992,0.2735174894332886,0.3935928344726562,0.4414249956607818
0.248133510351181,0.356714129447937,0.3438307046890259,0.4308623075485229,0.331370860338211,0.2585463523864746,0.2623309791088104,0.4088459312915802,0.2732043266296386,0.3929944038391113,0.4406769275665283
0.247906893491745,0.3565312922000885,0.3437808752059936,0.4303271174430847,0.3308862447738647,0.2582499980926513,0.2621821165084839,0.4088164865970611,0.2728912234306335,0.3923960030078888,0.4399288296699524
0.2476802766323089,0.35634845495224,0.3437310457229614,0.4297919273376465,0.3304016590118408,0.2579536437988281,0.2620332837104797,0.4087870717048645,0.2725780606269836,0.3917976021766662,0.4391807913780212
0.2474536597728729,0.3561656475067138,0.3436812162399292,0.4292567074298858,0.3299170136451721,0.2576573193073272,0.2618843913078308,0.4087576270103454,0.2722649276256561,0.3911992013454437,0.4384326934814453
0.2472270429134369,0.3559827804565429,0.343631386756897,0.4287214875221252,0.3294324278831482,0.257360965013504,0.2617355287075043,0.4087281823158264,0.2719517648220062,0.3906008005142212,0.4376846551895141
0.2470003962516784,0.3557999432086944,0.3435815572738647,0.428186297416687,0.3289478421211242,0.2570646107196808,0.2615866363048553,0.4086987376213074,0.2716386318206787,0.3900023996829986,0.4369365870952606
0.2467737793922424,0.3556171059608459,0.3435317277908325,0.4276511073112488,0.3284632265567779,0.2567682862281799,0.2614378035068512,0.4086693525314331,0.2713254690170288,0.3894039988517761,0.4361885190010071
0.2465471625328064,0.3554342687129974,0.3434818983078003,0.4271158874034881,0.327978640794754,0.2564719319343567,0.2612889111042022,0.4086398780345917,0.2710123360157013,0.3888055682182312,0.4354404509067535
0.2463205456733703,0.3552514314651489,0.3434320390224457,0.4265806674957275,0.3274940252304077,0.2561755776405334,0.2611400485038757,0.4086104333400726,0.2706992030143738,0.3882071673870086,0.4346923530101776
0.2460939288139343,0.3550685942173004,0.3433822095394134,0.4260455071926117,0.3270094394683838,0.2558792531490326,0.2609911859035492,0.408581018447876,0.2703860700130462,0.3876087665557861,0.4339443445205688
0.2458672821521759,0.3548857569694519,0.3433323800563812,0.4255102872848511,0.3265248239040375,0.2555828988552093,0.260842353105545,0.4085515737533569,0.2700729072093963,0.3870103657245636,0.4331962466239929
0.2456406652927398,0.3547029495239258,0.343282550573349,0.4249750971794128,0.3260402381420135,0.2552865445613861,0.2606934607028961,0.4085221290588379,0.2697597742080688,0.386411964893341,0.4324481785297394
0.2454140484333038,0.3545201122760772,0.3432326912879944,0.4244398772716522,0.3255556225776672,0.2549902200698852,0.2605445683002472,0.4084927141666412,0.2694466114044189,0.3858135640621185,0.4317001104354858
0.2451874315738678,0.3543372750282287,0.3431828916072845,0.423904687166214,0.3250710368156433,0.254693865776062,0.2603957056999206,0.4084632992744446,0.2691334784030914,0.385215163230896,0.4309520423412323
0.2449607998132705,0.3541544377803802,0.3431330621242523,0.4233694970607757,0.324586421251297,0.2543975114822387,0.2602468729019165,0.4084338247776031,0.2688203155994415,0.3846167325973511,0.4302039742469787
0.2447341978549957,0.3539716005325317,0.3430832028388977,0.4228342771530151,0.324101835489273,0.2541011869907379,0.2600979804992676,0.4084044098854065,0.268507182598114,0.3840183317661285,0.4294559061527252
0.2445075511932373,0.3537887632846832,0.3430334031581878,0.4222990870475769,0.3236172199249267,0.2538048326969147,0.259949117898941,0.4083749651908874,0.2681940197944641,0.383419930934906,0.428707867860794
0.2442809343338012,0.3536058962345123,0.3429835736751556,0.4217638969421386,0.3231326341629028,0.2535084784030914,0.2598002552986145,0.4083455502986908,0.2678808867931366,0.3828215301036834,0.4279597997665405
0.2440543174743652,0.3534230589866638,0.342933714389801,0.421228677034378,0.3226480185985565,0.2532121539115906,0.2596513926982879,0.4083161056041717,0.2675677537918091,0.3822231292724609,0.4272117018699646
0.2438276708126068,0.3532402217388153,0.3428838849067688,0.4206934571266174,0.3221634328365326,0.2529157996177673,0.259502500295639,0.4082866907119751,0.2672546207904815,0.381624698638916,0.4264636635780334
0.2436010688543319,0.3530574142932892,0.3428340554237366,0.4201582670211792,0.3216788172721863,0.2526194453239441,0.2593536376953125,0.408257246017456,0.2669414579868316,0.3810262978076935,0.4257155656814575
0.2433744370937347,0.3528745770454407,0.3427842259407043,0.4196230769157409,0.3211942315101623,0.2523231208324432,0.2592047750949859,0.4082277715206146,0.2666282951831817,0.3804279267787933,0.4249675273895263
0.2431478202342987,0.3526917397975921,0.3427343964576721,0.4190878868103027,0.320709615945816,0.25202676653862,0.259055882692337,0.4081983864307403,0.2663151621818542,0.3798294961452484,0.4242194294929504
0.2429212033748626,0.3525089025497436,0.3426845669746399,0.4185526669025421,0.3202250003814697,0.2517304420471191,0.2589070498943329,0.4081689119338989,0.2660019993782043,0.3792310953140259,0.4234713912010193
0.2426945865154266,0.3523260653018951,0.3426347374916076,0.4180174469947815,0.3197404146194458,0.2514340877532959,0.2587581872940063,0.4081394970417022,0.2656888663768768,0.3786326646804809,0.4227233231067657
0.2424679398536682,0.3521432280540466,0.3425849080085754,0.4174822568893432,0.3192557990550995,0.2511377334594726,0.2586092948913574,0.4081100821495056,0.2653757333755493,0.3780342638492584,0.4219752252101898
0.2422413229942321,0.3519603908061981,0.3425350785255432,0.416947066783905,0.3187712132930755,0.2508414089679718,0.2584604024887085,0.4080806374549866,0.2650626003742218,0.3774358630180359,0.421227216720581
0.2420147061347961,0.3517775535583496,0.342485249042511,0.4164118766784668,0.3182866275310516,0.2505450546741485,0.2583115696907043,0.4080511927604675,0.2647494375705719,0.3768374919891357,0.4204791188240051
0.2417880743741989,0.3515947461128235,0.3424354195594787,0.4158766269683838,0.3178020119667053,0.2502487003803253,0.2581627070903778,0.4080217778682709,0.2644363045692444,0.3762390613555908,0.4197310209274292
0.2415614575147628,0.351411908864975,0.3423855900764465,0.4153414368629455,0.317317396402359,0.2499523609876632,0.2580138444900512,0.4079923331737518,0.2641231417655945,0.3756406307220459,0.418982982635498
0.2413348257541656,0.3512290418148041,0.3423357605934143,0.4148062467575073,0.3168328106403351,0.2496560215950012,0.2578649520874023,0.4079628884792328,0.2638100087642669,0.3750422596931457,0.4182349145412445
0.2411082088947296,0.3510462045669555,0.3422859311103821,0.4142710566520691,0.3163481950759887,0.2493596822023391,0.2577161192893982,0.4079334437847137,0.263496845960617,0.3744438290596008,0.4174868464469909
0.2408815920352935,0.350863367319107,0.3422361016273498,0.4137358665466308,0.3158636093139648,0.2490633279085159,0.2575672268867492,0.4079040586948395,0.2631837129592895,0.3738454282283783,0.4167387783527374
0.2406549453735351,0.3506805598735809,0.3421862721443176,0.4132006168365478,0.3153790235519409,0.2487669885158538,0.2574183642864227,0.407874584197998,0.2628705501556396,0.3732469975948334,0.4159907102584839
0.2404283285140991,0.3504977226257324,0.3421364426612854,0.4126654267311096,0.3148943781852722,0.2484706491231918,0.2572694718837738,0.407845139503479,0.2625574469566345,0.3726486265659332,0.4152426719665527
0.240201711654663,0.3503148853778839,0.3420866131782532,0.4121302366256714,0.3144097924232483,0.2481742948293686,0.2571206390857696,0.4078157246112823,0.2622442841529846,0.3720502257347107,0.4144945740699768
0.239975094795227,0.3501320779323578,0.3420367836952209,0.4115950167179107,0.313925176858902,0.2478779554367065,0.2569717764854431,0.4077862799167633,0.2619311511516571,0.3714517951011657,0.4137465357780456
0.2397484630346298,0.3499492406845093,0.3419869244098663,0.4110598266124725,0.313440591096878,0.2475816160440445,0.2568228840827942,0.4077568352222442,0.2616179883480072,0.3708533942699432,0.4129984378814697
0.2395218610763549,0.3497664034366607,0.3419370949268341,0.4105246365070343,0.3129560053348541,0.2472852617502212,0.2566740214824676,0.4077274203300476,0.2613048553466797,0.3702549934387207,0.4122503697872162
0.2392952144145965,0.3495835661888122,0.3418872952461242,0.4099894165992737,0.3124713897705078,0.2469889223575592,0.2565251290798187,0.4076980054378509,0.2609916925430298,0.3696565628051758,0.411502331495285
0.2390685975551605,0.3494007289409637,0.3418374359607696,0.4094542264938354,0.3119867742061615,0.2466925829648971,0.2563762962818146,0.4076685309410095,0.2606785595417022,0.3690581917762756,0.4107542634010315
0.2388419806957245,0.3492178916931152,0.3417876064777374,0.4089190065860748,0.3115022182464599,0.2463962435722351,0.2562274038791656,0.4076391458511352,0.2603653967380523,0.3684597611427307,0.4100061953067779
0.2386153638362884,0.3490350246429443,0.3417377769947052,0.408383846282959,0.3110175728797912,0.2460998892784118,0.2560785412788391,0.4076096713542938,0.2600522637367248,0.3678613603115082,0.4092581272125244
0.23838871717453,0.3488521873950958,0.3416879773139953,0.4078486263751983,0.3105329871177673,0.2458035498857498,0.2559296488761902,0.4075802564620971,0.2597391307353973,0.3672629594802856,0.4085100591182709
0.2381621152162552,0.3486693501472473,0.3416381180286407,0.4073134064674377,0.3100484013557434,0.2455072104930877,0.255780816078186,0.4075508117675781,0.2594259977340698,0.3666645586490631,0.4077619612216949
0.2379354834556579,0.3484865427017212,0.3415882885456085,0.4067782163619995,0.3095637857913971,0.2452108561992645,0.2556319534778595,0.4075213968753814,0.2591128349304199,0.3660661280155182,0.4070138931274414
0.2377088665962219,0.3483037054538727,0.3415384888648987,0.4062429964542389,0.3090791702270508,0.2449145168066024,0.2554830908775329,0.4074919521808624,0.2587997019290924,0.365467756986618,0.4062658548355102
0.2374822497367859,0.3481208682060241,0.341488629579544,0.4057078063488006,0.3085945844650268,0.2446181774139404,0.255334198474884,0.4074625074863434,0.2584865391254425,0.3648693561553955,0.4055177867412567
0.2689806818962097,0.24710214138031,0.2825112044811249,0.3133695423603058,0.2887383699417114,0.1156912371516227,0.3985843956470489,0.4638141095638275,0.1995765119791031,0.3560563921928406,0.1514509320259094
0.2690124809741974,0.2473185956478119,0.2823657393455505,0.3143850862979889,0.2893542647361755,0.1158452704548835,0.3987357020378113,0.4640827476978302,0.1998422294855117,0.3566190004348755,0.1517151892185211
0.269044280052185,0.2475350648164749,0.2822202444076538,0.315400630235672,0.2899701595306396,0.1159992963075637,0.398887038230896,0.4643514156341553,0.2001079320907592,0.3571815490722656,0.1519794166088104
0.2690761089324951,0.2477515339851379,0.2820747494697571,0.3164162039756775,0.2905860245227813,0.1161533296108245,0.3990383744239807,0.4646200835704803,0.2003736495971679,0.3577440977096557,0.1522436439990997
0.2691079378128052,0.2479680031538009,0.2819292843341827,0.3174317479133606,0.2912018895149231,0.1163073554635047,0.3991897106170654,0.4648887515068054,0.2006393671035766,0.3583066761493683,0.152507871389389
0.2691397666931152,0.248184472322464,0.2817838191986084,0.3184473216533661,0.2918177843093872,0.116461381316185,0.3993410468101501,0.4651573896408081,0.2009050697088241,0.3588692545890808,0.1527721136808395
0.2691715359687805,0.2484008967876434,0.2816383242607116,0.3194628953933716,0.2924336791038513,0.1166154146194458,0.3994923532009125,0.4654260575771332,0.2011707872152328,0.3594318032264709,0.1530363410711288
0.2692033648490906,0.2486173659563064,0.2814928293228149,0.3204784393310547,0.2930495738983154,0.116769440472126,0.3996437191963196,0.4656947255134582,0.2014365047216415,0.3599943518638611,0.1533005684614181
0.2692351937294006,0.2488338351249694,0.2813473641872406,0.3214940130710602,0.2936654686927795,0.1169234663248062,0.3997950553894043,0.4659633934497833,0.201702207326889,0.3605569303035736,0.1535648107528686
0.2692669928073883,0.2490503042936325,0.2812018692493438,0.3225095570087433,0.2942813038825989,0.117077499628067,0.3999463617801666,0.4662320613861084,0.2019679099321365,0.3611195087432861,0.1538290381431579
0.2692988216876983,0.2492667734622955,0.2810563743114471,0.3235251307487488,0.2948972284793854,0.1172315254807472,0.4000976979732513,0.4665006995201111,0.2022336274385452,0.3616820573806762,0.1540932655334472
0.2693306505680084,0.2494832277297973,0.2809109091758728,0.3245406746864319,0.2955130934715271,0.117385558784008,0.400249034166336,0.4667693972587585,0.2024993449449539,0.3622446656227112,0.1543574929237365
0.2693624496459961,0.2496996968984604,0.2807654142379761,0.3255562782287597,0.2961289882659912,0.1175395846366882,0.4004003703594208,0.4670380353927612,0.2027650475502014,0.3628072142601013,0.1546217501163482
0.2693942785263061,0.2499161660671234,0.2806199193000793,0.3265718221664428,0.2967448830604553,0.1176936104893684,0.4005517065525055,0.4673067033290863,0.2030307799577713,0.3633697628974914,0.1548859775066375
0.2694261074066162,0.2501326203346252,0.280474454164505,0.327587366104126,0.297360748052597,0.1178476437926292,0.4007030725479126,0.4675753712654114,0.2032964825630188,0.363932341337204,0.1551502048969268
0.2694578766822815,0.2503491044044494,0.2803289890289306,0.3286029398441314,0.2979766428470611,0.1180016696453094,0.4008543789386749,0.4678440392017364,0.2035621851682663,0.3644948899745941,0.1554144471883773
0.2694897055625915,0.2505655288696289,0.2801834940910339,0.3296184837818146,0.2985925078392029,0.1181557029485702,0.4010056853294372,0.4681126773357391,0.203827902674675,0.3650574684143066,0.1556786745786667
0.2695215344429016,0.2507819831371307,0.2800379991531372,0.3306340873241424,0.299208402633667,0.1183097288012504,0.401157021522522,0.4683813452720642,0.2040936052799224,0.3656200468540191,0.155942901968956
0.2695533335208893,0.2509984672069549,0.2798925042152405,0.3316496312618255,0.2998242974281311,0.1184637546539306,0.4013083875179291,0.4686500132083893,0.2043593376874923,0.3661825954914093,0.1562071442604065
0.2695851624011993,0.2512149214744568,0.2797470688819885,0.332665205001831,0.3004401922225952,0.1186177879571914,0.4014597237110138,0.4689186811447143,0.2046250402927398,0.3667451739311218,0.1564713716506958
0.2696169912815094,0.251431405544281,0.2796015441417694,0.3336807489395141,0.3010560572147369,0.1187718138098716,0.4016110301017761,0.4691873490810394,0.2048907577991485,0.3673077225685119,0.1567355990409851
0.269648790359497,0.2516478598117828,0.279456079006195,0.3346962928771972,0.301671952009201,0.1189258396625518,0.4017623662948608,0.4694560170173645,0.2051564455032348,0.3678703010082245,0.1569998413324356
0.2696806192398071,0.2518643140792846,0.2793105840682983,0.3357118964195251,0.3022878170013428,0.1190798729658126,0.4019137024879455,0.4697246849536896,0.2054221630096435,0.368432879447937,0.1572640836238861
0.2697124481201172,0.2520807981491089,0.2791650891304016,0.3367274403572082,0.3029037117958069,0.1192338988184928,0.4020650386810303,0.4699933230876922,0.2056878805160522,0.3689954280853271,0.1575283110141754
0.2697442173957824,0.2522972524166107,0.2790196239948272,0.3377429842948913,0.303519606590271,0.1193879321217536,0.4022164046764374,0.4702619910240173,0.2059535980224609,0.3695579767227173,0.1577925384044647
0.2697760462760925,0.2525137066841125,0.2788741588592529,0.3387585580348968,0.3041354715824127,0.1195419579744339,0.4023677408695221,0.4705306589603424,0.2062193006277084,0.3701205551624298,0.1580567806959152
0.2698078751564026,0.2527301609516144,0.2787286639213562,0.3397741317749023,0.3047513663768768,0.1196959838271141,0.4025190472602844,0.4707993268966675,0.2064850032329559,0.3706831336021423,0.1583210080862045
0.2698396742343902,0.2529466152191162,0.2785831689834595,0.3407896757125854,0.3053672909736633,0.1198500171303749,0.4026703536510467,0.4710679650306701,0.2067507356405258,0.3712456822395324,0.1585852354764938
0.2698715329170227,0.2531630992889404,0.2784376740455627,0.3418052196502685,0.305983155965805,0.1200040429830551,0.4028217196464538,0.4713366329669952,0.2070164382457733,0.3718082904815674,0.1588494777679443
0.2699033319950104,0.2533795535564422,0.2782922387123108,0.3428208231925964,0.3065990209579468,0.1201580762863159,0.4029730558395386,0.4716053009033203,0.207282155752182,0.3723708391189575,0.1591137051582336
0.269935131072998,0.2535960376262665,0.278146743774414,0.3438363671302795,0.3072149157524109,0.1203121021389961,0.4031243920326233,0.4718739688396454,0.2075478434562683,0.3729333877563476,0.1593779325485229
0.2699669599533081,0.2538124918937683,0.2780012488365173,0.344851940870285,0.307830810546875,0.1204661279916763,0.403275728225708,0.4721426367759704,0.207813560962677,0.3734959363937378,0.1596421748399734
0.2699987888336181,0.2540289759635925,0.2778557538986206,0.3458675146102905,0.3084467053413391,0.1206201612949371,0.4034270644187927,0.4724113047122955,0.2080792784690857,0.3740585446357727,0.1599064171314239
0.2700305581092834,0.2542454302310943,0.2777102589607239,0.3468830585479736,0.3090625703334808,0.1207741871476173,0.403578370809555,0.4726799726486206,0.2083449959754943,0.3746210932731628,0.1601706445217132
0.2700624167919159,0.2544619143009186,0.2775647938251495,0.3478986024856567,0.3096784651279449,0.1209282130002975,0.4037297070026397,0.4729486107826233,0.208610713481903,0.375183641910553,0.1604348719120025
0.2700942158699035,0.2546783685684204,0.2774192988872528,0.3489142060279846,0.310294359922409,0.1210822463035583,0.4038810729980469,0.4732172787189483,0.2088764160871505,0.3757462203502655,0.160699114203453
0.2701260149478912,0.2548947930335998,0.2772738337516784,0.3499297499656677,0.3109102249145508,0.1212362721562385,0.4040323793888092,0.4734859466552734,0.209142118692398,0.376308798789978,0.1609633415937423
0.2701578736305237,0.2551112771034241,0.2771283388137817,0.3509452939033508,0.3115261197090149,0.1213903054594993,0.4041837155818939,0.4737546145915985,0.2094078361988067,0.3768713772296905,0.1612275838851928
0.2701896727085113,0.2553277313709259,0.276982843875885,0.3519608676433563,0.3121419847011566,0.1215443313121795,0.404335081577301,0.4740232527256012,0.2096735537052154,0.3774339258670807,0.1614918112754821
0.270221471786499,0.2555442154407501,0.276837408542633,0.3529764115810394,0.3127578794956207,0.1216983571648597,0.4044863879680633,0.4742919504642486,0.2099392712116241,0.3779964745044708,0.1617560386657714
0.2702533006668091,0.2557606697082519,0.2766919136047363,0.3539920151233673,0.3133737742900848,0.1218523904681205,0.404637724161148,0.4745605885982513,0.2102049738168716,0.3785590529441833,0.1620202660560608
0.2702851295471191,0.2559771239757538,0.2765464186668396,0.3550075590610504,0.3139896392822265,0.1220064163208007,0.4047890305519104,0.4748292565345764,0.2104706764221191,0.3791216015815735,0.1622845083475113
0.2703168988227844,0.256193608045578,0.2764009237289428,0.3560231328010559,0.3146055340766907,0.1221604496240615,0.4049403965473175,0.4750978946685791,0.2107363939285278,0.3796842098236084,0.1625487506389618
0.2703487575054168,0.2564100623130798,0.2762554287910461,0.357038676738739,0.3152214288711548,0.1223144754767417,0.4050917327404022,0.4753665924072265,0.2110021114349365,0.3802467584609985,0.1628129780292511
0.2703805565834045,0.2566265165805816,0.2761099636554718,0.3580542206764221,0.3158373236656189,0.122468501329422,0.4052430689334869,0.4756352603435516,0.211267814040184,0.380809336900711,0.1630772054195404
0.2704123556613922,0.2568430006504059,0.2759644687175751,0.3590697944164276,0.316453218460083,0.1226225346326828,0.4053944051265716,0.4759038984775543,0.2115335315465927,0.3813718855381012,0.1633414328098297
0.2704442143440246,0.2570594251155853,0.2758190035820007,0.3600853681564331,0.3170690536499023,0.122776560485363,0.405545711517334,0.4761725664138794,0.2117992490530014,0.3819344639778137,0.1636056751012802
0.2704760134220123,0.2572759091854095,0.275673508644104,0.3611009120941162,0.3176849484443664,0.1229305937886238,0.4056970477104187,0.4764412343502044,0.2120649516582489,0.3824970424175262,0.1638699024915695
0.2705078125,0.2574923634529114,0.2755280137062073,0.3621164858341217,0.3183008432388305,0.123084619641304,0.4058483839035034,0.4767099022865295,0.2123306691646576,0.3830596208572387,0.16413414478302
0.27053964138031,0.2577088475227356,0.2753825783729553,0.3631320297718048,0.3189167380332947,0.1232386454939842,0.4059997498989105,0.4769785404205322,0.2125963717699051,0.3836221694946289,0.1643983721733093
0.2705714702606201,0.2579253017902374,0.2752370834350586,0.3641476035118103,0.3195326328277588,0.123392678797245,0.4061510562896728,0.4772472381591797,0.2128621041774749,0.384184718132019,0.1646626144647598
0.2706032693386078,0.2581417560577392,0.2750915884971618,0.3651631474494934,0.3201484978199005,0.1235467046499252,0.4063023626804352,0.4775158762931824,0.2131278067827224,0.3847473263740539,0.1649268418550491
0.2706350982189178,0.2583582401275635,0.2749460935592651,0.3661787509918213,0.3207643628120422,0.1237007305026054,0.4064537286758423,0.477784514427185,0.2133935242891311,0.3853098750114441,0.1651910841464996
0.2706668972969055,0.2585746943950653,0.2748005986213684,0.3671942949295044,0.3213802874088287,0.1238547638058662,0.406605064868927,0.4780531823635101,0.2136592268943786,0.3858724236488342,0.1654553115367889
0.2706987261772156,0.2587911486625671,0.274655133485794,0.3682098388671875,0.3219961524009704,0.1240087896585464,0.4067564010620117,0.4783218502998352,0.2139249294996261,0.3864349722862243,0.1657195389270782
0.2707305550575256,0.2590076327323913,0.2745096385478973,0.3692254424095154,0.3226120471954345,0.1241628229618072,0.4069077372550964,0.4785905182361603,0.2141906470060348,0.3869975507259369,0.1659837663173675
0.2707623541355133,0.2592240571975708,0.274364173412323,0.3702409863471985,0.3232279419898987,0.1243168488144874,0.4070590734481811,0.4788591563701629,0.2144563645124435,0.3875601291656494,0.166248008608818
0.270794153213501,0.259440541267395,0.2742186784744262,0.3712565302848816,0.3238438069820404,0.1244708746671676,0.4072103798389435,0.479127824306488,0.2147220820188522,0.3881226778030395,0.1665122509002685
0.270825982093811,0.2596569955348968,0.2740731835365295,0.3722721040248871,0.3244597017765045,0.1246249079704284,0.4073617160320282,0.4793964922428131,0.2149877846240997,0.3886852860450744,0.1667764782905578
0.2708578109741211,0.2598734498023987,0.2739277184009552,0.3732876777648926,0.3250755965709686,0.1247789338231086,0.4075130820274353,0.4796651601791382,0.2152535021305084,0.3892478346824646,0.1670407056808471
0.2708896100521087,0.2600899338722229,0.2737822532653808,0.3743032217025757,0.3256914615631103,0.1249329671263694,0.4076643884181976,0.4799337983131408,0.2155192047357559,0.3898103833198547,0.1673049479722976
0.2709214389324188,0.2603063881397247,0.2736367583274841,0.3753187656402588,0.3263073563575744,0.1250869929790496,0.4078157246112823,0.4802024960517883,0.2157849222421646,0.3903729319572449,0.1675691753625869
0.2709532380104065,0.2605228722095489,0.2734912633895874,0.3763343691825866,0.3269232213497162,0.1252410262823104,0.407967060804367,0.480471134185791,0.2160506397485733,0.3909355401992798,0.1678334176540374
0.2709850668907165,0.2607393264770508,0.2733457684516907,0.3773499131202698,0.3275391161441803,0.1253950446844101,0.4081183969974518,0.4807398021221161,0.2163163423538208,0.3914980888366699,0.1680976450443267
0.2710168957710266,0.2609557807445526,0.2732003033161163,0.3783654868602752,0.3281550109386444,0.1255490779876709,0.4082697331905365,0.4810084402561188,0.2165820598602295,0.3920606970787048,0.1683618724346161
0.2710486948490143,0.2611722648143768,0.2730548083782196,0.3793810307979584,0.3287708759307861,0.1257031112909317,0.4084210395812988,0.4812771379947662,0.2168477773666381,0.3926232159137726,0.1686260998249054
0.2710804939270019,0.2613886892795563,0.2729093432426452,0.3803966045379638,0.3293868005275726,0.1258571296930313,0.4085724055767059,0.4815458059310913,0.2171134799718856,0.3931857943534851,0.1688903421163559
0.271112322807312,0.2616051733493805,0.2727638483047485,0.3814121782779693,0.3300026655197143,0.1260111629962921,0.4087237417697906,0.481814444065094,0.2173791825771331,0.3937483429908752,0.1691545844078064
0.271144151687622,0.2618216276168823,0.2726183533668518,0.3824277222156524,0.3306185603141784,0.1261651962995529,0.408875048160553,0.4820831418037414,0.2176449000835418,0.3943109512329101,0.1694188117980957
0.2711759507656097,0.2620380818843841,0.2724728882312774,0.3834432959556579,0.3312344253063202,0.1263192147016525,0.4090264141559601,0.4823517799377441,0.2179106175899505,0.3948734998703003,0.1696830540895462
0.2712077796459198,0.2622545659542084,0.2723274230957031,0.384458839893341,0.3318502902984619,0.1264732480049133,0.4091777503490448,0.4826204478740692,0.2181763350963592,0.3954360485076904,0.1699472814798355
0.2712395787239074,0.2624710202217102,0.2721819281578064,0.3854744136333465,0.3324662148952484,0.1266272813081741,0.4093290567398071,0.4828890860080719,0.2184420526027679,0.3959985971450805,0.1702115088701248
0.2712714076042175,0.2626875042915344,0.2720364332199096,0.386489987373352,0.3330820798873901,0.1267813146114349,0.4094803929328918,0.483157753944397,0.2187077403068542,0.3965612053871155,0.1704757511615753
0.2713032364845276,0.2629039585590362,0.2718909382820129,0.3875055313110351,0.3336979746818542,0.1269353330135345,0.4096317589282989,0.483426421880722,0.2189734578132629,0.3971237540245056,0.1707399785518646
0.2713350355625152,0.2631204128265381,0.2717454731464386,0.3885210752487182,0.3343138694763183,0.1270893663167953,0.4097830653190613,0.4836950898170471,0.2192391753196716,0.3976863026618957,0.1710042059421539
0.2713668346405029,0.2633368968963623,0.2715999782085418,0.3895366787910461,0.3349297642707824,0.1272433996200561,0.409934401512146,0.4839637279510498,0.2195048928260803,0.3982488512992859,0.1712684482336044
0.271398663520813,0.2635533213615417,0.2714545130729675,0.3905522227287292,0.3355456292629242,0.1273974180221557,0.4100857377052307,0.4842324256896972,0.2197705805301666,0.3988114595413208,0.1715326905250549
0.271430492401123,0.2637698054313659,0.2713090181350708,0.3915677666664123,0.3361614942550659,0.1275514513254165,0.4102370738983154,0.4845010936260223,0.2200362980365753,0.3993740081787109,0.1717969179153442
0.2714622914791107,0.2639862596988678,0.2711635231971741,0.3925833404064178,0.33677738904953,0.1277054846286773,0.4103884100914001,0.484769731760025,0.220302015542984,0.3999365866184234,0.1720611453056335
0.2714941203594208,0.2642027139663696,0.2710180580615997,0.3935989141464233,0.3373932838439941,0.1278595030307769,0.4105397462844848,0.4850384294986725,0.2205677330493927,0.400499165058136,0.172325387597084
0.2715259492397308,0.2644191980361938,0.2708725929260254,0.3946144580841064,0.3380091786384582,0.1280135363340377,0.4106910824775696,0.4853070676326751,0.2208334505558014,0.4010617434978485,0.1725896149873733
0.2715577483177185,0.2646356523036957,0.2707270979881286,0.3956300616264343,0.3386250436306,0.1281675696372985,0.4108423888683319,0.4855757355690002,0.2210991531610489,0.4016242623329162,0.1728538423776626
0.2715895771980285,0.2648521363735199,0.2705816030502319,0.3966456055641174,0.3392409384250641,0.1283215880393982,0.4109937250614166,0.4858443737030029,0.2213648557662964,0.4021868407726288,0.1731180846691131
0.2716213762760162,0.2650685906410217,0.2704361081123352,0.3976611495018005,0.3398568332195282,0.128475621342659,0.4111450910568237,0.4861130714416504,0.221630573272705,0.4027494192123413,0.1733823120594024
0.2716531753540039,0.2652850449085235,0.2702906429767608,0.3986766934394836,0.3404726982116699,0.1286296546459198,0.4112964272499084,0.4863817095756531,0.2218962907791137,0.4033119976520538,0.1736465394496917
0.2716850042343139,0.2655015289783478,0.2701451480388641,0.3996922969818115,0.341088593006134,0.1287836879491806,0.4114477336406708,0.4866503775119781,0.2221619933843612,0.4038745760917663,0.1739107966423034
0.271716833114624,0.2657179534435272,0.2699996829032898,0.4007078409194946,0.3417044579982757,0.1289377063512802,0.4115990698337555,0.4869190454483032,0.2224277108907699,0.4044370949268341,0.1741750240325927
0.2717486321926117,0.2659344375133514,0.269854187965393,0.4017234146595001,0.3423203527927398,0.129091739654541,0.4117504060268402,0.4871877133846283,0.2226934283971786,0.4049996733665466,0.174439251422882
0.2717804610729217,0.2661508917808532,0.2697086930274963,0.4027389883995056,0.342936247587204,0.1292457729578018,0.4119017422199249,0.487456351518631,0.2229591310024261,0.4055622518062591,0.1747034937143325
0.2718122601509094,0.2663673460483551,0.269563227891922,0.4037545323371887,0.3435521423816681,0.1293997913599014,0.4120530784130096,0.487725019454956,0.2232248485088348,0.4061248302459717,0.1749677211046219
0.2718440890312195,0.2665838301181793,0.2694177627563476,0.4047700762748718,0.3441680073738098,0.1295538246631622,0.4122044146060943,0.4879937171936035,0.2234905511140823,0.4066873788833618,0.1752319484949112
0.2718759179115295,0.2668002843856811,0.2692722678184509,0.4057856202125549,0.3447839021682739,0.129707857966423,0.4123557507991791,0.4882623553276062,0.223756268620491,0.4072499275207519,0.1754961907863617
0.2719077169895172,0.2670167684555053,0.2691267728805542,0.4068012237548828,0.345399796962738,0.1298618763685226,0.4125070571899414,0.4885310232639313,0.2240219712257385,0.4078125059604645,0.175760418176651
0.2719395160675049,0.2672332227230072,0.2689812779426574,0.4078167676925659,0.3460156917572021,0.1300159096717834,0.4126584231853485,0.4887996613979339,0.2242876887321472,0.408375084400177,0.1760246455669403
0.2719713449478149,0.267449676990509,0.2688358128070831,0.408832311630249,0.3466315567493438,0.1301699429750442,0.4128097593784332,0.4890683591365814,0.2245534062385559,0.4089376330375671,0.1762888878583908
0.272003173828125,0.2676661610603332,0.2686903178691864,0.4098478853702545,0.3472474217414856,0.1303239613771438,0.4129610657691955,0.4893369972705841,0.2248191088438034,0.409500241279602,0.1765531152486801
0.2720349729061126,0.2678826153278351,0.268544852733612,0.41086345911026,0.3478633165359497,0.1304779946804046,0.4131124019622803,0.4896056652069092,0.2250848263502121,0.4100627899169922,0.1768173575401306
0.2720668017864227,0.2680990695953369,0.2683993577957153,0.4118790030479431,0.3484792113304138,0.1306320279836654,0.4132637679576874,0.4898743033409118,0.2253505438566208,0.4106253385543823,0.1770815849304199
0.2720986008644104,0.2683155238628387,0.2682538628578186,0.412894606590271,0.3490951061248779,0.1307860612869262,0.4134150743484497,0.4901430010795593,0.2256162464618683,0.4111879169940948,0.1773458123207092
0.2721304297447204,0.2685319781303406,0.2681083977222442,0.4139101505279541,0.349711000919342,0.1309400796890258,0.4135664105415344,0.490411639213562,0.2258819490671157,0.4117504954338074,0.1776100546121597
0.2721622586250305,0.2687484622001648,0.2679629325866699,0.4149256944656372,0.3503268361091614,0.1310941129922866,0.4137177467346191,0.4906803071498871,0.2261476665735244,0.4123130440711975,0.177874282002449
0.2721940577030182,0.268964946269989,0.2678174376487732,0.4159412384033203,0.3509427607059479,0.1312481462955474,0.4138690829277038,0.4909490048885345,0.2264133840799331,0.41287562251091,0.1781385242938995
0.2722258567810058,0.2691813707351684,0.2676719427108764,0.4169567823410034,0.3515586256980896,0.1314021646976471,0.4140204191207886,0.4912176430225372,0.2266791015863418,0.4134381711483001,0.1784027516841888
0.2722576856613159,0.2693978548049927,0.2675264477729797,0.4179723560810089,0.3521745204925537,0.1315561980009079,0.4141717553138733,0.4914863109588623,0.2269448190927505,0.4140007793903351,0.1786669790744781
0.272289514541626,0.2696143388748169,0.2673809826374054,0.4189879596233368,0.3527904152870178,0.1317102313041687,0.414323091506958,0.491754949092865,0.227210521697998,0.4145632982254028,0.1789312213659286
0.2723213136196136,0.2698307931423187,0.2672354876995086,0.4200035035610199,0.3534063100814819,0.1318642497062683,0.4144743978977203,0.4920236468315124,0.2274762243032455,0.4151259064674377,0.1791954487562179
0.2723531424999237,0.2700472474098205,0.2670899927616119,0.4210190773010254,0.354022204875946,0.1320182830095291,0.414625734090805,0.4922922849655151,0.2277419418096542,0.4156884551048279,0.1794596910476684
0.2723849415779114,0.2702637016773224,0.2669445276260376,0.4220346212387085,0.3546380698680877,0.1321723163127899,0.4147771000862121,0.4925609529018402,0.2280076593160629,0.416251003742218,0.1797239184379577
0.2724167704582214,0.2704801559448242,0.2667990326881408,0.4230501651763916,0.3552539348602295,0.1323263347148895,0.4149284362792969,0.4928296208381653,0.2282733619213104,0.4168135523796081,0.1799881607294082
0.2724485993385315,0.2706966400146484,0.2666535377502441,0.4240657687187195,0.3558698296546936,0.1324803680181503,0.4150797724723816,0.4930982887744903,0.2285390794277191,0.4173761308193207,0.1802523881196975
0.2724803984165191,0.2709130942821502,0.2665080726146698,0.4250813126564026,0.3564857244491577,0.1326344013214111,0.4152310490608215,0.493366926908493,0.2288047969341278,0.4179387092590332,0.180516630411148
0.2725121974945068,0.2711295485496521,0.2663626074790954,0.4260968565940857,0.3571015894412994,0.1327884346246719,0.4153824150562286,0.4936355948448181,0.2290705144405365,0.4185012876987457,0.1807808578014373
0.2725440263748169,0.2713460326194763,0.2662171125411987,0.4271124303340912,0.3577174842357635,0.1329424530267715,0.4155337512493133,0.4939042925834656,0.229336217045784,0.4190638363361358,0.1810450851917266
0.2725758552551269,0.2715624868869781,0.266071617603302,0.4281280040740967,0.3583333492279053,0.1330964863300323,0.415685087442398,0.4941729307174682,0.2296019196510315,0.4196264147758484,0.1813093274831771
0.2726076543331146,0.2717789709568023,0.2659261524677276,0.4291435778141022,0.3589492440223694,0.1332505196332931,0.4158364534378052,0.4944415986537933,0.2298676371574401,0.4201889634132385,0.1815735548734665
0.2726394832134247,0.2719954252243042,0.2657806575298309,0.4301591515541076,0.3595651388168335,0.1334045380353927,0.4159877598285675,0.4947102665901184,0.2301333546638488,0.4207515716552734,0.181837797164917
0.2726712822914123,0.272211879491806,0.2656351625919342,0.4311746954917907,0.3601810336112976,0.1335585713386535,0.4161390662193298,0.4949789345264435,0.2303990721702575,0.4213141202926636,0.1821020245552063
0.2727031111717224,0.2724283337593078,0.2654896974563598,0.4321902692317962,0.3607969284057617,0.1337126046419143,0.4162904322147369,0.4952475726604461,0.2306647598743438,0.4218766689300537,0.1823662668466568
0.2727349400520324,0.2726447880268097,0.2653442025184631,0.4332058131694793,0.361412763595581,0.1338666230440139,0.4164417684078216,0.4955162405967712,0.2309304773807525,0.4224392175674438,0.1826304942369461
0.2727667391300201,0.2728612720966339,0.2651987075805664,0.4342213869094848,0.3620286881923675,0.1340206563472747,0.4165931046009063,0.4957849085330963,0.2311961948871612,0.4230018258094787,0.1828947216272354
0.2727985680103302,0.2730777263641357,0.2650532126426697,0.4352369308471679,0.3626445829868316,0.1341746896505355,0.4167444109916687,0.4960535764694214,0.2314619123935699,0.4235643744468689,0.1831589639186859
0.2728303670883178,0.2732941806316376,0.2649077773094177,0.4362525045871734,0.3632604479789734,0.1343287080526352,0.4168957471847534,0.4963222444057464,0.2317276298999786,0.424126923084259,0.1834231913089752
0.2728621959686279,0.2735106647014618,0.264762282371521,0.4372680783271789,0.3638763427734375,0.134482741355896,0.4170470833778381,0.4965908527374267,0.2319933176040649,0.4246895313262939,0.1836874186992645
0.2728939950466156,0.2737271189689636,0.2646167874336242,0.438283622264862,0.3644922375679016,0.1346367746591568,0.4171984195709228,0.4968595504760742,0.2322590351104736,0.4252520799636841,0.1839516460895538
0.2729258239269256,0.2739436030387878,0.2644713222980499,0.4392991960048675,0.3651081025600433,0.1347908079624176,0.4173497855663299,0.4971282184123993,0.2325247526168823,0.4258146584033966,0.1842159032821655
0.2729576230049133,0.2741600573062897,0.2643258273601532,0.4403147399425506,0.3657239973545074,0.1349448263645172,0.4175010919570923,0.4973968863487243,0.232790470123291,0.4263772070407867,0.1844801306724548
0.2729894518852234,0.2743765115737915,0.2641803622245788,0.4413303136825561,0.3663398623466491,0.135098859667778,0.417652428150177,0.4976655840873718,0.2330561876296997,0.4269397854804992,0.1847443580627441
0.2730212807655334,0.2745929658412933,0.2640348672866821,0.4423458874225616,0.3669557571411133,0.1352528929710388,0.4178037345409393,0.4979341924190521,0.233321875333786,0.4275023341178894,0.1850086003541946
0.2730530798435211,0.2748094201087951,0.2638893723487854,0.4433614611625671,0.3675716519355774,0.1354069113731384,0.4179551005363464,0.4982028603553772,0.2335875928401947,0.4280648827552795,0.1852728277444839
0.2730849087238312,0.2750259041786194,0.2637438774108886,0.4443770051002502,0.3681875169277191,0.1355609446763992,0.4181064367294311,0.4984715282917022,0.2338533103466034,0.4286274909973144,0.1855370551347732
0.2731167078018188,0.2752423584461212,0.2635983824729919,0.4453925490379333,0.3688034117221832,0.13571497797966,0.4182577431201935,0.4987402260303497,0.234119027853012,0.4291900396347046,0.1858012974262237
0.2731485366821289,0.275458812713623,0.26345294713974,0.4464080929756164,0.3694193065166473,0.1358689963817596,0.4184091091156006,0.49900883436203,0.2343847155570984,0.4297526180744171,0.186065524816513
0.2731803357601166,0.2756752967834472,0.2633074522018432,0.4474236965179443,0.3700352013111114,0.1360230296850204,0.4185604453086853,0.4992775022983551,0.2346504479646682,0.4303151965141296,0.1863297522068023
0.2732121646404266,0.2758917510509491,0.2631619572639465,0.4484392404556274,0.3706510663032532,0.1361770629882812,0.4187117516994476,0.4995461702346802,0.2349161505699157,0.4308777451515198,0.1865939795970916
0.2732439637184143,0.2761082351207733,0.2630164623260498,0.4494547843933105,0.3712669610977173,0.1363310813903808,0.4188631176948547,0.4998148679733276,0.2351818680763244,0.4314403235912323,0.1868582367897033
0.2732757925987243,0.2763246893882751,0.2628709971904754,0.4504703879356384,0.3718828558921814,0.1364851146936416,0.419014424085617,0.5000835657119751,0.2354475855827331,0.4320028722286224,0.1871224641799926
0.2733076214790344,0.276541143655777,0.2627255320549011,0.4514859318733215,0.3724987506866455,0.1366391479969024,0.4191657602787018,0.500352144241333,0.2357132881879806,0.4325654506683349,0.1873866915702819
0.2733394205570221,0.2767575979232788,0.262580007314682,0.4525014758110046,0.3731145858764648,0.1367931813001632,0.4193170964717865,0.5006208419799805,0.2359789907932281,0.4331279993057251,0.1876509338617324
0.2733712494373321,0.2769740521907806,0.2624345421791076,0.4535170793533325,0.3737304806709289,0.1369471997022628,0.4194684624671936,0.5008894801139832,0.2362447082996368,0.43369060754776,0.1879151612520218
0.2734030485153198,0.2771905064582824,0.2622890472412109,0.4545326232910156,0.3743464052677154,0.1371012330055236,0.4196197688579559,0.5011581778526306,0.2365104258060455,0.4342531561851501,0.1881793886423111
0.2734348773956299,0.2774069905281067,0.2621435821056366,0.4555481672286987,0.3749622702598572,0.1372552663087844,0.4197710752487182,0.5014268159866333,0.236776128411293,0.4348157048225403,0.1884436160326004
0.2734666764736175,0.2776234447956085,0.2619980871677398,0.4565637409687042,0.3755781650543213,0.1374092847108841,0.419922411441803,0.501695454120636,0.2370418459177017,0.4353782832622528,0.1887078583240509
0.2734985053539276,0.2778399288654327,0.2618526220321655,0.4575793147087097,0.376194030046463,0.1375633180141449,0.4200737774372101,0.5019641518592834,0.2373075634241104,0.4359408617019653,0.1889720857143402
0.2735303342342376,0.2780563831329345,0.2617071270942688,0.4585948586463928,0.3768099248409271,0.1377173513174057,0.4202251136302948,0.5022328495979309,0.2375732660293579,0.4365034103393554,0.1892363131046295
0.2735621333122253,0.2782728374004364,0.261561632156372,0.4596104323863983,0.3774258196353912,0.1378713697195053,0.4203764498233795,0.5025014281272888,0.2378389835357666,0.4370659589767456,0.1895005702972412
0.2735939621925354,0.2784893214702606,0.2614161670207977,0.4606260061264038,0.3780416846275329,0.1380254030227661,0.4205277562141418,0.5027701258659363,0.2381047010421753,0.4376285672187805,0.1897647976875305
0.273625761270523,0.2787057757377624,0.2612707018852234,0.4616415500640869,0.378657579421997,0.1381794363260269,0.4206790924072265,0.503038763999939,0.2383704036474228,0.4381911158561706,0.1900290250778198
0.2736575901508331,0.2789222300052643,0.2611252069473266,0.46265709400177,0.3792734742164612,0.1383334547281265,0.4208304286003113,0.5033074617385864,0.2386361211538314,0.4387536644935608,0.1902932673692703
0.2736893892288208,0.2791386842727661,0.2609797120094299,0.4636726379394531,0.3798893392086029,0.1384874880313873,0.4209817945957184,0.5035760998725891,0.2389018237590789,0.4393162429332733,0.1905574947595596
0.2737212181091308,0.2793551385402679,0.2608342170715332,0.464688241481781,0.380505234003067,0.1386415213346481,0.4211331307888031,0.5038447380065918,0.2391675412654876,0.4398788213729858,0.1908217221498489
0.2737530469894409,0.2795716226100921,0.2606887519359588,0.4657037854194641,0.3811210989952087,0.1387955546379089,0.4212844371795654,0.5041134357452393,0.2394332587718963,0.4404413998126983,0.1910859495401382
0.2737848460674286,0.279788076877594,0.2605432569980621,0.4667193591594696,0.3817369937896728,0.1389495730400085,0.4214357435703277,0.5043820738792419,0.2396989613771438,0.4410039186477661,0.1913501918315887
0.2738166451454162,0.2800045311450958,0.2603977918624878,0.4677349328994751,0.3823528885841369,0.1391036063432693,0.4215871095657348,0.5046507716178894,0.2399646639823913,0.441566526889801,0.191614419221878
0.2738484740257263,0.28022101521492,0.260252296924591,0.4687504768371582,0.3829687535762787,0.1392576396465301,0.4217384457588196,0.5049194097518921,0.2402303814888,0.4421290755271911,0.1918786466121673
0.2738803029060364,0.2804374694824219,0.2601068019866943,0.4697660207748413,0.3835846781730652,0.1394116580486297,0.4218897819519043,0.5051880478858948,0.2404960989952087,0.4426916241645813,0.192142903804779
0.2739121317863464,0.2806539535522461,0.25996133685112,0.4707816243171692,0.3842005729675293,0.1395656913518905,0.422041118144989,0.5054567456245422,0.2407618165016174,0.4432542324066162,0.1924071311950683
0.2739439010620117,0.2808704078197479,0.2598158717155456,0.4717971682548523,0.384816437959671,0.1397197246551513,0.4221924543380737,0.5057253837585449,0.2410275340080261,0.4438167810440063,0.1926713585853576
0.2739757299423218,0.2810868620872497,0.2596703767776489,0.4728127121925354,0.3854323029518127,0.1398737430572509,0.422343760728836,0.5059940218925476,0.2412932366132736,0.4443793296813965,0.1929356008768081
0.2740075588226318,0.2813033163547516,0.2595248818397522,0.4738282859325409,0.3860481977462768,0.1400277763605117,0.4224950969219208,0.5062627196311951,0.2415589541196823,0.444941908121109,0.1931998282670974
0.2740393877029419,0.2815197706222534,0.2593793869018554,0.474843829870224,0.3866640925407409,0.1401818096637725,0.4226464629173279,0.5065313577651978,0.2418246567249298,0.4455044865608215,0.1934640556573867
0.2740711867809295,0.2817362546920776,0.2592339217662811,0.4758594036102295,0.3872799873352051,0.1403358280658722,0.4227977693080902,0.5068000555038452,0.2420903742313385,0.4460670351982116,0.1937282830476761
0.2741029858589172,0.2819527089595794,0.2590884268283844,0.476874977350235,0.3878958523273468,0.140489861369133,0.4229491055011749,0.5070687532424927,0.2423560619354248,0.4466296136379242,0.1939925253391266
0.2741348147392273,0.2821691632270813,0.25894296169281,0.4778905212879181,0.3885117173194885,0.1406438946723938,0.423100471496582,0.5073373317718506,0.2426217794418335,0.4471921622753143,0.1942567527294159
0.2741666436195373,0.2823856472969055,0.2587974667549133,0.4789060950279236,0.3891276121139526,0.1407979279756546,0.4232517778873443,0.507606029510498,0.2428874969482422,0.4477547407150268,0.1945209950208664
0.2741984724998474,0.2826021015644073,0.2586519718170166,0.4799216687679291,0.3897435069084167,0.1409519463777542,0.4234031140804291,0.5078747272491455,0.243153229355812,0.4483173191547394,0.1947852373123169
0.2742302417755127,0.2828185856342315,0.2585065066814422,0.4809372425079345,0.3903594017028808,0.141105979681015,0.4235544204711914,0.5081433653831482,0.2434189319610595,0.4488798975944519,0.1950494647026062
0.2742621004581451,0.2830350399017334,0.2583610415458679,0.4819527864456177,0.3909752964973449,0.1412600129842758,0.4237057864665985,0.5084120035171509,0.2436846494674682,0.449442446231842,0.1953136920928955
0.2742938995361328,0.2832514643669128,0.2582155466079712,0.4829683601856231,0.3915911316871643,0.1414140313863754,0.4238571226596832,0.5086806416511536,0.2439503669738769,0.4500049948692322,0.1955779194831848
0.3178281486034393,0.3991643786430359,0.3287521302700043,0.5663512945175171,0.6865462064743042,0.1884440332651138,0.3585363924503326,0.4843769371509552,0.3250807821750641,0.556676983833313,0.5838439464569092
0.3177782297134399,0.399261862039566,0.3285083472728729,0.5664442181587219,0.6860133409500122,0.1883790343999862,0.3583849370479584,0.4841276407241821,0.3249686360359192,0.5564845204353333,0.5840957760810852
0.3177283108234405,0.3993593752384186,0.3282645940780639,0.5665371417999268,0.685480535030365,0.1883140504360199,0.3582335114479065,0.4838783144950866,0.324856549501419,0.556291937828064,0.584347665309906
0.3176783919334411,0.3994568884372711,0.3280207812786102,0.5666301250457764,0.6849477291107178,0.1882490515708923,0.3580820262432098,0.4836289882659912,0.3247444331645965,0.5560994148254395,0.5845994353294373
0.3176284730434418,0.3995543718338012,0.3277770280838012,0.5667230486869812,0.6844148635864258,0.1881840527057647,0.3579305410385132,0.4833796918392181,0.3246322870254516,0.5559068918228149,0.5848512649536133
0.31757852435112,0.3996518850326538,0.3275332450866699,0.566815972328186,0.6838819980621338,0.1881190538406372,0.3577790856361389,0.4831303656101227,0.3245201706886291,0.5557143688201904,0.5851031541824341
0.3175286054611206,0.3997493982315063,0.3272894620895386,0.5669088959693909,0.6833491325378418,0.1880540698766708,0.357627660036087,0.4828810691833496,0.3244080543518066,0.5555218458175659,0.5853549242019653
0.3174787163734436,0.3998468816280365,0.3270456790924072,0.5670018792152405,0.6828163266181946,0.1879890710115432,0.3574762046337127,0.4826317131519317,0.3242959380149841,0.5553293228149414,0.5856068134307861
0.3174287676811218,0.3999443650245666,0.3268018960952759,0.5670948028564453,0.6822834610939026,0.1879240721464157,0.3573246896266937,0.4823824167251587,0.3241837918758392,0.5551367998123169,0.5858585834503174
0.3173788785934448,0.4000418782234192,0.3265581130981445,0.5671877861022949,0.6817506551742554,0.1878590732812881,0.3571732342243194,0.4821330904960632,0.3240717053413391,0.5549442768096924,0.5861104726791382
0.317328929901123,0.4001393616199493,0.3263143301010132,0.5672807693481445,0.6812177896499634,0.1877940893173217,0.3570218086242676,0.4818837940692901,0.3239595592021942,0.5547517538070679,0.5863623023033142
0.317279040813446,0.4002368748188019,0.3260705769062042,0.5673736333847046,0.6806849241256714,0.1877290904521942,0.3568703532218933,0.4816344678401947,0.3238474428653717,0.5545592308044434,0.5866141319274902
0.3172290921211242,0.4003343880176544,0.3258268237113952,0.5674665570259094,0.6801520586013794,0.1876640915870666,0.356718897819519,0.4813851416110992,0.3237352967262268,0.5543667078018188,0.5868659615516663
0.3171791732311249,0.4004319012165069,0.3255830109119415,0.5675595998764038,0.6796191930770874,0.1875990927219391,0.3565673828125,0.4811358153820038,0.3236232101917267,0.5541741847991943,0.5871177911758423
0.3171292543411255,0.4005293846130371,0.3253392577171325,0.5676524639129639,0.6790863871574402,0.1875341087579727,0.3564159572124481,0.4808865189552307,0.3235110640525818,0.5539816617965698,0.5873695611953735
0.3170793354511261,0.4006268680095672,0.3250954747200012,0.5677454471588135,0.6785535216331482,0.1874691098928451,0.3562645018100738,0.4806371927261352,0.3233989477157593,0.5537891387939453,0.5876214504241943
0.3170294165611267,0.4007243812084198,0.3248516917228699,0.5678384304046631,0.678020715713501,0.1874041110277176,0.3561130464076996,0.4803878664970398,0.3232868313789367,0.5535966157913208,0.5878732800483704
0.3169794976711273,0.4008218646049499,0.3246079087257385,0.5679313540458679,0.677487850189209,0.18733911216259,0.3559615612030029,0.4801385700702667,0.3231747150421142,0.5534040927886963,0.5881251096725464
0.3169295787811279,0.4009193778038025,0.3243641257286072,0.5680242776870728,0.676954984664917,0.1872741281986236,0.3558101058006286,0.4798892140388489,0.3230625987052917,0.5532115697860718,0.5883769392967224
0.3168796598911285,0.401016891002655,0.3241203427314758,0.5681172013282776,0.676422119140625,0.1872091293334961,0.3556586503982544,0.4796399176120758,0.3229504823684692,0.5530189871788025,0.5886287689208984
0.3168297410011291,0.4011143445968628,0.3238765597343445,0.5682101845741272,0.6758893132209778,0.1871441304683685,0.3555071949958801,0.4793905913829803,0.3228383660316467,0.552826464176178,0.5888805985450745
0.3167797923088074,0.4012118577957153,0.3236327767372131,0.568303108215332,0.6753564476966858,0.1870791316032409,0.3553557097911834,0.4791412949562073,0.3227262198925018,0.5526339411735535,0.5891324281692505
0.3167299032211303,0.4013093709945678,0.3233889937400818,0.5683960318565369,0.6748236417770386,0.1870141476392746,0.3552042841911316,0.4788919687271118,0.3226141333580017,0.552441418170929,0.5893842577934265
0.3166799545288086,0.401406854391098,0.3231452107429504,0.5684890151023865,0.6742907166481018,0.186949148774147,0.3550527989864349,0.4786426424980163,0.3225019872188568,0.5522488951683044,0.5896360874176025
0.3166300654411316,0.4015043675899505,0.3229014277458191,0.5685819387435913,0.6737579107284546,0.1868841499090194,0.3549013435840606,0.4783933162689209,0.3223898708820343,0.5520563721656799,0.5898879170417786
0.3165801465511322,0.4016018807888031,0.3226576745510101,0.5686749219894409,0.6732250452041626,0.1868191510438919,0.354749858379364,0.4781440198421478,0.3222777247428894,0.5518638491630554,0.5901397466659546
0.3165301978588104,0.4016993641853332,0.3224138915538788,0.5687679052352905,0.6726921796798706,0.1867541670799255,0.3545984327793121,0.4778946936130523,0.3221656382083893,0.5516713261604309,0.5903916358947754
0.316480278968811,0.4017968773841858,0.3221701085567474,0.5688607692718506,0.6721593141555786,0.1866891682147979,0.3544469773769378,0.4776453971862793,0.3220534920692444,0.5514788031578064,0.5906434059143066
0.3164303600788116,0.4018943905830383,0.3219263553619385,0.5689537525177002,0.6716265082359314,0.1866241693496704,0.3542954921722412,0.4773960709571838,0.3219413757324219,0.5512862205505371,0.5908952355384827
0.3163804411888122,0.4019918739795685,0.3216825723648071,0.569046676158905,0.6710937023162842,0.186559185385704,0.3541440069675445,0.4771467447280884,0.3218292593955993,0.5510937571525574,0.5911470651626587
0.3163305222988128,0.402089387178421,0.3214387893676758,0.5691395998001099,0.6705607771873474,0.1864941865205764,0.3539925813674927,0.4768974184989929,0.3217171430587768,0.5509012341499329,0.5913988947868347
0.3162806034088135,0.4021869003772735,0.3211950063705444,0.5692325830459595,0.6700279712677002,0.1864291876554489,0.3538411259651184,0.4766480922698974,0.3216050267219543,0.5507086515426636,0.5916507840156555
0.3162307143211365,0.4022843837738037,0.3209512233734131,0.5693255066871643,0.6694951057434082,0.1863641887903213,0.3536896407604217,0.4763987958431244,0.3214929103851318,0.5505161285400391,0.5919025540351868
0.3161807656288147,0.4023818969726562,0.3207074403762817,0.5694184899330139,0.6689622402191162,0.1862992048263549,0.3535381555557251,0.4761494696140289,0.3213807940483093,0.5503236055374146,0.5921543836593628
0.3161308467388153,0.4024793803691864,0.3204636573791504,0.5695114135742188,0.6684293746948242,0.1862342059612274,0.3533867299556732,0.4759001433849334,0.3212686479091644,0.55013108253479,0.5924062728881836
0.3160809278488159,0.4025768935680389,0.320219874382019,0.5696043968200684,0.667896568775177,0.1861692070960998,0.3532352745532989,0.475650817155838,0.3211565315723419,0.5499385595321655,0.5926580429077148
0.3160310089588165,0.4026743769645691,0.3199760913848877,0.5696973204612732,0.667363703250885,0.1861042082309723,0.3530838191509247,0.4754015207290649,0.3210444152355194,0.549746036529541,0.5929099321365356
0.3159810900688171,0.4027718603610992,0.3197323381900787,0.569790244102478,0.6668308973312378,0.1860392242670059,0.352932333946228,0.4751521944999695,0.3209322988986969,0.5495535135269165,0.5931617617607117
0.3159311711788177,0.4028693735599518,0.3194885551929474,0.5698831677436829,0.666297972202301,0.1859742254018783,0.3527808785438537,0.4749028980731964,0.320820152759552,0.549360990524292,0.5934135913848877
0.3158812522888183,0.4029668569564819,0.3192448019981384,0.5699761509895325,0.6657651662826538,0.1859092265367508,0.3526294231414795,0.4746535718441009,0.3207080364227295,0.5491684675216675,0.5936654210090637
0.3158313035964966,0.4030643701553345,0.3190010190010071,0.5700690746307373,0.6652323007583618,0.1858442276716232,0.3524779677391052,0.4744042754173279,0.320595920085907,0.548975944519043,0.5939172506332397
0.3157814145088196,0.403161883354187,0.3187572360038757,0.5701620578765869,0.6646994352340698,0.1857792437076568,0.3523265123367309,0.47415491938591,0.3204838037490845,0.5487834215164185,0.5941690802574158
0.3157314956188202,0.4032593667507171,0.3185134530067444,0.5702550411224365,0.6641666293144226,0.1857142448425293,0.3521750271320343,0.4739055931568146,0.3203716874122619,0.548590898513794,0.5944209098815918
0.3156815767288208,0.4033568799495697,0.318269670009613,0.5703479647636414,0.6636337637901306,0.1856492459774017,0.35202357172966,0.4736562967300415,0.3202595710754394,0.5483983755111694,0.594672679901123
0.315631628036499,0.4034543633460998,0.3180258870124817,0.5704408884048462,0.6631008982658386,0.1855842471122741,0.3518721163272857,0.473406970500946,0.3201474547386169,0.5482058525085449,0.5949245691299438
0.315581738948822,0.4035518765449524,0.3177821040153503,0.5705338716506958,0.6625680923461914,0.1855192631483078,0.3517206609249115,0.473157674074173,0.320035308599472,0.5480133295059204,0.5951763987541199
0.3155317902565002,0.4036493599414825,0.317538321018219,0.5706267952919006,0.6620352268218994,0.1854542642831802,0.3515692055225372,0.4729083180427551,0.3199231922626495,0.5478207468986511,0.5954282283782959
0.3154818713665008,0.4037468731403351,0.31729456782341,0.5707197189331055,0.6615023612976074,0.1853892654180526,0.3514177203178406,0.472659021615982,0.319811075925827,0.5476282835006714,0.5956800580024719
0.3154319524765014,0.4038443565368652,0.3170507848262787,0.5708127021789551,0.6609694957733154,0.1853242665529251,0.3512662649154663,0.4724096953868866,0.3196989595890045,0.5474357008934021,0.5959318280220032
0.3153820335865021,0.4039418697357178,0.3168070018291473,0.5709056258201599,0.6604366898536682,0.1852592825889587,0.351114809513092,0.4721603989601135,0.3195868134498596,0.5472431778907776,0.596183717250824
0.3153321146965027,0.4040393829345703,0.316563218832016,0.5709985494613647,0.6599038243293762,0.1851942837238311,0.3509633541107178,0.471911072731018,0.3194746971130371,0.5470507144927979,0.596435546875
0.3152821958065033,0.4041368663311004,0.316319465637207,0.5710915327072144,0.6593709588050842,0.1851292848587036,0.3508118987083435,0.471661776304245,0.3193625807762146,0.5468581318855286,0.596687376499176
0.3152322769165039,0.404234379529953,0.3160756826400757,0.571184515953064,0.658838152885437,0.185064285993576,0.3506604135036468,0.4714124500751495,0.3192504644393921,0.5466656684875488,0.596939206123352
0.3151823580265045,0.4043318927288055,0.3158318996429443,0.5712774395942688,0.658305287361145,0.1849993020296096,0.3505089879035949,0.4711630940437317,0.3191383481025696,0.5464730858802795,0.5971910953521729
0.3151324391365051,0.4044293761253357,0.315588116645813,0.5713703632354736,0.657772421836853,0.1849343031644821,0.3503575026988983,0.4709137976169586,0.319026231765747,0.546280562877655,0.5974428653717041
0.3150825202465057,0.4045268893241882,0.3153443336486816,0.5714633464813232,0.657239556312561,0.1848693042993545,0.350206047296524,0.4706644713878631,0.3189140856266022,0.5460880398750305,0.5976947546005249
0.3150326013565063,0.4046244025230407,0.3151005506515503,0.5715562701225281,0.6567067503929138,0.184804305434227,0.3500545918941498,0.4704151749610901,0.318801999092102,0.545895516872406,0.5979465246200562
0.3149826824665069,0.4047219157218933,0.3148567676544189,0.5716491937637329,0.6561738848686218,0.1847393214702606,0.3499031364917755,0.4701658189296722,0.3186898827552795,0.5457029938697815,0.5981983542442322
0.3149327635765075,0.4048193693161011,0.3146129846572876,0.5717421770095825,0.6556410789489746,0.184674322605133,0.3497516810894012,0.4699165225028991,0.3185777366161346,0.545510470867157,0.5984501838684082
0.3148828446865082,0.4049168527126312,0.3143692016601562,0.5718351006507874,0.6551082134246826,0.1846093237400055,0.3496001958847046,0.4696671962738037,0.3184656500816345,0.5453179478645325,0.5987020134925842
0.3148329257965088,0.4050143659114837,0.3141254186630249,0.5719280242919922,0.6545753479003906,0.1845443248748779,0.3494487404823303,0.4694178998470306,0.3183535039424896,0.545125424861908,0.598953902721405
0.314782977104187,0.4051118493080139,0.3138816654682159,0.5720210075378418,0.6540424823760986,0.1844793409109115,0.3492973148822784,0.4691685736179352,0.3182413876056671,0.5449329018592834,0.599205732345581
0.31473308801651,0.4052093625068664,0.3136378526687622,0.5721139311790466,0.6535096764564514,0.184414342045784,0.3491458296775818,0.4689192771911621,0.3181292414665222,0.5447403788566589,0.5994575023651123
0.3146831393241882,0.405306875705719,0.3133940994739532,0.5722068548202515,0.6529768109321594,0.1843493431806564,0.3489943444728851,0.4686699509620666,0.3180171251296997,0.5445478558540344,0.5997093915939331
0.3146332502365112,0.4054043591022491,0.3131503164768219,0.5722998380661011,0.6524439454078674,0.1842843443155288,0.3488428890705108,0.4684206247329712,0.3179050087928772,0.5443553328514099,0.5999612212181091
0.3145833015441894,0.4055018723011017,0.3129065632820129,0.5723927617073059,0.6519111394882202,0.1842193603515625,0.348691463470459,0.4681712985038757,0.3177928924560547,0.5441628098487854,0.6002130508422852
0.3145334124565124,0.4055993854999542,0.3126627802848816,0.5724856853485107,0.6513782739639282,0.1841543614864349,0.3485400080680847,0.4679219722747803,0.3176807761192322,0.5439702272415161,0.6004648804664612
0.3144834637641907,0.4056968688964844,0.3124189972877502,0.5725786685943604,0.6508454084396362,0.1840893626213073,0.3483884930610657,0.4676726758480072,0.3175686597824096,0.5437777638435364,0.6007167100906372
0.3144335448741913,0.4057943820953369,0.3121752142906189,0.57267165184021,0.6503125429153442,0.1840243637561798,0.3482370376586914,0.4674233198165893,0.3174565136432647,0.5435852408409119,0.6009685397148132
0.3143836259841919,0.4058918952941894,0.3119314312934875,0.5727645754814148,0.649779736995697,0.1839593797922134,0.3480856120586395,0.4671740233898163,0.3173444271087646,0.5433926582336426,0.6012203693389893
0.3143337070941925,0.4059893488883972,0.3116876482963562,0.5728574991226196,0.649246871471405,0.1838943809270858,0.3479341566562652,0.4669246971607208,0.3172322809696197,0.5432001948356628,0.6014721393585205
0.3142837882041931,0.4060868620872497,0.3114438652992248,0.5729504823684692,0.6487140655517578,0.1838293820619583,0.3477826714515686,0.4666754007339477,0.3171201646327972,0.5430076122283936,0.6017240285873413
0.3142338693141937,0.4061843752861023,0.3112000823020935,0.5730433464050293,0.6481812000274658,0.1837643831968307,0.3476311862468719,0.4664260745048523,0.3170080482959747,0.542815089225769,0.6019758582115173
0.3141839504241943,0.4062818586826324,0.3109562993049621,0.5731363296508789,0.6476483345031738,0.1836993992328643,0.34747976064682,0.4661767780780792,0.3168959319591522,0.5426225662231445,0.6022276878356934
0.3141340017318725,0.406379371881485,0.3107125461101532,0.5732293128967285,0.6471154689788818,0.1836344003677368,0.3473283052444458,0.4659274518489837,0.3167837858200073,0.54243004322052,0.6024795174598694
0.3140841126441955,0.4064768850803375,0.3104687929153442,0.5733222365379333,0.6465826630592346,0.1835694015026092,0.3471768200397491,0.4656781554222107,0.3166716694831848,0.5422375202178955,0.6027313470840454
0.3140341937541961,0.4065743684768677,0.3102249801158905,0.5734151601791382,0.6460497379302979,0.1835044175386428,0.3470253348350525,0.4654287993907928,0.3165595531463623,0.542044997215271,0.6029831767082214
0.3139842748641968,0.4066718816757202,0.3099812269210815,0.5735081434249878,0.6455168724060059,0.1834394186735153,0.3468739092350006,0.4651795029640198,0.3164474368095398,0.5418524146080017,0.6032350063323975
0.3139343559741974,0.4067693948745727,0.3097374439239502,0.5736010670661926,0.6449840664863586,0.1833744198083877,0.3467224538326263,0.4649301767349243,0.3163353204727173,0.541659951210022,0.6034868359565735
0.313884437084198,0.4068669080734253,0.3094936609268188,0.5736939907073975,0.6444512605667114,0.1833094209432602,0.3465709984302521,0.4646808505058288,0.3162232041358948,0.5414674282073975,0.6037386655807495
0.3138345181941986,0.4069643914699554,0.3092498779296875,0.5737869739532471,0.6439183950424194,0.1832444369792938,0.3464195132255554,0.4644315242767334,0.3161110579967499,0.541274905204773,0.6039905548095703
0.3137845695018768,0.4070618748664856,0.3090060949325561,0.5738798975944519,0.6433855295181274,0.1831794381141662,0.3462680578231811,0.4641821980476379,0.3159989416599273,0.5410823822021484,0.6042423248291016
0.3137346506118774,0.4071593880653381,0.3087623119354248,0.5739728212356567,0.6428526639938354,0.1831144392490387,0.3461166024208069,0.4639329016208648,0.3158868253231048,0.5408897995948792,0.6044942140579224
0.3136847615242004,0.4072568416595459,0.3085185587406158,0.5740658044815063,0.6423198580741882,0.1830494403839111,0.3459651470184326,0.4636835753917694,0.3157747089862823,0.5406973361968994,0.6047459840774536
0.3136348128318786,0.4073543548583984,0.3082748055458069,0.574158787727356,0.6417869925498962,0.1829844564199447,0.3458136618137359,0.4634342789649963,0.3156625628471374,0.5405047535896301,0.6049978733062744
0.3135849237442016,0.407451868057251,0.3080309927463531,0.5742517113685608,0.6412541270256042,0.1829194575548172,0.3456622362136841,0.4631849527359009,0.3155504763126373,0.5403122901916504,0.6052496433258057
0.3135349750518799,0.4075493514537811,0.3077872395515442,0.5743446946144104,0.640721321105957,0.1828544586896896,0.3455107510089874,0.4629356563091278,0.3154383301734924,0.5401197075843811,0.6055014729499817
0.3134850859642029,0.4076468646526336,0.3075434565544128,0.5744376182556152,0.640188455581665,0.182789459824562,0.3453592956066131,0.4626863002777099,0.3153262138366699,0.5399271845817566,0.6057533025741577
0.3134351372718811,0.4077443778514862,0.3072996735572815,0.5745306015014648,0.639655590057373,0.1827244758605957,0.3452078104019165,0.4624370038509369,0.3152140974998474,0.5397347211837769,0.6060051918029785
0.3133852183818817,0.4078418612480163,0.3070558905601501,0.5746235251426697,0.639122724533081,0.1826594769954681,0.3450563848018646,0.4621876776218414,0.3151019811630249,0.5395421385765076,0.6062570214271545
0.3133352994918823,0.4079393744468689,0.3068121075630188,0.5747164487838745,0.6385898590087891,0.1825944781303405,0.3449049293994903,0.4619383811950683,0.31498983502388,0.5393496155738831,0.6065088510513306
0.3132853806018829,0.4080368876457214,0.3065683245658874,0.5748094320297241,0.6380570530891418,0.182529479265213,0.3447534441947937,0.4616890251636505,0.3148777484893799,0.5391570925712585,0.6067606210708618
0.3132354617118835,0.4081343710422516,0.3063245415687561,0.574902355670929,0.6375241875648499,0.1824644953012466,0.344601958990097,0.461439698934555,0.314765602350235,0.538964569568634,0.6070124506950378
0.3131855428218841,0.4082318842411041,0.3060807585716247,0.5749952793121338,0.6369913816452026,0.182399496436119,0.3444505333900451,0.461190402507782,0.3146534860134125,0.5387720465660095,0.6072643399238586
0.3131356239318847,0.4083293676376343,0.3058369755744934,0.5750882625579834,0.6364585161209106,0.1823344975709915,0.3442990779876709,0.4609410762786865,0.3145413398742676,0.538579523563385,0.6075161695480347
0.313085675239563,0.4084268808364868,0.305593192577362,0.5751811861991882,0.6359256505966187,0.1822694987058639,0.3441476225852966,0.4606917798519134,0.3144292533397674,0.5383869409561157,0.6077679991722107
0.313035786151886,0.4085243642330169,0.3053494393825531,0.5752741694450378,0.6353927850723267,0.1822045147418975,0.3439961075782776,0.460442453622818,0.3143171072006225,0.538194477558136,0.6080198287963867
0.3129858374595642,0.4086218774318695,0.3051056563854217,0.5753670930862427,0.6348599791526794,0.18213951587677,0.3438446819782257,0.4601931571960449,0.3142049908638,0.5380019545555115,0.6082716584205627
0.3129359483718872,0.4087193608283996,0.3048619031906128,0.5754600167274475,0.6343271136283875,0.1820745170116424,0.3436932265758514,0.4599438309669494,0.3140929043292999,0.5378093719482422,0.6085234880447388
0.3128859996795654,0.4088168740272522,0.304618090391159,0.5755529999732971,0.6337943077087402,0.1820095181465149,0.3435417711734772,0.459694504737854,0.313980758190155,0.5376168489456177,0.60877525806427
0.3128361105918884,0.4089143872261047,0.3043743371963501,0.575645923614502,0.6332613825798035,0.1819445341825485,0.3433903157711029,0.4594451785087585,0.3138686418533325,0.5374243259429932,0.6090271472930908
0.312786191701889,0.4090119004249573,0.3041305541992187,0.5757388472557068,0.6327285766601562,0.1818795353174209,0.3432388305664062,0.4591958522796631,0.31375652551651,0.5372318029403687,0.6092789769172668
0.3127362430095672,0.4091093838214874,0.3038867712020874,0.5758318305015564,0.6321957111358643,0.1818145364522934,0.343087375164032,0.4589465260505676,0.3136444091796875,0.5370392799377441,0.6095308065414429
0.3126863241195678,0.4092068672180176,0.303642988204956,0.5759247541427612,0.6316628456115723,0.1817495375871658,0.3429359197616577,0.4586971998214721,0.313532292842865,0.5368467569351196,0.6097826361656189
0.3126364052295685,0.4093043804168701,0.3033992052078247,0.5760177373886108,0.631130039691925,0.1816845536231994,0.3427844643592834,0.4584479033946991,0.3134201765060425,0.5366542339324951,0.6100345253944397
0.3125864863395691,0.4094018340110779,0.3031554222106933,0.5761106610298157,0.6305971741676331,0.1816195547580719,0.3426330089569092,0.4581985771656036,0.3133080303668976,0.5364617109298706,0.610286295413971
0.3125365674495697,0.4094993472099304,0.302911639213562,0.5762035846710205,0.6300643086433411,0.1815545558929443,0.3424815237522125,0.4579492807388305,0.3131959140300751,0.5362691879272461,0.610538125038147
0.3124866485595703,0.4095968604087829,0.302667886018753,0.5762965679168701,0.6295315027236938,0.1814895570278167,0.3423300683498382,0.4576999545097351,0.3130837976932525,0.5360766649246216,0.610789954662323
0.3124367296695709,0.4096943438053131,0.3024240732192993,0.576389491558075,0.6289986371994019,0.1814245730638504,0.342178612947464,0.457450658082962,0.31297168135643,0.5358841419219971,0.611041784286499
0.3123868107795715,0.4097918570041656,0.3021803200244903,0.5764824151992798,0.6284657716751099,0.1813595741987228,0.3420271575450897,0.4572013318538666,0.3128595352172851,0.5356916189193726,0.6112936735153198
0.3123368620872497,0.4098893702030182,0.3019365668296814,0.5765753984451294,0.6279329657554626,0.1812945753335952,0.3418757021427154,0.4569520056247711,0.3127474188804626,0.535499095916748,0.6115454435348511
0.3122869729995727,0.4099868535995483,0.30169278383255,0.5766683220863342,0.6274001002311707,0.1812295764684677,0.3417242169380188,0.4567026793956756,0.3126353025436401,0.5353065729141235,0.6117973327636719
0.312237024307251,0.4100843667984009,0.3014490008354187,0.5767612457275391,0.6268672347068787,0.1811645925045013,0.3415727615356445,0.4564533829689026,0.3125231862068176,0.535114049911499,0.6120491623878479
0.312187135219574,0.4101818799972534,0.3012052178382873,0.5768542289733887,0.6263343691825867,0.1810995936393737,0.3414213061332702,0.4562040567398071,0.3124110698699951,0.5349214673042297,0.6123009920120239
0.3121371865272522,0.4102793633937835,0.300961434841156,0.5769471526145935,0.6258015632629395,0.1810345947742462,0.341269850730896,0.4559547305107116,0.3122989237308502,0.53472900390625,0.6125527620315552
0.3120872974395752,0.4103768765926361,0.3007176518440246,0.5770400762557983,0.6252686977386475,0.1809695959091186,0.3411183953285217,0.4557054042816162,0.3121868371963501,0.5345364809036255,0.6128045916557312
0.3120373487472534,0.4104743897914886,0.3004738688468933,0.577133059501648,0.6247358322143555,0.1809046119451522,0.3409669101238251,0.4554560780525207,0.3120746910572052,0.5343438982963562,0.6130564212799072
0.311987429857254,0.4105718731880188,0.3002300858497619,0.5772259831428528,0.6242029666900635,0.1808396130800247,0.3408154547214508,0.4552067816257477,0.3119625747203827,0.5341514348983765,0.613308310508728
0.3119375109672546,0.4106693863868713,0.2999863028526306,0.5773189067840576,0.6236701607704163,0.1807746142148971,0.3406639993190765,0.4549574553966522,0.3118504285812378,0.5339588522911072,0.6135600805282593
0.3118875920772552,0.4107668697834015,0.2997425496578216,0.5774118900299072,0.6231372952461243,0.1807096153497696,0.3405125439167022,0.4547081589698791,0.3117383420467376,0.5337663888931274,0.6138119697570801
0.3118376731872558,0.4108643531799316,0.2994987666606903,0.5775048732757568,0.622604489326477,0.1806446313858032,0.3403611183166504,0.4544588327407837,0.3116261959075928,0.5335738062858582,0.6140637993812561
0.3117877542972564,0.4109618663787842,0.2992550134658813,0.5775977969169617,0.6220716238021851,0.1805796325206756,0.3402096331119537,0.4542095363140106,0.3115140795707702,0.5333812832832336,0.6143155694007874
0.3117378354072571,0.4110593795776367,0.2990112006664276,0.5776907205581665,0.6215387582778931,0.1805146336555481,0.3400581479072571,0.4539601802825928,0.3114019632339477,0.5331887602806091,0.6145674586296082
0.3116878867149353,0.4111568927764892,0.2987674474716186,0.5777836441993713,0.6210058927536011,0.1804496496915817,0.3399066925048828,0.4537108838558197,0.3112898468971252,0.5329962372779846,0.6148192882537842
0.3116379976272583,0.4112543761730194,0.2985236644744873,0.577876627445221,0.6204730868339539,0.1803846508264541,0.3397552669048309,0.4534615576267242,0.3111777007579803,0.5328037738800049,0.6150711178779602
0.3115880489349365,0.4113518893718719,0.2982798814773559,0.5779695510864258,0.6199401617050171,0.1803196519613266,0.3396038115024566,0.4532122313976288,0.3110656142234802,0.5326111316680908,0.6153229475021362
0.3115381598472595,0.4114493727684021,0.2980360984802246,0.5780625343322754,0.6194073557853699,0.180254653096199,0.3394522964954376,0.4529629051685333,0.3109534978866577,0.5324186086654663,0.6155747771263123
0.3114882409572601,0.4115468561649322,0.2977923154830932,0.5781554579734802,0.6188745498657227,0.1801896691322326,0.3393008410930633,0.4527136087417602,0.3108413517475128,0.5322260856628418,0.6158266067504883
0.3114383220672607,0.4116443693637848,0.2975485324859619,0.5782483816146851,0.6183416843414307,0.1801246702671051,0.3391494154930115,0.4524642825126648,0.3107292652130127,0.5320336222648621,0.6160784959793091
0.3113883733749389,0.4117418825626373,0.2973047494888305,0.5783413648605347,0.6178088188171387,0.1800596714019775,0.3389979600906372,0.4522149562835693,0.3106171190738678,0.5318410396575928,0.6163302659988403
0.3113384544849396,0.4118393659591675,0.2970609962940216,0.5784343481063843,0.6172759532928467,0.1799946725368499,0.3388464450836181,0.4519656598567962,0.3105050027370453,0.531648576259613,0.6165820956230164
0.3112885355949402,0.4119368493556976,0.2968172132968902,0.5785273313522339,0.6167431473731995,0.1799296885728836,0.3386949896812439,0.4517163336277008,0.3103928565979004,0.5314559936523438,0.6168339252471924
0.3112386167049408,0.4120343923568725,0.2965734004974365,0.578620195388794,0.6162102818489075,0.179864689707756,0.338543564081192,0.4514670372009277,0.3102807402610779,0.5312634706497192,0.6170857548713684
0.3111886978149414,0.4121318459510803,0.2963296175003052,0.5787131786346436,0.6156774759292603,0.1797996908426284,0.3383921086788177,0.4512176811695099,0.3101686239242553,0.5310709476470947,0.6173375844955444
0.311138778924942,0.4122293591499328,0.2960858643054962,0.5788061618804932,0.6151445508003235,0.1797346919775009,0.3382406234741211,0.4509683847427368,0.3100565075874328,0.5308784246444702,0.6175894141197205
0.3110888600349426,0.4123268723487854,0.2958420813083648,0.578899085521698,0.6146117448806763,0.1796697080135345,0.3380891382694244,0.4507190585136413,0.3099443912506103,0.5306859016418457,0.6178412437438965
0.3110389411449432,0.4124243557453155,0.2955983281135559,0.5789920091629028,0.6140788793563843,0.1796047091484069,0.3379377126693725,0.4504697322845459,0.3098322749137878,0.5304933786392212,0.6180930733680725
0.3109890222549438,0.4125218689441681,0.2953545451164245,0.5790849924087524,0.6135460734367371,0.1795397102832794,0.3377862572669983,0.4502204060554504,0.3097201287746429,0.5303008556365967,0.6183449029922485
0.3109391033649444,0.4126193821430206,0.2951107621192932,0.5791779160499573,0.6130131483078003,0.1794747114181518,0.3376347720623016,0.4499711096286773,0.3096080422401428,0.5301083326339722,0.6185967922210693
0.310889184474945,0.4127168655395508,0.2948669791221618,0.5792708396911621,0.6124803423881531,0.1794097274541854,0.3374833166599273,0.4497217833995819,0.3094958961009979,0.5299158096313477,0.6188485622406006
0.3108392655849457,0.4128143787384033,0.2946231961250305,0.5793637633323669,0.6119474768638611,0.1793447285890579,0.3373318612575531,0.4494724869728088,0.3093837797641754,0.5297232866287231,0.6191003918647766
0.3107893466949463,0.4129118919372558,0.2943794131278991,0.5794567465782166,0.6114146709442139,0.1792797297239303,0.3371804058551788,0.4492231607437134,0.3092716634273529,0.5295307636260986,0.6193522810935974
0.3107394278049469,0.4130093455314636,0.2941356301307678,0.5795496702194214,0.6108817458152771,0.1792147308588028,0.3370289504528045,0.4489738345146179,0.3091595470905304,0.5293382406234741,0.6196041107177734
0.3106895089149475,0.4131068587303161,0.2938918471336365,0.579642653465271,0.6103489398956299,0.1791497468948364,0.3368774652481079,0.4487245380878448,0.3090474009513855,0.5291457176208496,0.6198558807373047
0.3106395602226257,0.4132043719291687,0.2936480939388275,0.5797355771064758,0.6098160743713379,0.1790847480297088,0.336726039648056,0.4484752118587494,0.308935284614563,0.5289531946182251,0.6201077699661255
0.3105896711349487,0.4133018851280212,0.2934043109416961,0.5798285603523254,0.6092832684516907,0.1790197491645813,0.3365745544433594,0.4482258856296539,0.3088231682777405,0.5287606716156006,0.6203595399856567
0.3105397224426269,0.4133993685245514,0.2931605279445648,0.5799214839935303,0.6087504029273987,0.1789547502994537,0.3364230990409851,0.4479765594005584,0.3087110519409179,0.5285681486129761,0.6206114292144775
0.3104898333549499,0.4134968817234039,0.2929167449474334,0.5800144672393799,0.6082175374031067,0.1788897663354873,0.3362716138362884,0.4477272629737854,0.3085989356040954,0.5283756256103516,0.6208632588386536
0.3104398846626282,0.4135943651199341,0.2926729917526245,0.5801073908805847,0.6076847314834595,0.1788247674703598,0.3361201882362366,0.4474779069423675,0.3084868192672729,0.528183102607727,0.6211150884628296
0.3103899955749511,0.4136918485164642,0.2924292087554931,0.5802003145217896,0.6071518659591675,0.1787597686052322,0.3359687328338623,0.4472286105155945,0.3083747029304504,0.5279905796051025,0.6213669180870056
0.3103400468826294,0.4137893617153168,0.2921854257583618,0.5802932977676392,0.6066190004348755,0.1786947697401046,0.3358172476291656,0.446979284286499,0.3082625567913055,0.527798056602478,0.6216186881065369
0.31029012799263,0.4138868749141693,0.2919416427612304,0.580386221408844,0.6060861349105835,0.1786297857761383,0.335665762424469,0.4467299878597259,0.308150440454483,0.5276055335998535,0.6218705773353577
0.3102402091026306,0.4139843583106994,0.2916978597640991,0.5804791450500488,0.6055533289909363,0.1785647869110107,0.3355143368244171,0.4464806616306305,0.3080383539199829,0.5274129509925842,0.6221224069595337
0.3101902902126312,0.414081871509552,0.2914540767669678,0.5805720686912537,0.6050204634666443,0.1784997880458831,0.3353628814220428,0.4462313652038574,0.307926207780838,0.5272203683853149,0.6223741769790649
0.3101403713226318,0.4141793847084045,0.2912102937698364,0.5806650519371033,0.6044875979423523,0.1784347891807556,0.3352114260196686,0.4459820389747619,0.3078140914440155,0.5270279049873352,0.6226260662078857
0.3100904524326324,0.4142768383026123,0.2909665107727051,0.5807579755783081,0.6039547324180603,0.1783698052167892,0.3350599110126495,0.4457327127456665,0.3077019453048706,0.5268353819847107,0.6228778958320618
0.310040533542633,0.4143743515014648,0.2907227575778961,0.5808509588241577,0.6034219264984131,0.1783048063516616,0.3349084854125976,0.445483386516571,0.3075898587703705,0.5266427993774414,0.6231297254562378
0.3099906146526336,0.4144718647003174,0.2904789745807647,0.5809438824653625,0.6028890609741211,0.1782398074865341,0.3347570300102234,0.4452340602874756,0.3074777126312256,0.5264503359794617,0.6233816146850586
0.3099406957626343,0.4145693480968475,0.2902351915836334,0.5810368061065674,0.6023561954498291,0.1781748086214065,0.3346055746078491,0.4449847638607025,0.3073655962944031,0.5262577533721924,0.6236333847045898
0.3098907768726349,0.4146668612957001,0.2899914383888244,0.581129789352417,0.6018233895301819,0.1781098246574401,0.3344540894031524,0.4447354078292846,0.3072534501552582,0.5260652899742126,0.6238852143287659
0.3098408579826355,0.4147643744945526,0.2897476553916931,0.5812227129936218,0.6012905240058899,0.1780448257923126,0.3343026340007782,0.4444861114025116,0.307141363620758,0.5258727073669434,0.6241370439529419
0.3097909390926361,0.4148618578910827,0.2895038723945617,0.5813156366348267,0.6007576584815979,0.177979826927185,0.3341511785984039,0.4442367851734161,0.3070292174816131,0.5256801843643188,0.6243888735771179
0.3097410202026367,0.4149593710899353,0.2892600893974304,0.5814086198806763,0.6002248525619507,0.1779148280620575,0.3339997231960296,0.443987488746643,0.3069171011447906,0.5254876613616943,0.624640703201294
0.3096911013126373,0.4150568842887878,0.2890163064002991,0.5815015435218811,0.5996919870376587,0.1778498440980911,0.333848237991333,0.4437381625175476,0.3068049550056457,0.5252951383590698,0.6248925924301147
0.3096411824226379,0.415154367685318,0.2887725234031677,0.5815945267677307,0.5991591215133667,0.1777848452329635,0.3336968123912811,0.4434888660907745,0.3066928684711456,0.5251026153564453,0.625144362449646
0.3095912337303161,0.4152518808841705,0.2885287404060364,0.5816874504089355,0.5986262559890747,0.177719846367836,0.3335453271865845,0.4432395398616791,0.3065807521343231,0.5249100923538208,0.625396192073822
0.3095413446426391,0.4153493642807007,0.288284957408905,0.5817803740501404,0.5980934500694275,0.1776548475027084,0.3333938717842102,0.442990243434906,0.3064686059951782,0.5247176289558411,0.625648021697998
0.3094913959503174,0.4154468774795532,0.2880411744117737,0.58187335729599,0.5975605845451355,0.177589863538742,0.3332424163818359,0.4427409172058105,0.3063565194606781,0.5245250463485718,0.6258999109268188
