AZ_onshore_wind_turbine_1,AZ_solar_photovoltaic_1,CA_onshore_wind_turbine_1,CA_solar_photovoltaic_1,CO_onshore_wind_turbine_1,CO_solar_photovoltaic_1,ID_onshore_wind_turbine_1,ID_solar_photovoltaic_1,MT_onshore_wind_turbine_1,MT_solar_photovoltaic_1,NM_onshore_wind_turbine_1,NM_solar_photovoltaic_1,NV_onshore_wind_turbine_1,NV_solar_photovoltaic_1,OR_onshore_wind_turbine_1,OR_solar_photovoltaic_1,UT_onshore_wind_turbine_1,UT_solar_photovoltaic_1,WA_onshore_wind_turbine_1,WA_solar_photovoltaic_1,WY_onshore_wind_turbine_1,WY_solar_photovoltaic_1,AZ_landbasedwind_class3_moderate_1,AZ_utilitypv_class1_moderate_1,CA_landbasedwind_class3_moderate_1,CA_utilitypv_class1_moderate_1,CA_offshorewind_class3_moderate_fixed_1_1,CA_offshorewind_class3_moderate_fixed_0_1,CA_offshorewind_class12_moderate_floating_0_1,CO_landbasedwind_class3_moderate_1,CO_utilitypv_class1_moderate_1,ID_landbasedwind_class3_moderate_1,ID_utilitypv_class1_moderate_1,MT_landbasedwind_class3_moderate_1,MT_utilitypv_class1_moderate_1,NM_landbasedwind_class3_moderate_1,NM_utilitypv_class1_moderate_1,NV_landbasedwind_class3_moderate_1,NV_utilitypv_class1_moderate_1,OR_landbasedwind_class3_moderate_1,OR_utilitypv_class1_moderate_1,OR_offshorewind_class3_moderate_fixed_1_1,OR_offshorewind_class3_moderate_fixed_0_1,OR_offshorewind_class12_moderate_floating_0_1,UT_landbasedwind_class3_moderate_1,UT_utilitypv_class1_moderate_1,WA_landbasedwind_class3_moderate_1,WA_utilitypv_class1_moderate_1,WA_offshorewind_class3_moderate_fixed_1_1,WA_offshorewind_class3_moderate_fixed_0_1,WA_offshorewind_class12_moderate_floating_0_1,WY_landbasedwind_class3_moderate_1,WY_utilitypv_class1_moderate_1,AZ_Deep_5_5_257_c171,AZ_Deep_6_5_283_c176,AZ_Deep_3_5_200_c161,AZ_Deep_6_5_273_c177,AZ_Deep_5_5_238_c172,AZ_Deep_6_5_263_c178,CA_NearField_2_5_254_c235,CA_NearField_3_5_270_c238,CA_NearField_4_5_283_c241,CA_Deep_4_5_262_c46,CA_Deep_5_5_290_c51,CA_NearField_5_5_289_c244,CA_NearField_3_5_228_c239,CA_NearField_4_5_253_c242,CA_Deep_5_5_278_c52,CA_Deep_4_5_243_c47,CA_Deep_3_5_214_c41,CA_Deep_5_5_269_c53,CA_NearField_2_5_203_c236,CA_NearField_5_5_268_c245,CA_Deep_6_5_298_c56,CA_Deep_5_5_263_c54,CO_Deep_5_5_268_c211,CO_Deep_6_5_290_c216,CO_Deep_3_5_198_c201,CO_Deep_4_5_218_c206,CO_Deep_6_5_277_c217,CO_Deep_5_5_240_c212,ID_Deep_5_5_285_c91,ID_Deep_5_5_269_c92,MT_Deep_4_5_213_c106,MT_Deep_3_5_188_c101,MT_Deep_5_5_236_c111,MT_Deep_6_5_262_c116,MT_Deep_3_5_179_c102,MT_Deep_4_5_191_c107,MT_Deep_6_5_232_c117,NM_Deep_5_5_272_c191,NM_Deep_6_5_294_c196,NM_Deep_6_5_284_c197,NM_Deep_5_5_250_c192,NM_Deep_4_5_219_c186,NM_Deep_6_5_274_c198,NM_Deep_5_5_236_c193,NV_NearField_2_5_239_c248,NV_NearField_3_5_262_c251,NV_NearField_4_5_271_c254,NV_Deep_4_5_249_c66,NV_NearField_5_5_283_c257,NV_Deep_5_5_273_c71,NV_NearField_2_5_200_c249,NV_NearField_3_5_216_c252,NV_Deep_5_5_265_c72,NV_Deep_3_5_211_c61,NV_Deep_6_5_296_c76,NV_Deep_6_5_290_c77,NV_Deep_5_5_254_c73,OR_NearField_2_5_261_c221,OR_NearField_3_5_288_c224,OR_NearField_2_5_225_c222,OR_NearField_4_5_288_c227,OR_NearField_3_5_239_c225,OR_NearField_5_5_300_c230,OR_NearField_2_5_200_c223,OR_Deep_4_5_250_c26,OR_Deep_5_5_282_c31,OR_NearField_5_5_275_c231,OR_NearField_4_5_239_c228,OR_Deep_5_5_268_c32,OR_NearField_6_5_300_c233,OR_Deep_6_5_296_c36,OR_Deep_4_5_229_c27,UT_NearField_2_5_250_c263,UT_NearField_3_5_286_c266,UT_NearField_2_5_225_c264,UT_NearField_4_5_288_c269,UT_NearField_3_5_239_c267,UT_Deep_3_5_230_c141,UT_NearField_5_5_288_c272,UT_Deep_5_5_282_c151,UT_NearField_2_5_200_c265,UT_NearField_4_5_239_c270,UT_Deep_4_5_229_c146,UT_Deep_5_5_256_c152,UT_Deep_6_5_291_c156,WA_Deep_6_5_294_c16,WA_Deep_5_5_256_c11,WA_Deep_6_5_272_c17,WA_Deep_4_5_214_c6,WA_Deep_5_5_231_c12,WY_Deep_4_5_207_c126,WY_Deep_6_5_261_c136,WY_Deep_5_5_225_c131,WY_Deep_3_5_170_c121,WY_Deep_3_5_166_c122,WY_Deep_6_5_228_c137,WY_Deep_3_5_160_c123,WY_Deep_4_5_179_c127,WY_Deep_3_5_153_c124,WY_Deep_6_5_213_c138
0.9367552282768778,0.0,0.5449008727600634,0.0,0.3237416676928736,0.0,0.7828898297199218,0.0,0.2902755421686747,0.0,0.7881017473528259,0.0,0.883,0.0,0.6631768193122158,0.0,0.8626306027820712,0.0,0.6772638478800048,0.0,0.4142089457034364,0.0,0.649972677230835,0.0,0.8641796112060547,0.0,0.9627205729484558,0.9627205729484558,0.9627205729484558,0.2823453843593597,0.0,0.7903096079826355,0.0,0.3449686169624328,0.0,0.4515509307384491,0.0,0.8058428168296814,0.0,0.8347896337509155,0.0,0.7907596826553345,0.7907596826553345,0.7907596826553345,0.5382845997810364,0.0,0.7602602243423462,0.0,0.9830036759376526,0.9830036759376526,0.9830036759376526,0.4200566112995147,0.0,1.05,1.05,1.07,1.03,1.04,1.03,1.02,1.02,1.02,1.01,1.0,1.02,1.02,1.02,1.01,1.0,1.01,1.0,1.02,1.02,0.99,1.0,0.99,0.99,0.99,0.99,0.98,0.99,1.01,1.01,1.0,1.0,1.0,1.0,1.0,1.0,0.99,0.99,1.0,1.0,1.0,0.99,1.0,1.0,0.99,0.99,1.0,1.02,1.0,1.03,0.99,1.0,1.02,1.01,1.04,1.03,1.02,0.98,0.98,0.98,0.98,0.98,0.9800000190734864,0.98,0.99,0.98,0.9800000190734864,0.98,0.98,0.9800000190734864,0.98,0.98,1.0199999809265137,1.02,1.0199999809265137,1.02,1.02,1.02,1.02,1.02,1.0199999809265137,1.02,1.02,1.02,1.02,0.94,0.94,0.94,0.94,0.94,1.01,1.0,1.01,1.01,1.0,1.0,1.01,1.0,1.01,1.0
0.9371309769268532,0.0,0.5000868080138908,0.0,0.2848516022750635,0.0,0.8320563878291616,0.0,0.3118922891566265,0.0,0.8314157915377577,0.0,0.909,0.0,0.5602232660956065,0.0,0.9292503863987636,0.0,0.6514022676272588,0.0,0.4305740859190003,0.0,0.6587520837783813,0.0,0.860815167427063,0.0,0.9827545881271362,0.9827545881271362,0.9827545881271362,0.2768411338329315,0.0,0.7954429388046265,0.0,0.3452553153038025,0.0,0.4734078645706177,0.0,0.7960357666015625,0.0,0.8137962222099304,0.0,0.8685813546180725,0.8685813546180725,0.8685813546180725,0.549268901348114,0.0,0.7580549716949463,0.0,0.9830036759376526,0.9830036759376526,0.9830036759376526,0.4081900417804718,0.0,1.04,1.04,1.06,1.02,1.03,1.02,1.01,1.01,1.01,1.0,1.0,1.01,1.01,1.01,1.0,1.0,1.0,1.0,1.01,1.01,0.98,1.0,0.98,0.98,0.99,0.98,0.98,0.98,1.01,1.01,0.99,0.99,0.99,0.99,0.99,0.99,0.98,0.98,0.99,0.99,0.99,0.99,0.99,0.99,0.99,0.99,1.0,1.01,1.0,1.03,0.99,0.99,1.01,1.0,1.03,1.02,1.02,0.98,0.98,0.98,0.98,0.98,0.9800000190734864,0.98,0.98,0.98,0.9800000190734864,0.98,0.97,0.9800000190734864,0.96,0.98,1.0099999904632568,1.01,1.0099999904632568,1.01,1.01,1.01,1.01,1.01,1.0099999904632568,1.01,1.01,1.01,1.01,0.94,0.93,0.93,0.93,0.93,1.0,1.0,1.0,1.0,1.0,0.99,1.0,1.0,1.0,0.99
0.910814531173294,0.0,0.445988518260518,0.0,0.2475426940750495,0.0,0.8205655531776309,0.0,0.3319281325301204,0.0,0.7464486905747526,0.0,0.941,0.0,0.4513400236127508,0.0,0.9131074188562598,0.0,0.5475779201606237,0.0,0.4182320098185385,0.0,0.660192608833313,0.0,0.8641515374183655,0.0,0.9788654446601868,0.9788654446601868,0.9788654446601868,0.268049955368042,0.0,0.8133847713470459,0.0,0.3379240036010742,0.0,0.4669263958930969,0.0,0.7880121469497681,0.0,0.7928934693336487,0.0,0.8375908136367798,0.8375908136367798,0.8375908136367798,0.5685491561889648,0.0,0.7505121231079102,0.0,0.9830036759376526,0.9830036759376526,0.9830036759376526,0.3973287045955658,0.0,1.03,1.03,1.05,1.02,1.02,1.01,1.0,1.0,1.01,1.0,1.0,1.0,1.0,1.0,1.0,1.0,1.0,1.0,1.0,1.01,0.99,1.0,0.99,0.99,1.0,0.99,0.98,0.99,1.0,1.0,0.98,0.99,0.99,0.98,0.99,0.99,0.97,0.98,0.99,0.99,0.99,0.99,0.99,0.99,1.0,1.0,1.01,1.0,1.01,1.03,1.0,1.0,1.01,1.0,1.03,1.03,1.02,0.98,0.98,0.98,0.98,0.98,0.9800000190734864,0.98,0.98,0.97,0.9800000190734864,0.98,0.97,0.9800000190734864,0.96,0.97,1.0,1.0,1.0,1.0,1.0,1.0,1.0,1.0,1.0,1.0,1.0,1.01,1.0,0.93,0.93,0.92,0.93,0.92,0.99,0.99,0.99,0.99,0.99,0.99,1.0,0.99,0.99,0.99
0.8271698576337752,0.0,0.4164345210180228,0.0,0.1657573850956125,0.0,0.8284729692007071,0.0,0.3070326506024096,0.0,0.8241833195346203,0.0,0.895,0.0,0.2378193875756738,0.0,0.9110074703760948,0.0,0.4200498700838551,0.0,0.4138428393111741,0.0,0.6405291557312012,0.0,0.8625504970550537,0.0,0.9573932886123656,0.9573932886123656,0.9573932886123656,0.2575805783271789,0.0,0.8102665543556213,0.0,0.3396730720996856,0.0,0.4647342562675476,0.0,0.764423668384552,0.0,0.7713427543640137,0.0,0.7812210917472839,0.7812210917472839,0.7812210917472839,0.580012857913971,0.0,0.7420201897621155,0.0,0.9830036759376526,0.9830036759376526,0.9830036759376526,0.379702091217041,0.0,1.03,1.03,1.04,1.01,1.02,1.01,0.99,0.99,1.0,1.01,1.0,0.99,0.99,0.99,1.0,1.0,1.0,1.0,0.99,1.01,0.99,1.0,1.0,1.0,1.0,1.0,0.99,1.0,1.0,1.0,0.98,0.99,0.98,0.98,0.98,0.98,0.97,0.98,1.0,1.0,1.0,0.99,1.0,1.0,1.01,1.01,1.02,1.01,1.02,1.03,1.01,1.02,1.02,1.0,1.04,1.03,1.02,0.98,0.98,0.98,0.98,0.98,0.9800000190734864,0.98,0.98,0.98,0.9800000190734864,0.98,0.98,0.9800000190734864,0.96,0.98,1.0,1.0,1.0,1.0,1.0,1.0,1.0,1.0,1.0,1.0,1.0,1.0,1.0,0.92,0.92,0.91,0.92,0.92,0.99,0.99,0.99,1.0,0.99,0.99,0.99,0.99,1.0,0.99
0.7533548355424643,0.0,0.5484033447885599,0.0,0.1371060924565156,0.0,0.787508420954685,0.0,0.3336127710843373,0.0,0.8704867314479933,0.0,0.983,0.0,0.1893964430153985,0.0,0.937284131890778,0.0,0.3129441655840321,0.0,0.4192534418921389,0.0,0.6350328922271729,0.0,0.8566218614578247,0.0,0.9750405550003052,0.9750405550003052,0.9750405550003052,0.2444986850023269,0.0,0.7658160924911499,0.0,0.3388034403324127,0.0,0.4626592993736267,0.0,0.7368638515472412,0.0,0.7621006965637207,0.0,0.8017028570175171,0.8017028570175171,0.8017028570175171,0.5867848992347717,0.0,0.7442474365234375,0.0,0.9830036759376526,0.9830036759376526,0.9830036759376526,0.3541318476200104,0.0,1.03,1.03,1.04,1.01,1.02,1.01,0.99,0.99,1.0,1.01,1.0,0.99,0.99,0.99,1.0,1.0,1.01,1.0,0.99,1.01,0.99,1.0,1.01,1.01,1.01,1.01,1.0,1.01,1.0,1.01,0.99,0.99,0.99,0.98,0.99,0.99,0.98,1.01,1.02,1.01,1.01,1.01,1.01,1.01,1.0,1.01,1.01,1.02,1.01,1.04,1.0,1.02,1.03,1.01,1.04,1.04,1.03,0.99,0.99,0.99,0.99,0.99,0.9900000095367432,0.99,0.99,0.99,0.9900000095367432,0.99,0.99,0.9900000095367432,0.97,0.99,1.0099999904632568,1.01,1.0099999904632568,1.01,1.01,1.01,1.01,1.01,1.0099999904632568,1.01,1.01,1.01,1.01,0.92,0.92,0.92,0.92,0.93,1.0,1.0,1.0,1.0,1.0,1.0,1.0,1.0,1.0,1.0
0.8030174766813941,0.0,0.6093249871209774,0.0,0.1125629615849688,0.0,0.7076012840792779,0.0,0.3198895180722891,0.0,0.8909177306200705,0.0,0.968,0.0,0.3525272425833354,0.0,0.9704299330242144,0.0,0.2948447206802882,0.0,0.2872721172366547,0.0,0.6245166659355164,0.0,0.8576123118400574,0.0,0.9756518602371216,0.9756518602371216,0.9756518602371216,0.2343402057886123,0.0,0.7345932722091675,0.0,0.3302949965000152,0.0,0.4759910702705383,0.0,0.6779239773750305,0.0,0.7653039693832397,0.0,0.9026522636413574,0.9026522636413574,0.9026522636413574,0.579799234867096,0.0,0.7360151410102844,0.0,0.9487306475639344,0.9487306475639344,0.9487306475639344,0.3255942463874817,0.0,1.04,1.03,1.05,1.02,1.03,1.02,1.0,1.0,1.01,1.01,1.01,1.0,1.0,1.0,1.01,1.01,1.01,1.0,1.0,1.02,0.99,1.01,1.03,1.03,1.03,1.03,1.02,1.02,1.02,1.02,1.01,1.01,1.01,1.0,1.01,1.01,0.99,1.04,1.04,1.04,1.04,1.04,1.04,1.03,1.01,1.01,1.02,1.03,1.02,1.04,1.01,1.02,1.04,1.02,1.05,1.04,1.04,0.99,0.99,0.99,0.99,0.99,0.9900000095367432,0.99,1.0,0.99,0.9900000095367432,0.99,0.99,0.9900000095367432,0.98,0.99,1.0299999713897705,1.03,1.0299999713897705,1.03,1.03,1.02,1.03,1.03,1.0299999713897705,1.03,1.03,1.03,1.03,0.93,0.93,0.93,0.93,0.94,1.02,1.02,1.02,1.02,1.02,1.02,1.01,1.02,1.02,1.02
0.8410006872852236,0.0,0.6502379713020499,0.0,0.0941630359966514,0.0,0.6269511491579045,0.0,0.327289156626506,0.0,0.8898281842346071,0.0,0.983,0.0,0.3483310557914039,0.0,0.9363307573415766,0.0,0.3526072103460494,0.0,0.2537280058615442,0.0,0.6066705584526062,0.0,0.8584209680557251,0.0,0.9736101031303406,0.9736101031303406,0.9736101031303406,0.2252358347177505,0.0,0.7156839966773987,0.0,0.325469821691513,0.0,0.4918174743652344,0.0,0.6538035869598389,0.0,0.7686346769332886,0.0,0.9184464812278748,0.9184464812278748,0.9184464812278748,0.5678727030754089,0.0,0.733521580696106,0.0,0.9709999561309814,0.9709999561309814,0.9709999561309814,0.3038399219512939,0.0,1.04,1.04,1.06,1.04,1.04,1.03,1.01,1.01,1.02,1.02,1.01,1.01,1.01,1.01,1.01,1.01,1.01,1.01,1.01,1.02,1.0,1.01,1.04,1.04,1.04,1.04,1.03,1.03,1.03,1.03,1.03,1.03,1.03,1.03,1.03,1.03,1.01,1.05,1.05,1.05,1.05,1.05,1.05,1.05,1.02,1.02,1.03,1.04,1.03,1.05,1.02,1.03,1.04,1.03,1.06,1.05,1.05,1.0,1.0,1.0,1.0,1.0,1.0,1.0,1.01,1.0,1.0,1.0,1.0,1.0,0.98,1.0,1.0499999523162842,1.05,1.0499999523162842,1.05,1.05,1.04,1.05,1.04,1.0499999523162842,1.05,1.04,1.04,1.04,0.94,0.94,0.94,0.94,0.95,1.04,1.04,1.04,1.04,1.04,1.03,1.03,1.04,1.04,1.04
0.4896578301423662,0.0,0.6438588976168729,0.0,0.0754893498279229,0.0,0.5570726714431935,0.0,0.3314566265060241,0.0,0.7551726001132947,0.0,0.959,0.0,0.2958490793539149,0.0,0.8064082946934571,0.0,0.4207605113971891,0.0,0.1828758261535536,0.0,0.580615758895874,0.0,0.8784769773483276,0.0,0.9798186421394348,0.9798186421394348,0.9798186421394348,0.219071164727211,0.0,0.700140655040741,0.0,0.3244538903236389,0.0,0.4865857660770416,0.0,0.6399597525596619,0.0,0.7733820080757141,0.0,0.9234762787818908,0.9234762787818908,0.9234762787818908,0.5623752474784851,0.0,0.7307472229003906,0.0,0.9415914416313172,0.9415914416313172,0.9415914416313172,0.293152242898941,0.0,1.05,1.05,1.06,1.04,1.05,1.04,1.02,1.02,1.02,1.02,1.01,1.02,1.02,1.02,1.01,1.01,1.02,1.01,1.02,1.02,1.01,1.02,1.04,1.04,1.05,1.04,1.04,1.04,1.04,1.04,1.04,1.04,1.04,1.04,1.05,1.04,1.02,1.06,1.05,1.05,1.05,1.06,1.05,1.05,1.03,1.03,1.04,1.05,1.04,1.06,1.03,1.04,1.05,1.04,1.06,1.05,1.05,1.0,1.0,1.0,1.0,1.0,1.0,1.0,1.01,1.0,1.0,1.0,1.0,1.0,0.99,1.0,1.0499999523162842,1.05,1.0499999523162842,1.05,1.05,1.04,1.05,1.04,1.0499999523162842,1.05,1.04,1.04,1.04,0.95,0.94,0.95,0.95,0.95,1.06,1.06,1.06,1.06,1.06,1.04,1.05,1.06,1.06,1.04
0.5007079037800687,0.0,0.5173018799303453,0.0,0.0622072365361361,0.0,0.4330092118730809,0.0,0.2992732530120481,0.0,0.7536527953287724,0.0,0.937,0.0,0.3026633424602477,0.0,0.8559247810407007,0.0,0.5051597673319949,0.0,0.2196810997018136,0.0,0.5624427795410156,0.0,0.8848190903663635,0.0,0.9828106164932252,0.9828106164932252,0.9828106164932252,0.2139840722084045,0.0,0.6883442401885986,0.0,0.3219188749790191,0.0,0.4883750379085541,0.0,0.6337524056434631,0.0,0.7806180715560913,0.0,0.9600074887275696,0.9600074887275696,0.9600074887275696,0.5616286993026733,0.0,0.717734694480896,0.0,0.9004411697387695,0.9004411697387695,0.9004411697387695,0.2940013706684112,0.0,1.06,1.06,1.07,1.05,1.05,1.05,1.03,1.03,1.03,1.02,1.02,1.03,1.03,1.03,1.02,1.02,1.02,1.01,1.03,1.03,1.01,1.02,1.05,1.05,1.05,1.05,1.05,1.05,1.05,1.04,1.05,1.04,1.05,1.05,1.05,1.05,1.04,1.06,1.06,1.06,1.06,1.06,1.06,1.06,1.04,1.04,1.05,1.06,1.05,1.06,1.04,1.05,1.05,1.05,1.06,1.06,1.05,1.0,1.0,1.0,1.0,1.0,1.0,1.0,1.01,1.0,1.0,1.0,1.0,1.0,0.99,1.0,1.0499999523162842,1.05,1.0499999523162842,1.05,1.05,1.05,1.05,1.05,1.0499999523162842,1.05,1.05,1.05,1.05,0.95,0.95,0.95,0.95,0.95,1.07,1.06,1.07,1.06,1.07,1.06,1.07,1.06,1.06,1.05
0.7113120274914089,0.0032046473350974,0.589794545277226,0.0,0.0717252720677146,0.0409031652834186,0.406928538196706,0.0,0.2809507228915662,0.0,0.7605211991807922,0.0416686680870295,0.837,0.0,0.4352611218568665,0.0,0.7607174137042763,0.000378904059038,0.5282943191212944,0.0,0.2885460317182857,0.0,0.5286037921905518,0.0027509392239153,0.8854949474334717,0.0,0.980106234550476,0.980106234550476,0.980106234550476,0.2204136699438095,0.0153570156544446,0.6786825656890869,0.0,0.3125492334365845,0.0,0.5180744528770447,0.0089894058182835,0.6272591352462769,2.920312363130506e-5,0.7910189628601074,0.0,0.9626259207725524,0.9626259207725524,0.9626259207725524,0.533882200717926,0.0,0.7188623547554016,0.0,0.9821398854255676,0.9821398854255676,0.9821398854255676,0.2998884320259094,0.0129346884787082,1.06,1.06,1.07,1.05,1.05,1.05,1.04,1.04,1.03,1.02,1.02,1.04,1.04,1.04,1.02,1.02,1.02,1.01,1.04,1.03,1.01,1.02,1.06,1.06,1.06,1.06,1.05,1.05,1.05,1.05,1.05,1.04,1.05,1.05,1.05,1.05,1.04,1.06,1.06,1.06,1.06,1.06,1.06,1.06,1.06,1.06,1.06,1.06,1.06,1.07,1.06,1.06,1.06,1.06,1.07,1.06,1.06,1.01,1.01,1.01,1.01,1.01,1.0099999904632568,1.01,1.01,1.0,1.0099999904632568,1.01,1.0,1.0099999904632568,0.99,1.01,1.0499999523162842,1.05,1.0499999523162842,1.05,1.05,1.05,1.05,1.05,1.0499999523162842,1.05,1.05,1.05,1.05,0.95,0.95,0.95,0.95,0.96,1.06,1.06,1.06,1.05,1.06,1.06,1.07,1.06,1.05,1.06
0.8378531173294059,0.1506391819622506,0.5742758620034994,0.122833495463142,0.0788574830248348,0.1276067676143387,0.4423803852237834,0.105825,0.3048318674698795,0.0154435028248587,0.7120677589437447,0.1258275550390599,0.943,0.1121205958326986,0.4875612549925896,0.0040645820238843,0.7246831530139105,0.1409754139938918,0.5962397248139838,0.0,0.2525008721423345,0.0845,0.5396619439125061,0.1072147190570831,0.8791698217391968,0.016630558297038,0.9784938097000122,0.9784938097000122,0.9784938097000122,0.2226775735616684,0.1408751606941223,0.649449348449707,0.0306461248546838,0.3054928779602051,0.0815250724554061,0.5282384157180786,0.1347906291484832,0.6048026084899902,0.0484113581478595,0.7942051291465759,0.002522520488128,0.9529302716255188,0.9529302716255188,0.9529302716255188,0.5083247423171997,0.0736019238829612,0.7126503586769104,0.0006368827889673,0.9830036759376526,0.9830036759376526,0.9830036759376526,0.2929594218730926,0.1222579926252365,1.06,1.06,1.07,1.06,1.06,1.05,1.04,1.04,1.03,1.02,1.02,1.04,1.04,1.04,1.02,1.02,1.02,1.01,1.04,1.03,1.01,1.02,1.06,1.06,1.06,1.06,1.06,1.06,1.05,1.05,1.05,1.04,1.05,1.06,1.05,1.05,1.05,1.06,1.06,1.06,1.06,1.06,1.06,1.06,1.07,1.07,1.07,1.07,1.07,1.07,1.07,1.07,1.06,1.07,1.07,1.06,1.06,1.01,1.01,1.01,1.01,1.01,1.0099999904632568,1.01,1.01,1.0,1.0099999904632568,1.01,1.01,1.0099999904632568,0.99,1.01,1.0499999523162842,1.05,1.0499999523162842,1.05,1.05,1.05,1.05,1.05,1.0499999523162842,1.05,1.05,1.05,1.05,0.96,0.95,0.95,0.95,0.96,1.06,1.06,1.06,1.05,1.06,1.06,1.07,1.06,1.05,1.07
0.6873604320078547,0.1608140751270483,0.4927108891709644,0.2236307958159657,0.0456773881499395,0.0950103302136677,0.4450055829533823,0.2588499999999999,0.2927693373493976,0.0366949152542372,0.7658204714802389,0.1844879269158758,0.71,0.1724359047504994,0.5470978421964883,0.1242594684541449,0.7375664605873262,0.2255463354628495,0.5731841266091886,0.0530005307855626,0.3684097318248585,0.018,0.4884416759014129,0.2642021477222442,0.8695566058158875,0.1767313331365585,0.9764405488967896,0.9764405488967896,0.9764405488967896,0.199446901679039,0.2236491590738296,0.6297622919082642,0.2082815617322921,0.2831112444400787,0.2421255707740783,0.5296728610992432,0.2663332819938659,0.5433061718940735,0.2245413362979889,0.7918245792388916,0.1071161404252052,0.9566068053245544,0.9566068053245544,0.9566068053245544,0.49974524974823,0.2253114730119705,0.7061824202537537,0.1210779547691345,0.9830036759376526,0.9830036759376526,0.9830036759376526,0.2643814384937286,0.1939850449562072,1.07,1.07,1.08,1.06,1.06,1.06,1.04,1.04,1.03,1.02,1.02,1.04,1.04,1.04,1.02,1.02,1.03,1.02,1.04,1.03,1.01,1.02,1.07,1.07,1.07,1.07,1.06,1.07,1.05,1.04,1.05,1.04,1.05,1.06,1.05,1.05,1.05,1.07,1.07,1.07,1.07,1.07,1.07,1.07,1.08,1.08,1.07,1.07,1.07,1.07,1.08,1.07,1.06,1.07,1.07,1.06,1.06,1.01,1.01,1.01,1.01,1.01,1.0099999904632568,1.01,1.01,1.0,1.0099999904632568,1.01,1.01,1.0099999904632568,0.99,1.01,1.0499999523162842,1.05,1.0499999523162842,1.05,1.05,1.05,1.05,1.05,1.0499999523162842,1.05,1.05,1.05,1.05,0.96,0.95,0.95,0.95,0.96,1.06,1.06,1.06,1.04,1.06,1.07,1.07,1.06,1.04,1.07
0.6929963672066766,0.1864674674406898,0.3877829449829841,0.2779857126083518,0.0387533438749883,0.1444956957443051,0.4208726156136596,0.187525,0.2418886746987952,0.0403531073446327,0.8636102226676543,0.197169345987475,0.915,0.1919854658144508,0.4639260971137179,0.1602322220628022,0.8180553838227719,0.2181746856618832,0.5803874158497698,0.0733864118895966,0.5858217421168935,0.0615,0.4707545340061188,0.3291807174682617,0.8780404329299927,0.3188381791114807,0.9731212854385376,0.9731212854385376,0.9731212854385376,0.1801885962486267,0.2327290773391723,0.5781154632568359,0.3760243654251098,0.241340234875679,0.3204908370971679,0.6088054776191711,0.3068705201148987,0.5151187777519226,0.345850795507431,0.7915181517601013,0.2531549632549286,0.9523711204528807,0.9523711204528807,0.9523711204528807,0.4960948228836059,0.3120693266391754,0.6530838012695312,0.3055194318294525,0.9830036759376526,0.9830036759376526,0.9830036759376526,0.2192031741142273,0.2286598980426788,1.08,1.07,1.08,1.07,1.07,1.06,1.04,1.04,1.03,1.02,1.02,1.04,1.04,1.04,1.02,1.02,1.03,1.02,1.04,1.03,1.02,1.03,1.07,1.07,1.07,1.07,1.07,1.07,1.04,1.04,1.05,1.03,1.05,1.05,1.05,1.05,1.05,1.07,1.07,1.07,1.07,1.07,1.07,1.07,1.08,1.08,1.08,1.07,1.08,1.08,1.08,1.08,1.07,1.07,1.07,1.07,1.07,1.01,1.01,1.01,1.01,1.01,1.0099999904632568,1.01,1.02,1.01,1.0099999904632568,1.01,1.01,1.0099999904632568,0.99,1.01,1.059999942779541,1.06,1.059999942779541,1.06,1.06,1.05,1.06,1.05,1.059999942779541,1.06,1.05,1.06,1.06,0.96,0.95,0.95,0.95,0.96,1.05,1.06,1.06,1.04,1.06,1.07,1.05,1.06,1.04,1.07
0.7030470299459991,0.1843861937909899,0.3563639469147915,0.301716782395977,0.0485313411972492,0.1308320236623698,0.3792425793244626,0.2221,0.1933226506024096,0.0465536723163841,0.9331608348947666,0.2095647233520562,0.943,0.1986432342607311,0.373580245673089,0.1490587377644156,0.7655453374549203,0.2214442875460855,0.6015674382898312,0.0765737791932059,0.6389271868019857,0.066,0.4823799431324005,0.3475024104118347,0.902825653553009,0.3259996473789215,0.979806900024414,0.979806900024414,0.979806900024414,0.1823916435241699,0.2575095593929291,0.5391788482666016,0.3958718776702881,0.2004452496767044,0.3098236918449402,0.678790271282196,0.3176917135715484,0.5478051900863647,0.3824898302555084,0.7933045625686646,0.2891771197319031,0.9513293504714966,0.9513293504714966,0.9513293504714966,0.5222557783126831,0.327364981174469,0.5526560544967651,0.3482359647750854,0.9830036759376526,0.9830036759376526,0.9830036759376526,0.2056885361671447,0.2493340075016021,1.08,1.07,1.08,1.07,1.07,1.07,1.05,1.04,1.04,1.02,1.02,1.04,1.04,1.04,1.02,1.02,1.03,1.02,1.04,1.03,1.02,1.03,1.08,1.08,1.07,1.08,1.07,1.07,1.04,1.04,1.05,1.03,1.05,1.05,1.05,1.05,1.05,1.08,1.07,1.07,1.07,1.08,1.07,1.07,1.08,1.08,1.08,1.08,1.08,1.08,1.08,1.08,1.07,1.08,1.08,1.07,1.07,1.02,1.02,1.02,1.02,1.02,1.0199999809265137,1.02,1.02,1.01,1.0199999809265137,1.02,1.01,1.0199999809265137,0.99,1.01,1.059999942779541,1.06,1.059999942779541,1.06,1.06,1.05,1.06,1.05,1.059999942779541,1.06,1.06,1.06,1.06,0.95,0.95,0.95,0.95,0.96,1.05,1.05,1.05,1.04,1.05,1.07,1.04,1.05,1.04,1.06
0.7224745213549337,0.1650669646128524,0.3870824348049203,0.3322596548945181,0.0390770773486713,0.0958034610630408,0.4375810923978784,0.303075,0.1518349397590361,0.0614971751412429,0.9158979911978736,0.1986235392859448,0.949,0.2072911192105424,0.3617279760858097,0.1993023660972676,0.6548948995363215,0.2021518461999063,0.5458182355025394,0.0792003715498938,0.7988942079313582,0.0755,0.4780424833297729,0.3561312258243561,0.9310007691383362,0.3536109626293182,0.9780494570732116,0.9780494570732116,0.9780494570732116,0.2008085995912552,0.2715932726860046,0.5544220209121704,0.3780370354652405,0.1780736148357391,0.3034177720546722,0.7026693820953369,0.3270120322704315,0.6055947542190552,0.3984773159027099,0.7934128642082214,0.2749946713447571,0.9761782884597778,0.9761782884597778,0.9761782884597778,0.5457742810249329,0.3387250602245331,0.5060877799987793,0.3155260980129242,0.9830036759376526,0.9830036759376526,0.9830036759376526,0.219259113073349,0.2624441981315613,1.07,1.07,1.07,1.07,1.07,1.07,1.05,1.05,1.04,1.02,1.02,1.05,1.05,1.05,1.02,1.02,1.03,1.02,1.05,1.03,1.02,1.03,1.08,1.08,1.07,1.08,1.07,1.07,1.04,1.04,1.05,1.03,1.05,1.05,1.05,1.05,1.05,1.08,1.07,1.07,1.07,1.08,1.07,1.07,1.09,1.09,1.08,1.08,1.08,1.09,1.09,1.08,1.08,1.08,1.08,1.08,1.08,1.02,1.02,1.02,1.02,1.02,1.0199999809265137,1.02,1.02,1.01,1.0199999809265137,1.02,1.01,1.0199999809265137,1.0,1.01,1.059999942779541,1.06,1.059999942779541,1.06,1.06,1.06,1.06,1.06,1.059999942779541,1.06,1.06,1.06,1.06,0.95,0.95,0.95,0.95,0.96,1.05,1.05,1.05,1.04,1.05,1.06,1.04,1.05,1.04,1.06
0.7627947962690231,0.1632598701358249,0.335839802849625,0.3395627270730592,0.1195279693585173,0.0527888486667843,0.4621516702335535,0.3482499999999999,0.1485290963855421,0.0580508474576271,0.921207721469345,0.1998788172251275,0.946,0.2278169570452503,0.4197284784847647,0.2026889236713066,0.716881504379186,0.1807450284215478,0.5807855497815048,0.065363322717622,0.8250755050918118,0.079,0.4978997707366943,0.3598012626171112,0.923696994781494,0.3500069975852966,0.9695806503295898,0.9695806503295898,0.9695806503295898,0.2390003055334091,0.2691633403301239,0.6014453768730164,0.3699972927570343,0.1671156287193298,0.3053940236568451,0.7153757810592651,0.3294351398944855,0.6560277938842773,0.3917255401611328,0.8200544118881226,0.2549635469913482,0.9803841710090636,0.9803841710090636,0.9803841710090636,0.5851664543151855,0.3434851765632629,0.4766538441181183,0.2894898653030395,0.9830036759376526,0.9830036759376526,0.9830036759376526,0.238821879029274,0.2556102871894836,1.07,1.07,1.07,1.07,1.07,1.07,1.05,1.04,1.04,1.02,1.01,1.04,1.04,1.04,1.02,1.02,1.02,1.02,1.04,1.02,1.02,1.02,1.07,1.07,1.07,1.07,1.07,1.07,1.04,1.04,1.04,1.03,1.05,1.05,1.04,1.05,1.05,1.08,1.07,1.07,1.07,1.07,1.07,1.07,1.08,1.08,1.08,1.08,1.08,1.09,1.08,1.08,1.08,1.08,1.09,1.08,1.08,1.03,1.03,1.03,1.03,1.03,1.0299999713897705,1.03,1.02,1.01,1.0299999713897705,1.03,1.01,1.0299999713897705,1.0,1.01,1.059999942779541,1.06,1.059999942779541,1.06,1.06,1.06,1.06,1.06,1.059999942779541,1.06,1.06,1.06,1.06,0.95,0.95,0.95,0.95,0.96,1.04,1.05,1.05,1.04,1.05,1.06,1.04,1.05,1.04,1.06
0.8113320569464899,0.0984223457864018,0.184351627341583,0.3307989559627525,0.1934492419309831,0.0313738521984813,0.5035658323253001,0.2232749999999999,0.165133734939759,0.0194463276836158,0.8637616889624821,0.1485792175092,0.869,0.1861416772873608,0.5019677459870884,0.2505617907648682,0.777927872230809,0.1416647846473894,0.6235338077241054,0.0927656581740976,0.8570562235466601,0.0144999999999999,0.5211014747619629,0.3566125333309173,0.9295949935913086,0.33511483669281,0.96540629863739,0.96540629863739,0.96540629863739,0.285350501537323,0.2693084180355072,0.6419764161109924,0.3697632551193237,0.1652405560016632,0.3230410814285278,0.7235425710678101,0.3195216357707977,0.6936198472976685,0.386839210987091,0.8360709547996521,0.2306181341409683,0.982781171798706,0.982781171798706,0.982781171798706,0.5978983044624329,0.3578610718250274,0.5153370499610901,0.2671734392642975,0.980216383934021,0.980216383934021,0.980216383934021,0.2633622884750366,0.2487615644931793,1.07,1.08,1.07,1.07,1.07,1.07,1.06,1.05,1.05,1.02,1.01,1.05,1.05,1.05,1.02,1.02,1.02,1.01,1.05,1.03,1.02,1.02,1.07,1.07,1.07,1.07,1.07,1.07,1.04,1.04,1.04,1.03,1.05,1.05,1.04,1.05,1.05,1.07,1.07,1.07,1.07,1.07,1.07,1.07,1.09,1.09,1.08,1.09,1.08,1.09,1.09,1.08,1.08,1.08,1.09,1.08,1.08,1.02,1.02,1.02,1.02,1.02,1.0199999809265137,1.02,1.02,1.01,1.0199999809265137,1.02,1.01,1.0199999809265137,1.0,1.01,1.0700000524520874,1.07,1.0700000524520874,1.07,1.07,1.06,1.07,1.06,1.0700000524520874,1.07,1.06,1.07,1.06,0.95,0.95,0.95,0.95,0.96,1.04,1.05,1.05,1.04,1.05,1.05,1.04,1.05,1.04,1.06
0.8310082474226805,0.1921857037435951,0.2315225303905742,0.332967523870904,0.2199531578457817,0.1544832244393431,0.5176682795198659,0.192125,0.1656952409638554,0.2397090395480225,0.8101627086147545,0.2205767318742333,0.909,0.2492668793784919,0.6711394910698586,0.3258949634576234,0.7339028851107677,0.1935839585980333,0.6927151293256173,0.1843880042462845,0.8662984848971856,0.01,0.5499507784843445,0.3547398149967193,0.9273593425750732,0.3019095957279205,0.968353509902954,0.968353509902954,0.968353509902954,0.3293606042861938,0.2508338689804077,0.6735072135925293,0.3519004881381988,0.1765347272157669,0.3109650015830993,0.7080096006393433,0.3004100024700165,0.7167516350746155,0.3706498444080353,0.8504613041877747,0.1858517527580261,0.9829907417297364,0.9829907417297364,0.9829907417297364,0.5850071907043457,0.3586668968200683,0.5544543266296387,0.2257587611675262,0.9830036759376526,0.9830036759376526,0.9830036759376526,0.3036791682243347,0.2191232442855835,1.07,1.08,1.07,1.07,1.07,1.07,1.06,1.05,1.05,1.02,1.01,1.05,1.05,1.05,1.02,1.02,1.03,1.01,1.05,1.03,1.02,1.02,1.08,1.07,1.07,1.07,1.07,1.07,1.03,1.04,1.04,1.02,1.04,1.05,1.04,1.05,1.05,1.07,1.07,1.07,1.07,1.07,1.07,1.07,1.09,1.09,1.08,1.08,1.08,1.1,1.09,1.08,1.08,1.08,1.09,1.09,1.08,1.02,1.02,1.02,1.02,1.02,1.0199999809265137,1.02,1.01,1.01,1.0199999809265137,1.02,1.01,1.0199999809265137,1.0,1.01,1.0700000524520874,1.07,1.0700000524520874,1.07,1.07,1.06,1.07,1.07,1.0700000524520874,1.07,1.07,1.07,1.07,0.95,0.95,0.95,0.95,0.95,1.04,1.05,1.05,1.04,1.05,1.05,1.04,1.05,1.04,1.05
0.794460382916053,0.0486583649482775,0.1795652780441315,0.2071927205256272,0.2395928150853224,0.001371711107187,0.6535853726621382,0.0552249999999999,0.175309156626506,0.0001101694915254,0.7094825046843,0.010140228549293,0.883,0.119896962699908,0.6633888065512825,0.2488106167756589,0.5540896445131376,0.0619629861744206,0.7428793256171019,0.3194984076433121,0.8106545181470092,0.0,0.5678181648254395,0.2494692504405975,0.8928452730178833,0.2250308245420456,0.9762269854545592,0.9762269854545592,0.9762269854545592,0.348987877368927,0.1068367362022399,0.7123196721076965,0.2145657539367675,0.2055502831935882,0.1418990194797516,0.6429360508918762,0.1787295192480087,0.6872408986091614,0.2488204687833786,0.8599528074264526,0.1356753706932068,0.9827725887298584,0.9827725887298584,0.9827725887298584,0.5450840592384338,0.2233505547046661,0.6558126211166382,0.1292116045951843,0.982139527797699,0.982139527797699,0.982139527797699,0.3458470404148102,0.1023999452590942,1.07,1.08,1.07,1.07,1.07,1.07,1.06,1.05,1.05,1.03,1.02,1.05,1.05,1.05,1.02,1.02,1.03,1.02,1.05,1.03,1.02,1.02,1.08,1.08,1.07,1.08,1.07,1.07,1.04,1.04,1.04,1.03,1.05,1.05,1.04,1.05,1.05,1.07,1.06,1.07,1.07,1.07,1.06,1.07,1.09,1.09,1.09,1.09,1.09,1.1,1.09,1.08,1.08,1.08,1.09,1.09,1.09,1.02,1.02,1.02,1.02,1.02,1.0199999809265137,1.02,1.01,1.0,1.0199999809265137,1.02,1.01,1.0199999809265137,1.0,1.01,1.0700000524520874,1.07,1.0700000524520874,1.07,1.07,1.07,1.07,1.07,1.0700000524520874,1.07,1.07,1.07,1.07,0.95,0.95,0.95,0.95,0.96,1.05,1.05,1.05,1.04,1.05,1.05,1.04,1.05,1.04,1.05
0.491225527736868,0.0,0.2426459471922497,0.0199241153075569,0.1821490728874423,0.0,0.7533780589932074,0.0,0.2129669879518072,0.0,0.48830768225195,0.0,0.933,0.003940597808314,0.5930201713180437,0.0469839897160897,0.666729778464709,0.0,0.7100143203023503,0.0419585987261146,0.8651794151583243,0.0,0.5738047957420349,0.033167365938425,0.8912314176559448,0.0570897981524467,0.9723855257034302,0.9723855257034302,0.9723855257034302,0.3497445583343506,0.0039226775988936,0.7493058443069458,0.0306885447353124,0.2353599369525909,0.0036419131793081,0.537937581539154,0.0155610088258981,0.6386582851409912,0.0358319394290447,0.8635112643241882,0.0384808704257011,0.9822635650634766,0.9822635650634766,0.9822635650634766,0.5366456508636475,0.0248014479875564,0.7542195916175842,0.0237312465906143,0.9830036759376526,0.9830036759376526,0.9830036759376526,0.367344319820404,0.00187989405822,1.07,1.07,1.07,1.07,1.07,1.07,1.07,1.06,1.06,1.03,1.02,1.06,1.06,1.06,1.02,1.02,1.03,1.02,1.06,1.04,1.02,1.03,1.08,1.08,1.08,1.08,1.07,1.07,1.04,1.04,1.04,1.03,1.05,1.05,1.04,1.05,1.05,1.07,1.06,1.07,1.07,1.07,1.06,1.06,1.09,1.09,1.09,1.08,1.09,1.1,1.09,1.08,1.08,1.08,1.09,1.09,1.08,1.01,1.01,1.01,1.01,1.01,1.0099999904632568,1.01,1.02,1.0,1.0099999904632568,1.01,1.01,1.0099999904632568,0.99,1.01,1.0700000524520874,1.07,1.0700000524520874,1.07,1.07,1.07,1.07,1.07,1.0700000524520874,1.07,1.07,1.07,1.07,0.95,0.95,0.95,0.95,0.96,1.05,1.05,1.05,1.04,1.05,1.05,1.04,1.05,1.04,1.05
0.3423349042709868,0.0,0.2992614963897683,7.742868132242497e-5,0.1942748065791604,0.0,0.8464102540243787,0.0,0.1954377710843373,0.0,0.4539057475271253,0.0,0.453,0.0,0.4845178226029289,0.0,0.3651955177743431,0.0,0.6190312389276014,0.0,0.868044404265613,0.0,0.6277489066123962,0.0,0.8817384839057922,0.000109909728053,0.9638265371322632,0.9638265371322632,0.9638265371322632,0.3272877335548401,0.0,0.7504314184188843,0.0,0.2532725930213928,0.0,0.4820561707019806,0.0,0.5909388065338135,0.0,0.8502717614173889,1.0090585078614823e-7,0.9828972816467284,0.9828972816467284,0.9828972816467284,0.4963141083717346,0.0,0.7986888885498047,0.0,0.9818153977394104,0.9818153977394104,0.9818153977394104,0.3777428567409515,0.0,1.07,1.07,1.07,1.07,1.07,1.07,1.07,1.06,1.06,1.03,1.02,1.06,1.06,1.06,1.02,1.02,1.03,1.02,1.06,1.04,1.02,1.02,1.07,1.07,1.07,1.07,1.06,1.06,1.04,1.04,1.05,1.04,1.05,1.05,1.05,1.05,1.05,1.07,1.06,1.06,1.06,1.06,1.06,1.06,1.09,1.09,1.09,1.08,1.09,1.09,1.09,1.08,1.08,1.08,1.09,1.09,1.09,1.01,1.01,1.01,1.01,1.01,1.0099999904632568,1.01,1.01,1.0,1.0099999904632568,1.01,1.01,1.0099999904632568,0.99,1.01,1.0700000524520874,1.07,1.0700000524520874,1.07,1.07,1.07,1.07,1.07,1.0700000524520874,1.07,1.07,1.08,1.08,0.95,0.95,0.95,0.95,0.96,1.04,1.05,1.05,1.03,1.05,1.05,1.04,1.05,1.03,1.04
0.1731754540991654,0.0,0.3427551930035133,0.0,0.2363151992606161,0.0,0.8317717502558852,0.0,0.2509157831325301,0.0,0.3610498932415356,0.0,0.366,0.0,0.4384497726644729,0.0,0.2945935085007728,0.0,0.5369283099090587,0.0,0.8861735565443382,0.0,0.7114235758781433,0.0,0.8576472997665405,0.0,0.9697347283363342,0.9697347283363342,0.9697347283363342,0.2872844934463501,0.0,0.7305744290351868,0.0,0.2652085423469543,0.0,0.4376002550125122,0.0,0.5616003274917603,0.0,0.8315512537956238,0.0,0.9826558828353882,0.9826558828353882,0.9826558828353882,0.4727625548839569,0.0,0.8038517236709595,0.0,0.9829837679862976,0.9829837679862976,0.9829837679862976,0.4081925451755523,0.0,1.06,1.06,1.07,1.06,1.06,1.06,1.07,1.06,1.06,1.03,1.02,1.06,1.06,1.06,1.02,1.02,1.03,1.02,1.06,1.05,1.01,1.02,1.05,1.05,1.05,1.05,1.04,1.05,1.04,1.04,1.05,1.04,1.05,1.05,1.05,1.05,1.05,1.05,1.04,1.05,1.05,1.05,1.04,1.04,1.08,1.08,1.08,1.08,1.08,1.09,1.08,1.07,1.08,1.07,1.08,1.08,1.08,1.01,1.01,1.01,1.01,1.01,1.0099999904632568,1.01,1.01,1.0,1.0099999904632568,1.01,1.0,1.0099999904632568,0.99,1.0,1.059999942779541,1.06,1.059999942779541,1.06,1.06,1.06,1.06,1.06,1.059999942779541,1.06,1.06,1.07,1.07,0.96,0.95,0.95,0.95,0.96,1.03,1.04,1.04,1.02,1.04,1.04,1.04,1.04,1.02,1.03
0.2751893961708395,0.0,0.3957201414913291,0.0,0.2215774860352635,0.0,0.8524214199311435,0.0,0.2985592771084338,0.0,0.2821157348904091,0.0,0.834,0.0,0.4217362907885151,0.0,0.437843379701185,0.0,0.4949268631156254,0.0,0.8800597783318783,0.0,0.7859731316566467,0.0,0.8291806578636169,0.0,0.9447372555732728,0.9447372555732728,0.9447372555732728,0.2677555680274963,0.0,0.7005438208580017,0.0,0.2660181522369385,0.0,0.4389050304889679,0.0,0.5071618556976318,0.0,0.8207331895828247,0.0,0.9817638993263244,0.9817638993263244,0.9817638993263244,0.4394688308238983,0.0,0.7814638614654541,0.0,0.9830036759376526,0.9830036759376526,0.9830036759376526,0.4266137480735779,0.0,1.05,1.05,1.06,1.04,1.04,1.04,1.05,1.05,1.04,1.03,1.02,1.05,1.05,1.05,1.02,1.02,1.03,1.02,1.05,1.04,1.01,1.02,1.02,1.02,1.03,1.02,1.02,1.02,1.03,1.03,1.03,1.02,1.03,1.03,1.03,1.03,1.03,1.02,1.03,1.03,1.03,1.03,1.02,1.02,1.05,1.05,1.05,1.06,1.06,1.07,1.05,1.05,1.06,1.06,1.07,1.06,1.06,1.0,1.0,1.0,1.0,1.0,1.0,1.0,1.0,0.99,1.0,1.0,1.0,1.0,0.99,1.0,1.0499999523162842,1.05,1.0499999523162842,1.05,1.05,1.05,1.05,1.05,1.0499999523162842,1.05,1.05,1.05,1.05,0.95,0.95,0.95,0.95,0.96,1.02,1.02,1.02,1.01,1.02,1.02,1.03,1.02,1.01,1.02
0.5024702012763869,0.0,0.3945962935820254,0.0,0.2029859808605418,0.0,0.7741804224434725,0.0,0.3215353012048192,0.0,0.3486526210292387,0.0,0.692,0.0,0.5089017810042956,0.0,0.2369528593508501,0.0,0.423402474312035,0.0,0.8937596122947886,0.0,0.8172393441200256,0.0,0.79715496301651,0.0,0.9254719018936156,0.9254719018936156,0.9254719018936156,0.2473564445972442,0.0,0.657837450504303,0.0,0.2693354189395904,0.0,0.4715013802051544,0.0,0.4823600649833679,0.0,0.7887900471687317,0.0,0.9799233078956604,0.9799233078956604,0.9799233078956604,0.4026009142398834,0.0,0.773400068283081,0.0,0.9830036759376526,0.9830036759376526,0.9830036759376526,0.4465814232826233,0.0,1.03,1.03,1.05,1.03,1.03,1.03,1.03,1.03,1.03,1.02,1.01,1.03,1.03,1.03,1.02,1.02,1.02,1.01,1.03,1.03,1.01,1.02,1.01,1.01,1.01,1.01,1.01,1.01,1.02,1.02,1.01,1.01,1.01,1.02,1.01,1.02,1.02,1.0,1.01,1.01,1.01,1.01,1.01,1.01,1.03,1.03,1.04,1.04,1.04,1.05,1.03,1.03,1.04,1.04,1.05,1.05,1.04,0.99,0.99,0.99,0.99,0.99,0.9900000095367432,0.99,0.99,0.99,0.9900000095367432,0.99,0.99,0.9900000095367432,0.98,0.99,1.0399999618530271,1.04,1.0399999618530271,1.04,1.04,1.04,1.04,1.04,1.0399999618530271,1.04,1.04,1.04,1.04,0.95,0.94,0.94,0.95,0.95,1.01,1.01,1.01,1.01,1.01,1.01,1.02,1.01,1.01,1.01
0.6333960726558665,0.0,0.5062367215759962,0.0,0.2250675494287613,0.0,0.7742053596352471,0.0,0.2847746987951807,0.0,0.638030197394222,0.0,0.815,0.0,0.4172979979401643,0.0,0.1151826378155589,0.0,0.3183519546474548,0.0,0.8896131057395931,0.0,0.8184233903884888,0.0,0.7787607908248901,0.0,0.9482751488685608,0.9482751488685608,0.9482751488685608,0.2540722489356994,0.0,0.62614905834198,0.0,0.2659107148647308,0.0,0.5114209055900574,0.0,0.5124104022979736,0.0,0.7638155221939087,0.0,0.9776979684829712,0.9776979684829712,0.9776979684829712,0.3618336319923401,0.0,0.7380937337875366,0.0,0.9830036759376526,0.9830036759376526,0.9830036759376526,0.4713566303253174,0.0,1.02,1.02,1.04,1.02,1.02,1.02,1.01,1.01,1.02,1.01,1.01,1.01,1.01,1.01,1.01,1.01,1.01,1.01,1.01,1.02,1.0,1.01,1.01,1.01,1.01,1.01,1.01,1.01,1.01,1.01,1.0,1.0,1.0,1.0,1.0,1.0,1.0,0.99,1.0,1.0,1.0,1.0,1.0,1.0,1.01,1.01,1.02,1.03,1.02,1.05,1.01,1.02,1.04,1.03,1.05,1.04,1.03,0.97,0.97,0.97,0.97,0.97,0.9700000286102296,0.97,0.99,0.98,0.9700000286102296,0.97,0.99,0.9700000286102296,0.98,0.99,1.0299999713897705,1.03,1.0299999713897705,1.03,1.03,1.03,1.03,1.03,1.0299999713897705,1.03,1.03,1.03,1.03,0.94,0.94,0.94,0.94,0.94,1.0,1.0,1.0,1.0,1.0,1.0,1.01,1.0,1.0,1.0
0.5046190476190476,0.0,0.5130479236872307,0.0,0.3325293928999797,0.0,0.752477714711082,0.0,0.2620524096385542,0.0,0.6451902915159702,0.0,0.362,0.0,0.3121910372026426,0.0,0.0777444616177228,0.0,0.3092231014526987,0.0,0.8750733367302314,0.0,0.8497233390808105,0.0,0.785737156867981,0.0,0.9665148854255676,0.9665148854255676,0.9665148854255676,0.2498783767223358,0.0,0.5839120149612427,0.0,0.255748987197876,0.0,0.5573132634162903,0.0,0.5173999667167664,0.0,0.7391294240951538,0.0,0.9637295007705688,0.9637295007705688,0.9637295007705688,0.3205226063728332,0.0,0.6969177722930908,0.0,0.9830036759376526,0.9830036759376526,0.9830036759376526,0.4967893064022064,0.0,1.02,1.02,1.04,1.01,1.02,1.01,1.0,1.0,1.01,1.01,1.01,1.0,1.0,1.0,1.01,1.01,1.01,1.01,1.0,1.02,1.0,1.01,1.01,1.01,1.01,1.01,1.0,1.01,1.0,1.0,0.99,0.99,0.99,0.99,0.99,0.99,0.99,0.98,1.0,1.0,1.0,0.99,1.0,1.0,1.01,1.01,1.02,1.03,1.02,1.05,1.01,1.01,1.03,1.02,1.05,1.04,1.03,0.96,0.96,0.96,0.96,0.96,0.959999978542328,0.96,0.99,0.99,0.959999978542328,0.96,0.99,0.959999978542328,0.97,0.99,1.0199999809265137,1.02,1.0199999809265137,1.02,1.02,1.02,1.02,1.02,1.0199999809265137,1.02,1.02,1.02,1.02,0.94,0.94,0.93,0.94,0.94,1.0,1.0,1.0,1.01,1.0,1.0,1.0,1.0,1.01,1.0
0.6051781050564556,0.0,0.5230531908171823,0.0,0.3826645911124232,0.0,0.71632455568996,0.0,0.2107221686746987,0.0,0.7015736633404506,0.0,0.239,0.0,0.2305853952623778,0.0,0.0718621844410097,0.0,0.2686733790008268,0.0,0.8770186339999754,0.0,0.8602855205535889,0.0,0.8167755007743835,0.0,0.9750633835792542,0.9750633835792542,0.9750633835792542,0.24264657497406,0.0,0.5435490012168884,0.0,0.2542605102062225,0.0,0.5967945456504822,0.0,0.4938763082027435,0.0,0.7209932804107666,0.0,0.9389712810516356,0.9389712810516356,0.9389712810516356,0.277827650308609,0.0,0.7007884979248047,0.0,0.9817789793014526,0.9817789793014526,0.9817789793014526,0.4924223124980926,0.0,1.02,1.02,1.04,1.01,1.02,1.01,0.99,1.0,1.0,1.01,1.01,1.0,1.0,1.0,1.01,1.01,1.01,1.01,1.0,1.02,1.0,1.01,1.01,1.02,1.01,1.01,1.01,1.01,1.0,1.0,0.98,0.98,0.98,0.98,0.98,0.98,0.98,0.98,1.0,1.0,0.99,0.99,1.0,1.0,1.02,1.02,1.02,1.03,1.03,1.05,1.02,1.02,1.04,1.02,1.05,1.04,1.03,0.97,0.97,0.97,0.97,0.97,0.9700000286102296,0.97,1.0,0.99,0.9700000286102296,0.97,0.99,0.9700000286102296,0.97,0.99,1.0199999809265137,1.02,1.0199999809265137,1.02,1.02,1.02,1.02,1.02,1.0199999809265137,1.02,1.02,1.02,1.02,0.94,0.93,0.93,0.93,0.94,1.0,1.0,1.0,1.01,1.0,0.99,1.0,1.0,1.01,1.0
0.6461310751104565,0.0,0.650394372916661,0.0,0.4287769346142058,0.0,0.6470149809249093,0.0,0.2134778313253012,0.0,0.4659677545862565,0.0,0.231,0.0,0.2274006129267251,0.0,0.1839268418341061,0.0,0.2844799515767096,0.0,0.8878921838427074,0.0,0.8448881506919861,0.0,0.8081265091896057,0.0,0.981146514415741,0.981146514415741,0.981146514415741,0.2566099762916565,0.0,0.5122126340866089,0.0,0.2616226971149444,0.0,0.6193554401397705,0.0,0.4890961647033691,0.0,0.6953508257865906,0.0,0.9129530787467957,0.9129530787467957,0.9129530787467957,0.2200346142053604,0.0,0.718135416507721,0.0,0.9830036759376526,0.9830036759376526,0.9830036759376526,0.4922890067100525,0.0,1.02,1.03,1.04,1.01,1.02,1.02,0.99,1.0,1.0,1.01,1.01,1.0,1.0,1.0,1.01,1.01,1.02,1.01,1.0,1.02,1.0,1.01,1.02,1.02,1.02,1.02,1.02,1.02,1.0,1.0,0.98,0.98,0.98,0.98,0.98,0.98,0.98,0.98,1.0,1.0,0.99,0.99,1.0,1.0,1.03,1.03,1.03,1.03,1.04,1.05,1.03,1.03,1.04,1.03,1.05,1.05,1.04,0.98,0.98,0.98,0.98,0.98,0.9800000190734864,0.98,1.0,0.99,0.9800000190734864,0.98,0.99,0.9800000190734864,0.98,0.99,1.0299999713897705,1.03,1.0299999713897705,1.03,1.03,1.03,1.03,1.02,1.0299999713897705,1.03,1.02,1.02,1.02,0.94,0.93,0.93,0.93,0.94,1.0,1.0,1.0,1.01,1.0,1.0,1.0,1.0,1.01,1.0
0.7675695630829652,0.0,0.6716838783910379,0.0,0.4096949084486582,0.0,0.5008884339815762,0.0,0.2362860240963855,0.0,0.3670914636803346,0.0,0.115,0.0,0.2244798412419302,0.0,0.2058719732096857,0.0,0.2732810617692217,0.0,0.8551637007899193,0.0,0.8270517587661743,0.0,0.8046829104423523,0.0,0.97433602809906,0.97433602809906,0.97433602809906,0.2351149916648864,0.0,0.4865100979804992,0.0,0.2651500105857849,0.0,0.6071873903274536,0.0,0.45709890127182,0.0,0.6808754801750183,0.0,0.8791101574897766,0.8791101574897766,0.8791101574897766,0.2095153629779815,0.0,0.7360443472862244,0.0,0.982636034488678,0.982636034488678,0.982636034488678,0.5128293037414551,0.0,1.03,1.03,1.05,1.02,1.03,1.02,1.0,1.0,1.01,1.01,1.01,1.0,1.0,1.0,1.02,1.01,1.02,1.01,1.0,1.02,1.0,1.01,1.03,1.03,1.03,1.03,1.03,1.03,1.01,1.01,0.99,0.99,0.99,0.99,0.99,0.99,0.98,0.99,1.01,1.01,1.01,1.0,1.01,1.01,1.04,1.04,1.04,1.04,1.04,1.06,1.04,1.04,1.05,1.04,1.05,1.05,1.04,0.99,0.99,0.99,0.99,0.99,0.9900000095367432,0.99,1.0,1.0,0.9900000095367432,0.99,1.0,0.9900000095367432,0.98,1.0,1.0299999713897705,1.03,1.0299999713897705,1.03,1.03,1.03,1.03,1.03,1.0299999713897705,1.03,1.02,1.02,1.02,0.94,0.93,0.93,0.93,0.94,1.01,1.01,1.01,1.02,1.01,1.01,1.01,1.01,1.02,1.01
0.8289697594501719,0.0,0.5831071640130601,0.0,0.3298727929431976,0.0,0.4466914487764026,0.0,0.3502284939759036,0.0,0.336929234389298,0.0,0.11,0.0,0.2261028410660906,0.0,0.2076926841834106,0.0,0.2671174264792725,0.0,0.8072144519411969,0.0,0.7785963416099548,0.0,0.7887388467788696,0.0,0.9795730710029602,0.9795730710029602,0.9795730710029602,0.201895385980606,0.0,0.4694054424762726,0.0,0.2540405094623565,0.0,0.6130307912826538,0.0,0.453951746225357,0.0,0.6692602634429932,0.0,0.8209403157234192,0.8209403157234192,0.8209403157234192,0.1950767487287521,0.0,0.7192050814628601,0.0,0.9823175668716432,0.9823175668716432,0.9823175668716432,0.5195244550704956,0.0,1.04,1.04,1.06,1.03,1.04,1.03,1.01,1.01,1.02,1.02,1.02,1.01,1.01,1.01,1.02,1.02,1.02,1.02,1.01,1.03,1.0,1.02,1.05,1.05,1.06,1.05,1.05,1.05,1.03,1.03,1.0,1.01,1.0,1.0,1.0,1.0,0.99,1.03,1.04,1.04,1.04,1.03,1.04,1.04,1.05,1.05,1.05,1.05,1.05,1.06,1.05,1.05,1.05,1.04,1.06,1.06,1.05,0.99,0.99,0.99,0.99,0.99,0.9900000095367432,0.99,1.01,1.0,0.9900000095367432,0.99,1.0,0.9900000095367432,0.99,1.0,1.0499999523162842,1.05,1.0499999523162842,1.05,1.05,1.04,1.05,1.04,1.0499999523162842,1.05,1.05,1.05,1.05,0.94,0.94,0.94,0.94,0.94,1.03,1.02,1.03,1.04,1.03,1.03,1.02,1.03,1.04,1.03
0.6955674030436917,0.0,0.4610757449263107,0.0,0.2310311495201217,0.0,0.4460994696194287,0.0,0.331554156626506,0.0,0.2846095690444028,0.0,0.331,0.0,0.2317151900324047,0.0,0.1964549201442555,0.0,0.3352406401322783,0.0,0.7953398131147129,0.0,0.7535242438316345,0.0,0.8010415434837341,0.0,0.9802423715591432,0.9802423715591432,0.9802423715591432,0.1851808130741119,0.0,0.4656080305576324,0.0,0.2441518157720565,0.0,0.6499452590942383,0.0,0.468010812997818,0.0,0.6632450819015503,0.0,0.7893823385238647,0.7893823385238647,0.7893823385238647,0.1589057743549347,0.0,0.7003180980682373,0.0,0.9791144728660583,0.9791144728660583,0.9791144728660583,0.5088564157485962,0.0,1.05,1.05,1.06,1.04,1.05,1.04,1.01,1.02,1.02,1.03,1.02,1.02,1.02,1.02,1.03,1.03,1.03,1.02,1.02,1.03,1.01,1.03,1.07,1.07,1.07,1.07,1.06,1.06,1.05,1.05,1.02,1.02,1.01,1.01,1.02,1.01,1.0,1.05,1.06,1.05,1.05,1.05,1.05,1.05,1.05,1.05,1.05,1.06,1.05,1.08,1.05,1.06,1.06,1.06,1.07,1.07,1.06,1.01,1.01,1.01,1.01,1.01,1.0099999904632568,1.01,1.02,1.01,1.0099999904632568,1.01,1.01,1.0099999904632568,0.99,1.01,1.059999942779541,1.06,1.059999942779541,1.06,1.06,1.05,1.06,1.05,1.059999942779541,1.06,1.05,1.05,1.05,0.95,0.94,0.95,0.95,0.95,1.05,1.04,1.04,1.06,1.04,1.04,1.04,1.04,1.06,1.04
0.7919884143348062,0.0,0.5445355130885663,0.0,0.1612648761523477,0.0,0.4284651530659719,0.0,0.3136826506024096,0.0,0.3103318663122575,0.0,0.391,0.0,0.2400718932904619,0.0,0.034275115919629,0.0,0.4221750915318295,0.0,0.6384246870097507,0.0,0.692216157913208,0.0,0.7957993745803833,0.0,0.9764970541000366,0.9764970541000366,0.9764970541000366,0.1838926523923874,0.0,0.4697898030281067,0.0,0.2274776250123977,0.0,0.6829900145530701,0.0,0.4882310330867767,0.0,0.6470787525177002,0.0,0.7701723575592041,0.7701723575592041,0.7701723575592041,0.1485568135976791,0.0,0.6780419945716858,0.0,0.9769333600997924,0.9769333600997924,0.9769333600997924,0.4796480238437652,0.0,1.05,1.05,1.06,1.05,1.05,1.05,1.02,1.02,1.03,1.03,1.03,1.02,1.02,1.02,1.03,1.03,1.03,1.03,1.02,1.03,1.02,1.03,1.08,1.08,1.08,1.08,1.07,1.07,1.06,1.06,1.03,1.03,1.03,1.02,1.03,1.03,1.01,1.05,1.06,1.06,1.06,1.06,1.06,1.06,1.06,1.06,1.06,1.06,1.06,1.08,1.06,1.06,1.07,1.06,1.08,1.07,1.07,1.01,1.01,1.01,1.01,1.01,1.0099999904632568,1.01,1.02,1.01,1.0099999904632568,1.01,1.01,1.0099999904632568,1.0,1.02,1.059999942779541,1.06,1.059999942779541,1.06,1.06,1.06,1.06,1.06,1.059999942779541,1.06,1.06,1.06,1.06,0.95,0.95,0.95,0.95,0.95,1.05,1.05,1.05,1.07,1.05,1.05,1.04,1.05,1.07,1.05
0.7277925380461463,0.0,0.5445451290841612,0.0,0.1302947724306392,0.0,0.4059888340932353,0.0,0.2726025903614458,0.0,0.3630268421281973,0.0,0.206,0.0,0.23608498078324,0.0,0.0545620814013395,0.0,0.4076553974252982,0.0,0.5704199027132966,0.0,0.6199986338615417,0.0,0.8103246092796326,0.0,0.9268064498901368,0.9268064498901368,0.9268064498901368,0.1834819018840789,0.0,0.4687676131725311,0.0,0.2197608798742294,0.0,0.7122817039489746,0.0,0.5016937255859375,0.0,0.6454950571060181,0.0,0.7633184194564819,0.7633184194564819,0.7633184194564819,0.1526455879211425,0.0,0.6633269190788269,0.0,0.9750521183013916,0.9750521183013916,0.9750521183013916,0.4473385512828827,0.0,1.05,1.05,1.06,1.05,1.05,1.05,1.04,1.04,1.03,1.03,1.03,1.04,1.04,1.04,1.03,1.03,1.03,1.03,1.04,1.03,1.02,1.04,1.08,1.08,1.08,1.08,1.08,1.08,1.07,1.07,1.03,1.03,1.03,1.03,1.03,1.03,1.02,1.05,1.06,1.06,1.06,1.06,1.06,1.06,1.07,1.07,1.07,1.07,1.07,1.08,1.07,1.07,1.07,1.06,1.08,1.07,1.07,1.02,1.02,1.02,1.02,1.02,1.0199999809265137,1.02,1.02,1.02,1.0199999809265137,1.02,1.02,1.0199999809265137,1.01,1.02,1.059999942779541,1.06,1.059999942779541,1.06,1.06,1.06,1.06,1.06,1.059999942779541,1.06,1.06,1.06,1.06,0.95,0.95,0.95,0.95,0.96,1.06,1.06,1.06,1.08,1.06,1.06,1.05,1.06,1.08,1.06
0.6727164457535593,0.0027707514094626,0.3864196338592884,0.0,0.1015034511181421,0.0298862131379127,0.3738400483855959,0.0,0.2533126506024096,0.0,0.8546258660508083,0.0186824197817806,0.331,0.0,0.2238905021477555,0.0,0.6053256053580629,0.0002306372533274,0.3840692984528169,0.0,0.3654795165460847,0.0,0.5465723872184753,0.0029366048984229,0.8117746114730835,0.0,0.9427279233932496,0.9427279233932496,0.9427279233932496,0.1752718985080719,0.0152735840529203,0.4813678562641144,0.0,0.2073910981416702,0.0,0.7127517461776733,0.0100749125704169,0.499726802110672,3.8061156374169514e-5,0.6444922685623169,0.0,0.7820460200309753,0.7820460200309753,0.7820460200309753,0.1500906944274902,0.0,0.6455473303794861,0.0,0.9373554587364196,0.9373554587364196,0.9373554587364196,0.3965885937213897,0.0138510689139366,1.06,1.06,1.06,1.05,1.06,1.05,1.05,1.05,1.04,1.03,1.03,1.05,1.05,1.05,1.03,1.03,1.03,1.03,1.05,1.03,1.02,1.04,1.09,1.09,1.09,1.09,1.08,1.08,1.07,1.07,1.03,1.03,1.04,1.04,1.04,1.04,1.03,1.05,1.06,1.06,1.06,1.06,1.06,1.06,1.08,1.08,1.07,1.07,1.07,1.08,1.08,1.07,1.07,1.07,1.08,1.08,1.07,1.03,1.03,1.03,1.03,1.03,1.0299999713897705,1.03,1.03,1.02,1.0299999713897705,1.03,1.02,1.0299999713897705,1.01,1.02,1.059999942779541,1.06,1.059999942779541,1.06,1.06,1.06,1.06,1.06,1.059999942779541,1.06,1.06,1.06,1.06,0.96,0.95,0.96,0.95,0.96,1.07,1.07,1.07,1.09,1.07,1.07,1.06,1.07,1.09,1.07
0.79533352970054,0.1045981795106074,0.2475938102649589,0.1080588032069344,0.1094312739220405,0.0843623079639766,0.2929894854377965,0.153175,0.2973381325301205,0.0139435028248587,0.8337968103185324,0.1276969785008715,0.198,0.0798616689689341,0.2307991911376824,0.0034824010056568,0.7996733642452346,0.0977290787289315,0.4319793315223811,0.0,0.3972468092124088,0.1605,0.4960328340530395,0.122489184141159,0.8271001577377319,0.0178685430437326,0.971593141555786,0.971593141555786,0.971593141555786,0.1515760123729705,0.1122604683041572,0.5035958290100098,0.0339138396084308,0.1981696486473083,0.0729319304227829,0.7135393023490906,0.1201282888650894,0.4903667271137237,0.0703202486038208,0.6652827262878418,0.0030406403820961,0.7761902213096619,0.7761902213096619,0.7761902213096619,0.1514288187026977,0.0894303619861602,0.6778544783592224,0.0008698861929588,0.8217130899429321,0.8217130899429321,0.8217130899429321,0.3371350765228271,0.1003577709197998,1.06,1.06,1.05,1.05,1.05,1.05,1.06,1.06,1.05,1.03,1.03,1.06,1.06,1.06,1.03,1.03,1.04,1.03,1.06,1.04,1.02,1.04,1.09,1.09,1.1,1.09,1.09,1.09,1.08,1.08,1.04,1.04,1.05,1.05,1.04,1.05,1.04,1.06,1.07,1.07,1.07,1.06,1.07,1.07,1.09,1.09,1.08,1.08,1.08,1.09,1.09,1.08,1.07,1.07,1.08,1.08,1.08,1.03,1.03,1.03,1.03,1.03,1.0299999713897705,1.03,1.03,1.02,1.0299999713897705,1.03,1.02,1.0299999713897705,1.01,1.02,1.059999942779541,1.06,1.059999942779541,1.06,1.06,1.06,1.06,1.06,1.059999942779541,1.06,1.06,1.06,1.06,0.96,0.96,0.96,0.96,0.96,1.08,1.08,1.08,1.1,1.08,1.07,1.07,1.07,1.1,1.07
0.659005792832597,0.1161484335950026,0.5067521529781558,0.1926472217631358,0.0349321902071715,0.1412226072752958,0.3342335535498278,0.3023749999999999,0.2354678313253012,0.0418559322033898,0.8473228027365026,0.1434933824004132,0.397,0.1322093286157156,0.2440299429777186,0.1167421165270473,0.8492831014940753,0.1013686977169401,0.468471684185662,0.0705668789808917,0.3701685247854725,0.1115,0.4285095930099487,0.3135639727115631,0.821978747844696,0.1792505085468292,0.9492175579071044,0.9492175579071044,0.9492175579071044,0.1110370755195617,0.1921288520097732,0.5170174837112427,0.248928353190422,0.1755313873291015,0.2479674071073532,0.7148428559303284,0.2588747143745422,0.4615119099617004,0.3076409697532654,0.6923599243164062,0.1224092543125152,0.7484722137451172,0.7484722137451172,0.7484722137451172,0.1421534568071365,0.2945171892642975,0.6863177418708801,0.1316403001546859,0.7196518778800964,0.7196518778800964,0.7196518778800964,0.2256420105695724,0.1758631616830825,1.06,1.06,1.06,1.06,1.06,1.06,1.07,1.06,1.06,1.03,1.03,1.06,1.06,1.06,1.03,1.03,1.04,1.03,1.06,1.04,1.02,1.04,1.1,1.09,1.1,1.1,1.09,1.09,1.08,1.08,1.05,1.05,1.06,1.06,1.05,1.06,1.05,1.07,1.07,1.07,1.07,1.07,1.07,1.07,1.09,1.09,1.08,1.08,1.08,1.09,1.09,1.08,1.08,1.08,1.08,1.08,1.08,1.03,1.03,1.03,1.03,1.03,1.0299999713897705,1.03,1.03,1.02,1.0299999713897705,1.03,1.03,1.0299999713897705,1.01,1.02,1.0700000524520874,1.07,1.0700000524520874,1.07,1.07,1.07,1.07,1.07,1.0700000524520874,1.07,1.07,1.07,1.07,0.96,0.96,0.96,0.96,0.97,1.09,1.08,1.09,1.1,1.09,1.08,1.09,1.08,1.1,1.08
0.7190076583210603,0.0950786856646044,0.4997667021880592,0.2515978478445432,0.0270190307878336,0.0735953337453646,0.397534660835582,0.2479,0.2140356626506024,0.0588446327683615,0.90618040001743,0.1973056039770159,0.846,0.1444731329451813,0.2363495440729483,0.1719585074645908,0.8360664605873261,0.1017762222643014,0.4012007794968703,0.0503880042462845,0.3783762230506231,0.146,0.3980827927589416,0.3938956260681152,0.8404972553253174,0.3268059194087982,0.9751356840133668,0.9751356840133668,0.9751356840133668,0.086792305111885,0.227655827999115,0.4980520904064178,0.4319568872451782,0.1334813684225082,0.3396852016448974,0.7574536800384521,0.2962420284748077,0.4352418482303619,0.4263811409473419,0.6952407956123352,0.2877684235572815,0.7608423233032227,0.7608423233032227,0.7608423233032227,0.1259828060865402,0.4116292893886566,0.6555006504058838,0.3462141752243042,0.594156801700592,0.594156801700592,0.594156801700592,0.132607415318489,0.2154097557067871,1.08,1.08,1.08,1.07,1.08,1.07,1.07,1.07,1.06,1.04,1.03,1.07,1.07,1.07,1.03,1.03,1.04,1.03,1.07,1.05,1.03,1.04,1.1,1.09,1.1,1.1,1.09,1.09,1.09,1.08,1.07,1.06,1.07,1.07,1.07,1.07,1.06,1.07,1.07,1.07,1.07,1.07,1.07,1.07,1.09,1.09,1.08,1.08,1.08,1.09,1.09,1.08,1.08,1.07,1.08,1.08,1.08,1.03,1.03,1.03,1.03,1.03,1.0299999713897705,1.03,1.03,1.02,1.0299999713897705,1.03,1.03,1.0299999713897705,1.01,1.02,1.0700000524520874,1.07,1.0700000524520874,1.07,1.07,1.07,1.07,1.07,1.0700000524520874,1.07,1.07,1.07,1.07,0.97,0.96,0.97,0.96,0.97,1.1,1.09,1.09,1.1,1.09,1.09,1.1,1.09,1.1,1.08
0.7235871379479627,0.1126441430152221,0.7544440124957721,0.2562776986177153,0.0593620396768591,0.118654776620166,0.3760539685493625,0.252075,0.1803068674698795,0.0902909604519773,0.9631817944137,0.2041612757440764,0.868,0.1222518259530363,0.2474553241729257,0.198108276874789,0.8449701184956209,0.1134282374398041,0.3147641136175741,0.0482245222929936,0.3594078414377385,0.081,0.3834500610828399,0.4223391413688659,0.8536455631256104,0.3332368731498718,0.9822677969932556,0.9822677969932556,0.9822677969932556,0.0943805277347564,0.2667798697948456,0.4982970058917999,0.4427441954612732,0.1022781059145927,0.3412147760391235,0.8321465253829956,0.3240715861320495,0.4251595735549927,0.4422864615917206,0.6738100647926331,0.3031070828437805,0.8236064910888672,0.8236064910888672,0.8236064910888672,0.1531668752431869,0.4217219054698944,0.5314285159111023,0.3761347532272339,0.5758171677589417,0.5758171677589417,0.5758171677589417,0.0938721522688865,0.2392804771661758,1.09,1.09,1.09,1.08,1.09,1.08,1.07,1.07,1.06,1.04,1.03,1.07,1.07,1.07,1.04,1.03,1.04,1.03,1.07,1.05,1.03,1.04,1.1,1.1,1.1,1.1,1.1,1.1,1.09,1.08,1.08,1.07,1.08,1.08,1.08,1.08,1.07,1.08,1.08,1.08,1.08,1.08,1.08,1.08,1.09,1.09,1.08,1.08,1.08,1.09,1.09,1.08,1.08,1.08,1.09,1.08,1.08,1.03,1.03,1.03,1.03,1.03,1.0299999713897705,1.03,1.03,1.02,1.0299999713897705,1.03,1.03,1.0299999713897705,1.01,1.03,1.0700000524520874,1.07,1.0700000524520874,1.07,1.07,1.07,1.07,1.07,1.0700000524520874,1.07,1.07,1.07,1.07,0.97,0.97,0.97,0.97,0.97,1.1,1.09,1.1,1.1,1.09,1.09,1.11,1.09,1.1,1.09
0.5990983799705449,0.115151989654256,0.7362175170346331,0.266242412315774,0.0658890319280931,0.1474867782094296,0.4738314878570763,0.2207,0.1356646987951807,0.080409604519774,0.9647923221055382,0.2319025760216928,0.855,0.1402101307606658,0.2654305559044437,0.1922940008374539,0.7439562081401341,0.1183003369929235,0.2779302291248376,0.0742319532908705,0.2977984794011097,0.1255,0.3789600729942322,0.4518714845180511,0.8797038197517395,0.3435294330120086,0.9829986095428468,0.9829986095428468,0.9829986095428468,0.1042157486081123,0.2953374981880188,0.5380794405937195,0.4174316227436065,0.0839923322200775,0.3401688933372497,0.8707312941551208,0.3405322730541229,0.4359939098358154,0.4475640058517456,0.6704713702201843,0.2805039882659912,0.873322606086731,0.873322606086731,0.873322606086731,0.1962566524744033,0.4232908487319946,0.3847928643226623,0.3440075814723968,0.4684200584888458,0.4684200584888458,0.4684200584888458,0.0759047269821167,0.2632342278957367,1.1,1.1,1.1,1.09,1.09,1.08,1.08,1.07,1.07,1.04,1.03,1.07,1.07,1.07,1.04,1.04,1.04,1.03,1.07,1.05,1.03,1.04,1.1,1.1,1.09,1.1,1.1,1.09,1.09,1.08,1.09,1.08,1.09,1.09,1.09,1.09,1.08,1.09,1.08,1.08,1.08,1.08,1.08,1.08,1.09,1.09,1.08,1.08,1.08,1.09,1.09,1.08,1.08,1.08,1.09,1.08,1.08,1.04,1.04,1.04,1.04,1.04,1.0399999618530271,1.04,1.03,1.03,1.0399999618530271,1.04,1.03,1.0399999618530271,1.02,1.03,1.0800000429153442,1.08,1.0800000429153442,1.08,1.08,1.07,1.08,1.07,1.0800000429153442,1.08,1.07,1.07,1.07,0.97,0.97,0.98,0.97,0.98,1.1,1.09,1.09,1.1,1.09,1.1,1.11,1.09,1.1,1.09
0.6559743740795287,0.1460898602012879,0.6877571474890385,0.308657298339313,0.0843298884833424,0.1409027900406145,0.5344884153717316,0.17765,0.1210186144578313,0.0508559322033898,0.9546140136825132,0.2117936600167861,0.886,0.128127598717962,0.3858516164686377,0.2124177962421717,0.7013436373003608,0.1406373708865133,0.2370442600685013,0.0972046178343949,0.2813615104444111,0.0645,0.378165066242218,0.4729452431201935,0.8845792412757874,0.3485160768032074,0.98152756690979,0.98152756690979,0.98152756690979,0.1182275861501693,0.2974725067615509,0.5972803831100464,0.3920897841453552,0.0776790753006935,0.3491005003452301,0.8803417086601257,0.3411685526371002,0.4881434142589569,0.4323019683361053,0.6892887353897095,0.273380696773529,0.8717854619026184,0.8717854619026184,0.8717854619026184,0.2286083251237869,0.4243628978729248,0.3756715357303619,0.3145255148410797,0.4004692733287811,0.4004692733287811,0.4004692733287811,0.0681857392191886,0.2759223282337188,1.1,1.1,1.1,1.09,1.09,1.08,1.08,1.07,1.07,1.04,1.03,1.07,1.07,1.07,1.04,1.04,1.04,1.03,1.07,1.05,1.03,1.04,1.09,1.09,1.09,1.09,1.09,1.09,1.09,1.08,1.09,1.09,1.1,1.09,1.1,1.09,1.09,1.09,1.07,1.08,1.08,1.08,1.08,1.07,1.09,1.09,1.08,1.08,1.08,1.09,1.09,1.08,1.08,1.08,1.09,1.08,1.08,1.04,1.04,1.04,1.04,1.04,1.0399999618530271,1.04,1.04,1.03,1.0399999618530271,1.04,1.03,1.0399999618530271,1.02,1.03,1.0800000429153442,1.08,1.0800000429153442,1.08,1.08,1.07,1.08,1.07,1.0800000429153442,1.08,1.07,1.07,1.07,0.98,0.98,0.98,0.98,0.98,1.1,1.09,1.09,1.1,1.09,1.1,1.11,1.09,1.1,1.09
0.7854839469808541,0.0900971830757148,0.7315494933043045,0.3264797767103452,0.0705178502915443,0.0599187268232385,0.5872153159021122,0.2473,0.126575,0.0291242937853107,0.9815638154167936,0.1522057266447156,0.965,0.0986154109070747,0.4487370695068954,0.3031529634406834,0.6161604842864504,0.107437392749384,0.3427922817999292,0.1825161889596603,0.2922207477768448,0.086,0.3767932951450348,0.4713515639305115,0.9006026387214661,0.3380971848964691,0.9829986095428468,0.9829986095428468,0.9829986095428468,0.1249976903200149,0.2904114127159118,0.668889582157135,0.4035583436489105,0.0794980525970459,0.3808056116104126,0.8622438311576843,0.3379347324371338,0.5409243106842041,0.4380222260951996,0.734995424747467,0.2531143128871918,0.812768280506134,0.812768280506134,0.812768280506134,0.2568569481372833,0.4479810297489166,0.3968512713909149,0.3039133846759796,0.342050164937973,0.342050164937973,0.342050164937973,0.0661868676543235,0.2748191952705383,1.1,1.1,1.1,1.09,1.09,1.09,1.08,1.07,1.07,1.05,1.04,1.07,1.07,1.07,1.04,1.04,1.05,1.04,1.07,1.05,1.03,1.04,1.08,1.09,1.08,1.09,1.08,1.08,1.09,1.09,1.1,1.1,1.1,1.1,1.1,1.1,1.09,1.09,1.07,1.07,1.08,1.08,1.07,1.07,1.09,1.09,1.08,1.08,1.08,1.09,1.09,1.08,1.08,1.08,1.09,1.08,1.08,1.04,1.04,1.04,1.04,1.04,1.0399999618530271,1.04,1.04,1.03,1.0399999618530271,1.04,1.03,1.0399999618530271,1.02,1.04,1.0800000429153442,1.08,1.0800000429153442,1.08,1.08,1.07,1.08,1.07,1.0800000429153442,1.08,1.07,1.07,1.07,0.98,0.98,0.98,0.98,0.98,1.1,1.09,1.09,1.11,1.09,1.1,1.11,1.09,1.11,1.1
0.7211230240549829,0.0702490391622731,0.7823856628136695,0.2545171031924006,0.0565569734488752,0.044076350874095,0.6045370801153811,0.24635,0.1309607831325301,0.0887118644067796,0.9773788400366028,0.1015977145070695,0.958,0.1013890398212028,0.4964360571730011,0.2519303667433635,0.5748500772797527,0.0652530254822292,0.3735014467934333,0.4637614118895967,0.229589650926003,0.0344999999999999,0.3840726613998413,0.4495878219604492,0.9230555891990662,0.2985675632953644,0.982974886894226,0.982974886894226,0.982974886894226,0.1384997218847274,0.2907711565494537,0.7214986085891724,0.4200309514999389,0.0914297923445701,0.3766123950481415,0.813227117061615,0.3490610122680664,0.5779362320899963,0.4466111361980438,0.7469418048858643,0.227919265627861,0.7685135006904602,0.7685135006904602,0.7685135006904602,0.2779577374458313,0.4428139925003052,0.4453597068786621,0.3059565722942352,0.3726647794246673,0.3726647794246673,0.3726647794246673,0.0670980066061019,0.2476166784763336,1.1,1.1,1.1,1.09,1.1,1.09,1.07,1.07,1.06,1.05,1.04,1.07,1.07,1.07,1.04,1.04,1.05,1.03,1.07,1.05,1.03,1.04,1.08,1.08,1.08,1.08,1.08,1.08,1.09,1.09,1.1,1.1,1.1,1.1,1.11,1.1,1.09,1.08,1.07,1.07,1.07,1.08,1.07,1.07,1.09,1.09,1.08,1.08,1.08,1.1,1.09,1.08,1.08,1.08,1.09,1.09,1.08,1.04,1.04,1.04,1.04,1.04,1.0399999618530271,1.04,1.04,1.03,1.0399999618530271,1.04,1.04,1.0399999618530271,1.03,1.04,1.0800000429153442,1.08,1.0800000429153442,1.08,1.08,1.07,1.08,1.07,1.0800000429153442,1.08,1.07,1.07,1.07,0.98,0.98,0.98,0.98,0.98,1.1,1.09,1.09,1.11,1.09,1.1,1.11,1.09,1.11,1.1
0.656166912125675,0.0205274763285682,0.7194783254431997,0.2082765735843791,0.0670440617409047,0.0009917225852021,0.6522162463943425,0.046575,0.1331577108433735,0.0011440677966101,0.953695019390823,0.0079038026986893,0.98,0.0653441035559856,0.6365640935466854,0.1018677611967514,0.6523029366306029,0.0466349441455388,0.4005465926538326,0.091093152866242,0.3018594514765288,0.0,0.3906970620155334,0.2899907231330871,0.926466464996338,0.2378623485565185,0.9829986095428468,0.9829986095428468,0.9829986095428468,0.1445163935422897,0.1197355017066001,0.7533518671989441,0.2936640381813049,0.1206448823213577,0.1628618389368057,0.731720507144928,0.1970235705375671,0.612354040145874,0.3462625443935394,0.7753467559814453,0.1536968052387237,0.7820441126823425,0.7820441126823425,0.7820441126823425,0.3060205578804016,0.2755314409732818,0.5316286683082581,0.1983751654624939,0.4178503751754761,0.4178503751754761,0.4178503751754761,0.0920183733105659,0.1027257069945335,1.1,1.1,1.1,1.1,1.1,1.09,1.08,1.07,1.07,1.05,1.04,1.07,1.07,1.07,1.04,1.04,1.05,1.03,1.07,1.05,1.03,1.04,1.07,1.07,1.07,1.07,1.07,1.07,1.09,1.08,1.11,1.1,1.1,1.1,1.11,1.1,1.1,1.08,1.07,1.07,1.07,1.07,1.07,1.07,1.09,1.09,1.08,1.09,1.08,1.1,1.09,1.08,1.08,1.08,1.1,1.09,1.09,1.05,1.05,1.05,1.05,1.05,1.0499999523162842,1.05,1.04,1.03,1.0499999523162842,1.05,1.04,1.0499999523162842,1.03,1.04,1.0800000429153442,1.08,1.0800000429153442,1.08,1.08,1.08,1.08,1.08,1.0800000429153442,1.08,1.08,1.08,1.08,0.98,0.98,0.98,0.98,0.99,1.09,1.09,1.09,1.1,1.09,1.09,1.1,1.08,1.1,1.09
0.6575063328424153,0.0,0.526246588126339,0.0237766072322902,0.1112255776011816,0.0,0.7765194007630034,0.0,0.1408892771084337,0.0,0.8803359623513006,0.0,0.968,0.0062750279023531,0.6954101836268181,0.0482837727174478,0.7371092220504896,0.0,0.5205736388331168,0.0227494692144373,0.3188339755439726,0.0,0.4035870134830475,0.0340862050652504,0.9198905825614928,0.0666765421628952,0.9829914569854736,0.9829914569854736,0.9829914569854736,0.1527987867593765,0.0044292579405009,0.7982654571533203,0.047752134501934,0.1482100784778595,0.0044853268191218,0.6403405070304871,0.0188761372119188,0.6704971194267273,0.056624699383974,0.7996223568916321,0.0368593707680702,0.8029797673225403,0.8029797673225403,0.8029797673225403,0.3662609457969665,0.029183181002736,0.7094777822494507,0.0351213403046131,0.536595344543457,0.536595344543457,0.536595344543457,0.1160377115011215,0.0025193206965923,1.1,1.1,1.11,1.1,1.1,1.1,1.08,1.08,1.07,1.05,1.04,1.08,1.08,1.08,1.04,1.04,1.05,1.03,1.08,1.06,1.03,1.04,1.07,1.07,1.07,1.07,1.07,1.07,1.09,1.08,1.1,1.1,1.1,1.1,1.1,1.1,1.1,1.08,1.07,1.07,1.07,1.07,1.07,1.07,1.09,1.09,1.08,1.08,1.08,1.1,1.09,1.08,1.08,1.08,1.09,1.09,1.09,1.05,1.05,1.05,1.05,1.05,1.0499999523162842,1.05,1.04,1.04,1.0499999523162842,1.05,1.04,1.0499999523162842,1.03,1.04,1.0800000429153442,1.08,1.0800000429153442,1.08,1.08,1.08,1.08,1.08,1.0800000429153442,1.08,1.08,1.08,1.08,0.98,0.98,0.98,0.98,0.99,1.09,1.08,1.08,1.09,1.08,1.09,1.09,1.08,1.09,1.09
0.667539617083947,0.0,0.4231985849456876,0.0001075158505933,0.0848935843778486,0.0,0.8382267609565459,0.0,0.1383804819277108,0.0,0.8517143666390692,0.0,0.983,0.0,0.7168858800773694,0.0001589671066415,0.6656808346213293,0.0,0.5733610487776071,0.0,0.3523370249212515,0.0,0.4268653392791748,0.0,0.916262686252594,0.0003450302465353,0.9743558168411256,0.9743558168411256,0.9743558168411256,0.16248819231987,0.0,0.8059170842170715,0.0,0.1627513468265533,0.0,0.576755702495575,0.0,0.7156512141227722,0.0,0.8134031295776367,2.1304313690961865e-7,0.7976691722869873,0.7976691722869873,0.7976691722869873,0.4010548293590545,0.0,0.7983511686325073,0.0,0.6571044921875,0.6571044921875,0.6571044921875,0.1301556974649429,0.0,1.1,1.1,1.11,1.1,1.1,1.1,1.08,1.07,1.07,1.04,1.04,1.07,1.07,1.07,1.04,1.04,1.04,1.03,1.07,1.05,1.02,1.04,1.06,1.06,1.06,1.06,1.06,1.06,1.09,1.08,1.11,1.1,1.1,1.1,1.11,1.1,1.1,1.07,1.07,1.07,1.07,1.07,1.07,1.07,1.09,1.09,1.08,1.08,1.08,1.09,1.09,1.08,1.08,1.08,1.09,1.09,1.09,1.04,1.04,1.04,1.04,1.04,1.0399999618530271,1.04,1.04,1.03,1.0399999618530271,1.04,1.03,1.0399999618530271,1.02,1.03,1.0800000429153442,1.08,1.0800000429153442,1.08,1.08,1.08,1.08,1.08,1.0800000429153442,1.08,1.08,1.08,1.08,0.98,0.98,0.99,0.99,0.99,1.08,1.08,1.08,1.09,1.08,1.09,1.08,1.08,1.09,1.09
0.6740437898870888,0.0,0.4087776876696096,0.0,0.1023699292088332,0.0,0.8566934028100863,0.0,0.1240151807228915,0.0,0.8426438189027844,0.0,0.983,0.0,0.6892012359014293,0.0,0.6279796496651211,0.0,0.6202404039211055,0.0,0.2991897967609757,0.0,0.4521096348762512,0.0,0.91044944524765,0.0,0.9829986095428468,0.9829986095428468,0.9829986095428468,0.1602576673030853,0.0,0.8054355382919312,0.0,0.1781187355518341,0.0,0.5444629788398743,0.0,0.7523087859153748,0.0,0.8072320222854614,0.0,0.7526377439498901,0.7526377439498901,0.7526377439498901,0.4495840966701507,0.0,0.8010643720626831,0.0,0.7317646145820618,0.7317646145820618,0.7317646145820618,0.1417295336723327,0.0,1.09,1.09,1.1,1.09,1.09,1.09,1.07,1.07,1.06,1.04,1.04,1.07,1.07,1.07,1.04,1.04,1.04,1.03,1.07,1.05,1.02,1.04,1.05,1.05,1.05,1.05,1.06,1.05,1.08,1.08,1.1,1.09,1.09,1.09,1.1,1.09,1.09,1.06,1.06,1.06,1.06,1.06,1.06,1.06,1.08,1.08,1.07,1.08,1.07,1.09,1.08,1.07,1.08,1.07,1.08,1.08,1.08,1.04,1.04,1.04,1.04,1.04,1.0399999618530271,1.04,1.03,1.03,1.0399999618530271,1.04,1.03,1.0399999618530271,1.02,1.03,1.0700000524520874,1.07,1.0700000524520874,1.07,1.07,1.07,1.07,1.07,1.0700000524520874,1.07,1.07,1.07,1.07,0.99,0.99,0.99,0.99,0.99,1.07,1.07,1.07,1.08,1.07,1.07,1.07,1.07,1.08,1.08
0.6967360824742268,0.0,0.3086050781614635,0.0,0.1091114007549297,0.0,0.8199845538289754,0.0,0.1460911445783132,0.0,0.8162261536450389,0.0,0.966,0.0,0.608072797608581,0.0,0.5910306543019064,0.0,0.6061494330931854,0.0,0.3157766420097602,0.0,0.5027119517326355,0.0,0.9234137535095216,0.0,0.9822447896003724,0.9822447896003724,0.9822447896003724,0.1549048274755478,0.0,0.7979203462600708,0.0,0.1891027092933654,0.0,0.5101715922355652,0.0,0.7728829383850098,0.0,0.816440224647522,0.0,0.7013344764709473,0.7013344764709473,0.7013344764709473,0.4906927347183227,0.0,0.7611957788467407,0.0,0.8438726663589478,0.8438726663589478,0.8438726663589478,0.1497066766023636,0.0,1.07,1.07,1.07,1.06,1.07,1.06,1.06,1.06,1.06,1.05,1.04,1.06,1.06,1.06,1.04,1.04,1.05,1.03,1.06,1.06,1.02,1.03,1.04,1.04,1.04,1.04,1.04,1.04,1.07,1.07,1.08,1.07,1.07,1.07,1.08,1.07,1.08,1.05,1.05,1.05,1.05,1.05,1.05,1.05,1.06,1.06,1.06,1.06,1.06,1.07,1.06,1.06,1.06,1.06,1.07,1.07,1.07,1.03,1.03,1.03,1.03,1.03,1.0299999713897705,1.03,1.03,1.02,1.0299999713897705,1.03,1.02,1.0299999713897705,1.02,1.02,1.0499999523162842,1.05,1.0499999523162842,1.05,1.05,1.06,1.05,1.06,1.0499999523162842,1.05,1.06,1.06,1.06,0.98,0.98,0.98,0.98,0.99,1.06,1.06,1.06,1.07,1.06,1.06,1.05,1.06,1.07,1.06
0.6320395679921453,0.0,0.2331473338623739,0.0,0.1305989313008187,0.0,0.8458987624453336,0.0,0.1501373493975903,0.0,0.8574958385986318,0.0,0.983,0.0,0.5299236353588384,0.0,0.6307068521380731,0.0,0.6811979744891934,0.0,0.3688873011879089,0.0,0.5702986717224121,0.0,0.924677550792694,0.0,0.9762662053108216,0.9762662053108216,0.9762662053108216,0.1570643782615661,0.0,0.7994229197502136,0.0,0.1990812569856643,0.0,0.4781841039657593,0.0,0.775963306427002,0.0,0.8048216700553894,0.0,0.7217451930046082,0.7217451930046082,0.7217451930046082,0.5198464393615723,0.0,0.7521752715110779,0.0,0.9282282590866088,0.9282282590866088,0.9282282590866088,0.1626476049423217,0.0,1.05,1.05,1.06,1.05,1.05,1.05,1.04,1.05,1.05,1.04,1.03,1.05,1.05,1.05,1.03,1.03,1.04,1.03,1.05,1.06,1.01,1.03,1.03,1.03,1.03,1.03,1.04,1.04,1.05,1.05,1.05,1.05,1.05,1.05,1.05,1.05,1.05,1.03,1.04,1.04,1.04,1.04,1.04,1.04,1.04,1.04,1.04,1.05,1.05,1.07,1.04,1.04,1.05,1.04,1.06,1.06,1.05,1.02,1.02,1.02,1.02,1.02,1.0199999809265137,1.02,1.02,1.01,1.0199999809265137,1.02,1.01,1.0199999809265137,1.0,1.01,1.0399999618530271,1.04,1.0399999618530271,1.04,1.04,1.05,1.04,1.05,1.0399999618530271,1.04,1.04,1.04,1.04,0.97,0.97,0.97,0.97,0.97,1.05,1.04,1.04,1.06,1.05,1.04,1.04,1.04,1.06,1.04
0.6484438880706922,0.0,0.21598862494398,0.0,0.1663835648194406,0.0,0.9048943891318506,0.0,0.1561639759036144,0.0,0.8624365331822736,0.0,0.939,0.0,0.5756487728905524,0.0,0.6744317362184441,0.0,0.6461222392819181,0.0,0.3460980709217082,0.0,0.6283840537071228,0.0,0.8973096609115601,0.0,0.9804074764251708,0.9804074764251708,0.9804074764251708,0.1604759842157364,0.0,0.7945678234100342,0.0,0.2098631709814071,0.0,0.4426398873329162,0.0,0.7893651127815247,0.0,0.7990115880966187,0.0,0.7951511740684509,0.7951511740684509,0.7951511740684509,0.5423579216003418,0.0,0.7300307154655457,0.0,0.8787015676498413,0.8787015676498413,0.8787015676498413,0.1833900064229965,0.0,1.04,1.04,1.05,1.03,1.04,1.03,1.03,1.03,1.04,1.03,1.03,1.03,1.03,1.03,1.02,1.03,1.03,1.02,1.03,1.05,1.01,1.02,1.03,1.03,1.03,1.03,1.03,1.03,1.04,1.04,1.03,1.03,1.03,1.03,1.03,1.03,1.03,1.02,1.03,1.03,1.03,1.03,1.04,1.04,1.04,1.04,1.04,1.04,1.04,1.06,1.04,1.04,1.04,1.04,1.06,1.05,1.05,1.01,1.01,1.01,1.01,1.01,1.0099999904632568,1.01,1.0,1.0,1.0099999904632568,1.01,1.0,1.0099999904632568,0.99,1.0,1.0399999618530271,1.04,1.0399999618530271,1.04,1.04,1.04,1.04,1.04,1.0399999618530271,1.04,1.04,1.04,1.04,0.95,0.96,0.95,0.96,0.96,1.03,1.02,1.02,1.04,1.02,1.03,1.02,1.02,1.04,1.03
0.614505056455572,0.0,0.2227753423622615,0.0,0.1898190042203567,0.0,0.8915400576905183,0.0,0.2064646385542168,0.0,0.8331083271602248,0.0,0.959,0.0,0.5305099851792309,0.0,0.937495105615662,0.0,0.6234029467343806,0.0,0.3370993638519493,0.0,0.6829025149345398,0.0,0.893928587436676,0.0,0.9777719378471376,0.9777719378471376,0.9777719378471376,0.1754701137542724,0.0,0.786084771156311,0.0,0.217379629611969,0.0,0.4046491682529449,0.0,0.8041346073150635,0.0,0.8086007237434387,0.0,0.8762096762657166,0.8762096762657166,0.8762096762657166,0.5745823383331299,0.0,0.7501271367073059,0.0,0.8231281638145447,0.8231281638145447,0.8231281638145447,0.2013651728630066,0.0,1.04,1.04,1.05,1.03,1.03,1.03,1.02,1.02,1.03,1.03,1.02,1.02,1.02,1.02,1.02,1.02,1.02,1.02,1.02,1.04,1.0,1.02,1.03,1.03,1.03,1.03,1.03,1.03,1.03,1.03,1.02,1.02,1.02,1.02,1.02,1.02,1.02,1.02,1.03,1.03,1.03,1.03,1.03,1.03,1.04,1.04,1.04,1.03,1.04,1.05,1.04,1.04,1.04,1.03,1.05,1.05,1.04,1.0,1.0,1.0,1.0,1.0,1.0,1.0,1.0,0.99,1.0,1.0,0.99,1.0,0.98,0.99,1.0299999713897705,1.03,1.0299999713897705,1.03,1.03,1.04,1.03,1.03,1.0299999713897705,1.03,1.03,1.03,1.03,0.94,0.94,0.94,0.94,0.94,1.02,1.01,1.01,1.02,1.01,1.02,1.02,1.01,1.02,1.02
0.7517689739813451,0.0,0.2659463346965013,0.0,0.2096595377187186,0.0,0.8304709221178004,0.0,0.2305761445783132,0.0,0.8389071419233953,0.0,0.806,0.0,0.4704358310934713,0.0,0.9020986604842866,0.0,0.6298615802527461,0.0,0.4007995849651287,0.0,0.72017502784729,0.0,0.8959871530532837,0.0,0.948539674282074,0.948539674282074,0.948539674282074,0.1847402602434158,0.0,0.788874626159668,0.0,0.2229439914226532,0.0,0.3760885000228882,0.0,0.800586462020874,0.0,0.7809039354324341,0.0,0.9170823097229004,0.9170823097229004,0.9170823097229004,0.5952361226081848,0.0,0.7627612352371216,0.0,0.8590212464332581,0.8590212464332581,0.8590212464332581,0.2157335430383682,0.0,1.03,1.03,1.04,1.02,1.02,1.02,1.01,1.01,1.02,1.02,1.02,1.01,1.01,1.01,1.02,1.02,1.02,1.02,1.01,1.03,1.0,1.02,1.03,1.03,1.03,1.03,1.03,1.03,1.03,1.02,1.01,1.01,1.01,1.01,1.01,1.01,1.01,1.02,1.03,1.03,1.03,1.03,1.03,1.03,1.03,1.03,1.03,1.03,1.03,1.05,1.03,1.03,1.04,1.02,1.05,1.05,1.04,1.0,1.0,1.0,1.0,1.0,1.0,1.0,1.0,0.99,1.0,1.0,0.99,1.0,0.98,0.99,1.0299999713897705,1.03,1.0299999713897705,1.03,1.03,1.04,1.03,1.03,1.0299999713897705,1.03,1.03,1.03,1.03,0.93,0.93,0.93,0.93,0.94,1.01,1.01,1.01,1.02,1.01,1.01,1.02,1.01,1.02,1.02
0.726690525282278,0.0,0.2627138080991207,0.0,0.2256639238955174,0.0,0.7914101609751558,0.0,0.2328288554216867,0.0,0.879776330123317,0.0,0.724,0.0,0.3428674922756161,0.0,0.7561254507985574,0.0,0.5690213180583442,0.0,0.4227628144633514,0.0,0.7317214012145996,0.0,0.8843016624450684,0.0,0.967868983745575,0.967868983745575,0.967868983745575,0.1887125819921493,0.0,0.779093325138092,0.0,0.2290924787521362,0.0,0.3653212189674377,0.0,0.7824334502220154,0.0,0.748514711856842,0.0,0.9501731991767884,0.9501731991767884,0.9501731991767884,0.6046372056007385,0.0,0.7861983180046082,0.0,0.9481083154678344,0.9481083154678344,0.9481083154678344,0.2196251600980758,0.0,1.03,1.03,1.04,1.02,1.02,1.02,1.0,1.01,1.01,1.02,1.02,1.01,1.01,1.01,1.02,1.02,1.02,1.02,1.01,1.03,1.0,1.02,1.03,1.03,1.03,1.03,1.03,1.03,1.02,1.02,1.01,1.01,1.01,1.01,1.01,1.01,1.0,1.02,1.03,1.03,1.03,1.02,1.03,1.03,1.02,1.02,1.02,1.03,1.02,1.05,1.02,1.02,1.04,1.02,1.05,1.05,1.04,1.0,1.0,1.0,1.0,1.0,1.0,1.0,1.0,1.0,1.0,1.0,0.99,1.0,0.98,1.0,1.0399999618530271,1.04,1.0399999618530271,1.04,1.04,1.04,1.04,1.04,1.0399999618530271,1.04,1.03,1.03,1.03,0.93,0.93,0.93,0.93,0.94,1.01,1.01,1.01,1.02,1.01,1.01,1.02,1.01,1.02,1.02
0.7039594501718213,0.0,0.2627298333319665,0.0,0.1789632966799792,0.0,0.778114915790453,0.0,0.2497694578313253,0.0,0.7315449474922654,0.0,0.842,0.0,0.2514295008666382,0.0,0.7235826893353943,0.0,0.459035077359159,0.0,0.3537021594228499,0.0,0.7545284032821655,0.0,0.8712155222892761,0.0,0.9324287176132202,0.9324287176132202,0.9324287176132202,0.1898278146982193,0.0,0.7587823271751404,0.0,0.2345107048749923,0.0,0.368365079164505,0.0,0.757117748260498,0.0,0.7395370006561279,0.0,0.9655739068984984,0.9655739068984984,0.9655739068984984,0.6137624382972717,0.0,0.7620580196380615,0.0,0.968203604221344,0.968203604221344,0.968203604221344,0.2202529311180114,0.0,1.03,1.03,1.04,1.02,1.03,1.02,1.0,1.01,1.02,1.03,1.03,1.01,1.01,1.01,1.02,1.02,1.03,1.02,1.01,1.04,1.0,1.02,1.03,1.03,1.04,1.03,1.03,1.03,1.02,1.02,1.01,1.02,1.02,1.01,1.01,1.02,1.0,1.02,1.04,1.04,1.04,1.03,1.04,1.04,1.03,1.03,1.03,1.04,1.03,1.05,1.03,1.03,1.04,1.03,1.05,1.05,1.05,1.0,1.0,1.0,1.0,1.0,1.0,1.0,1.01,1.0,1.0,1.0,1.0,1.0,0.99,1.0,1.0499999523162842,1.05,1.0499999523162842,1.05,1.05,1.05,1.05,1.04,1.0499999523162842,1.05,1.04,1.04,1.04,0.93,0.93,0.94,0.93,0.94,1.02,1.02,1.02,1.03,1.02,1.02,1.02,1.02,1.03,1.02
0.5236276877761414,0.0,0.2275033517413131,0.0,0.1313544456785089,0.0,0.7725515027449521,0.0,0.2497733734939759,0.0,0.6374782779206066,0.0,0.914,0.0,0.2986985355070461,0.0,0.7787599175682638,0.0,0.4466307428841384,0.0,0.3292985477846152,0.0,0.787712574005127,0.0,0.8356747031211853,0.0,0.8417224287986755,0.8417224287986755,0.8417224287986755,0.1860737353563308,0.0,0.7230446934700012,0.0,0.2337318956851959,0.0,0.3934065401554107,0.0,0.7306458950042725,0.0,0.7288448214530945,0.0,0.9764347076416016,0.9764347076416016,0.9764347076416016,0.6065054535865784,0.0,0.7621585130691528,0.0,0.9772143363952636,0.9772143363952636,0.9772143363952636,0.2085302770137787,0.0,1.04,1.04,1.05,1.03,1.04,1.03,1.01,1.02,1.02,1.03,1.03,1.02,1.02,1.02,1.02,1.03,1.03,1.02,1.02,1.04,1.01,1.02,1.05,1.05,1.06,1.05,1.05,1.05,1.04,1.04,1.03,1.03,1.04,1.03,1.03,1.04,1.02,1.05,1.06,1.06,1.06,1.05,1.06,1.06,1.04,1.04,1.04,1.05,1.04,1.06,1.04,1.04,1.05,1.04,1.07,1.06,1.06,1.01,1.01,1.01,1.01,1.01,1.0099999904632568,1.01,1.01,1.0,1.0099999904632568,1.01,1.0,1.0099999904632568,0.99,1.01,1.059999942779541,1.06,1.059999942779541,1.06,1.06,1.06,1.06,1.05,1.059999942779541,1.06,1.05,1.05,1.05,0.94,0.94,0.95,0.94,0.95,1.04,1.04,1.04,1.05,1.04,1.04,1.04,1.04,1.05,1.04
0.4999051546391754,0.0,0.2421705971622795,0.0,0.0777952111925849,0.0,0.7802012654694334,0.0,0.2435206024096385,0.0,0.3947135387162839,0.0,0.896,0.0,0.2916050893014142,0.0,0.8500788253477589,0.0,0.406066050549191,0.0,0.332866810376465,0.0,0.8165751099586487,0.0,0.8186812996864319,0.0,0.7516995072364807,0.7516995072364807,0.7516995072364807,0.1732015013694763,0.0,0.6835809946060181,0.0,0.2317005097866058,0.0,0.429544985294342,0.0,0.6898826360702515,0.0,0.723039448261261,0.0,0.9653096795082092,0.9653096795082092,0.9653096795082092,0.596908450126648,0.0,0.7625489234924316,0.0,0.9751629829406738,0.9751629829406738,0.9751629829406738,0.1981467008590698,0.0,1.06,1.06,1.06,1.05,1.06,1.06,1.03,1.03,1.04,1.03,1.03,1.03,1.03,1.03,1.03,1.03,1.03,1.02,1.03,1.04,1.02,1.03,1.06,1.06,1.07,1.06,1.06,1.06,1.05,1.06,1.05,1.05,1.05,1.05,1.05,1.06,1.04,1.07,1.08,1.08,1.08,1.08,1.08,1.08,1.06,1.06,1.06,1.06,1.06,1.07,1.06,1.06,1.06,1.05,1.07,1.07,1.06,1.01,1.01,1.01,1.01,1.01,1.0099999904632568,1.01,1.02,1.01,1.0099999904632568,1.01,1.01,1.0099999904632568,1.0,1.01,1.0700000524520874,1.07,1.0700000524520874,1.07,1.07,1.07,1.07,1.07,1.0700000524520874,1.07,1.07,1.07,1.07,0.95,0.95,0.96,0.95,0.96,1.06,1.06,1.06,1.07,1.06,1.06,1.05,1.06,1.07,1.05
0.4467016200294551,0.0,0.2976385279121636,0.0,0.0643284703174318,0.0,0.7209699451009584,0.0,0.2522227108433735,0.0,0.3032927360669309,0.0,0.924,0.0,0.265236001909116,0.0,0.7627926326635754,0.0,0.3695534132514468,0.0,0.3385642030899276,0.0,0.8398100733757019,0.0,0.7914398908615112,0.0,0.610437273979187,0.610437273979187,0.610437273979187,0.1658683121204376,0.0,0.6460434794425964,0.0,0.2391830533742904,0.0,0.4410654008388519,0.0,0.6280999183654785,0.0,0.741679310798645,0.0,0.9680798053741456,0.9680798053741456,0.9680798053741456,0.5967080593109131,0.0,0.7576239109039307,0.0,0.9789749383926392,0.9789749383926392,0.9789749383926392,0.1945663541555404,0.0,1.06,1.06,1.07,1.06,1.06,1.06,1.04,1.04,1.04,1.04,1.03,1.04,1.04,1.04,1.03,1.03,1.04,1.03,1.04,1.04,1.02,1.03,1.07,1.07,1.08,1.07,1.07,1.07,1.06,1.06,1.07,1.07,1.07,1.07,1.07,1.07,1.05,1.08,1.09,1.08,1.09,1.09,1.08,1.08,1.06,1.06,1.06,1.06,1.06,1.07,1.06,1.06,1.07,1.06,1.08,1.07,1.07,1.02,1.02,1.02,1.02,1.02,1.0199999809265137,1.02,1.02,1.02,1.0199999809265137,1.02,1.02,1.0199999809265137,1.0,1.02,1.0700000524520874,1.07,1.0700000524520874,1.07,1.07,1.07,1.07,1.07,1.0700000524520874,1.07,1.07,1.07,1.07,0.96,0.96,0.97,0.96,0.97,1.07,1.07,1.07,1.08,1.07,1.07,1.06,1.07,1.08,1.06
0.5283336278841433,0.0,0.3060230105970793,0.0,0.0421957055318287,0.0,0.6226480878384665,0.0,0.2706089759036144,0.0,0.4498534140921173,0.0,0.927,0.0,0.2885511316536462,0.0,0.7850517774343122,0.0,0.5790041336955238,0.0,0.2680399497956951,0.0,0.8452644348144531,0.0,0.7349746823310852,0.0,0.4701079726219177,0.4701079726219177,0.4701079726219177,0.1620121449232101,0.0,0.605516254901886,0.0,0.2442162185907364,0.0,0.446915328502655,0.0,0.5682211518287659,0.0,0.743196427822113,0.0,0.955100417137146,0.955100417137146,0.955100417137146,0.5677853226661682,0.0,0.7741371393203735,0.0,0.9778370261192322,0.9778370261192322,0.9778370261192322,0.1906265765428543,0.0,1.07,1.07,1.07,1.07,1.07,1.07,1.05,1.05,1.04,1.04,1.03,1.05,1.05,1.05,1.03,1.03,1.04,1.03,1.05,1.04,1.02,1.04,1.08,1.08,1.08,1.08,1.08,1.08,1.07,1.07,1.07,1.07,1.08,1.07,1.08,1.08,1.06,1.09,1.09,1.09,1.09,1.09,1.09,1.09,1.06,1.06,1.06,1.07,1.07,1.08,1.06,1.06,1.07,1.06,1.08,1.07,1.07,1.03,1.03,1.03,1.03,1.03,1.0299999713897705,1.03,1.03,1.02,1.0299999713897705,1.03,1.02,1.0299999713897705,1.01,1.02,1.059999942779541,1.06,1.059999942779541,1.06,1.06,1.06,1.06,1.07,1.059999942779541,1.06,1.07,1.07,1.07,0.97,0.97,0.97,0.97,0.97,1.08,1.08,1.08,1.09,1.08,1.08,1.08,1.08,1.09,1.07
0.5800993618065784,0.0031350248477947,0.2794450123357827,0.0,0.088214971275568,0.0181802269115309,0.6288494463571229,0.0,0.265709578313253,0.0,0.2969810449257047,0.0135756020401575,0.962,0.0,0.3112622271345675,0.0,0.8210571870170016,0.0002800595218976,0.5702094602574702,0.0,0.2800966943124917,0.0,0.8356838822364807,0.0038339851889759,0.6873440146446228,0.0,0.4194807708263397,0.4194807708263397,0.4194807708263397,0.1583738178014755,0.0162764601409435,0.5631765127182007,0.0,0.2420531064271927,0.0,0.4587933719158172,0.0118259089067578,0.4957058429718017,3.83720725949388e-5,0.7242410182952881,0.0,0.9598377346992492,0.9598377346992492,0.9598377346992492,0.5400556325912476,5.703345323126996e-6,0.7808259725570679,0.0,0.9779183864593506,0.9779183864593506,0.9779183864593506,0.1941610276699066,0.0151681555435061,1.07,1.07,1.08,1.07,1.07,1.07,1.05,1.05,1.05,1.04,1.04,1.05,1.05,1.05,1.04,1.04,1.04,1.03,1.05,1.05,1.02,1.04,1.08,1.08,1.09,1.08,1.08,1.08,1.08,1.08,1.08,1.07,1.08,1.08,1.08,1.08,1.07,1.09,1.09,1.09,1.09,1.09,1.09,1.09,1.07,1.07,1.07,1.07,1.07,1.08,1.07,1.07,1.07,1.07,1.08,1.07,1.07,1.04,1.04,1.04,1.04,1.04,1.0399999618530271,1.04,1.03,1.02,1.0399999618530271,1.04,1.02,1.0399999618530271,1.01,1.02,1.0700000524520874,1.07,1.0700000524520874,1.07,1.07,1.07,1.07,1.07,1.0700000524520874,1.07,1.07,1.07,1.07,0.98,0.97,0.97,0.98,0.98,1.09,1.09,1.09,1.1,1.09,1.08,1.09,1.09,1.1,1.08
0.5435694648993619,0.1275725073005042,0.2954727697967949,0.1104165648822308,0.1042822568623162,0.0535224924951439,0.6226681864706429,0.1198999999999999,0.2751649397590361,0.0070282485875706,0.2604520458407773,0.0888902769707534,0.767,0.0946762557454112,0.3460466477429726,0.0044244186046511,0.6323508500772798,0.1078685084695982,0.5197419983465219,0.0,0.3127283242620282,0.1005,0.8632755279541016,0.1314303278923034,0.6085489392280579,0.0097819035872817,0.3544206619262695,0.3544206619262695,0.3544206619262695,0.1619491279125213,0.1752509623765945,0.5188186168670654,0.0242413785308599,0.2329952716827392,0.0907521843910217,0.4606110453605652,0.1623674035072326,0.465964138507843,0.0485662631690502,0.7178623676300049,0.0024617402814328,0.9526508450508118,0.9526508450508118,0.9526508450508118,0.5175508260726929,0.0877245664596557,0.7713329195976257,0.0011482329573482,0.961256980895996,0.961256980895996,0.961256980895996,0.204248160123825,0.1656101644039154,1.08,1.07,1.09,1.07,1.07,1.07,1.06,1.06,1.05,1.04,1.04,1.06,1.06,1.06,1.04,1.04,1.04,1.03,1.06,1.05,1.02,1.04,1.09,1.09,1.09,1.09,1.09,1.09,1.08,1.08,1.08,1.07,1.08,1.09,1.08,1.09,1.08,1.09,1.1,1.1,1.1,1.1,1.09,1.09,1.07,1.07,1.07,1.07,1.07,1.08,1.07,1.07,1.07,1.07,1.08,1.07,1.07,1.04,1.04,1.04,1.04,1.04,1.0399999618530271,1.04,1.03,1.02,1.0399999618530271,1.04,1.02,1.0399999618530271,1.02,1.02,1.0700000524520874,1.07,1.0700000524520874,1.07,1.07,1.07,1.07,1.07,1.0700000524520874,1.07,1.07,1.07,1.07,0.98,0.98,0.97,0.98,0.98,1.1,1.1,1.1,1.1,1.1,1.09,1.1,1.1,1.1,1.08
0.5165060382916052,0.22033207693179,0.4651467478376323,0.4280705519024065,0.0892533053122891,0.0516944419918771,0.6568741974504513,0.1997999999999999,0.2607840963855422,0.0123135593220338,0.4644136563684692,0.0941662792949835,0.83,0.2593896420590876,0.3248717124268381,0.153015810449216,0.2344742400824317,0.2717066564550591,0.4359754340380301,0.050728237791932,0.2451262611925631,0.012,0.8766102194786072,0.3245290517807007,0.5050141215324402,0.0775173902511596,0.287699818611145,0.287699818611145,0.287699818611145,0.1618237197399139,0.3152317702770233,0.4690467715263366,0.132424384355545,0.2268587499856948,0.282454639673233,0.4435917735099792,0.329422116279602,0.4566677510738373,0.1833017021417617,0.7018542289733887,0.0703325793147087,0.9182671308517456,0.9182671308517456,0.9182671308517456,0.4710271954536438,0.2624893486499786,0.7634841203689575,0.0796676576137542,0.9668632745742798,0.9668632745742798,0.9668632745742798,0.208950325846672,0.3012050688266754,1.08,1.08,1.09,1.07,1.07,1.07,1.06,1.06,1.05,1.04,1.03,1.06,1.06,1.06,1.03,1.03,1.04,1.03,1.06,1.05,1.02,1.04,1.09,1.09,1.1,1.09,1.09,1.09,1.08,1.08,1.08,1.07,1.09,1.09,1.09,1.09,1.08,1.09,1.1,1.1,1.1,1.1,1.09,1.09,1.08,1.08,1.08,1.08,1.08,1.09,1.08,1.08,1.08,1.08,1.09,1.08,1.08,1.03,1.03,1.03,1.03,1.03,1.0299999713897705,1.03,1.03,1.02,1.0299999713897705,1.03,1.03,1.0299999713897705,1.02,1.03,1.059999942779541,1.06,1.059999942779541,1.06,1.06,1.07,1.06,1.07,1.059999942779541,1.06,1.07,1.07,1.07,0.98,0.98,0.98,0.98,0.98,1.1,1.1,1.09,1.09,1.1,1.09,1.1,1.09,1.09,1.09
0.5844295532646048,0.2359109257420547,0.5580796076744674,0.5326626999671734,0.0579078149407073,0.054001037435988,0.564739927421606,0.2600499999999999,0.207603313253012,0.0329689265536723,0.4498037387249989,0.0980669830202078,0.487,0.3210223792698204,0.2973348991434097,0.2152040942084664,0.2801903657908294,0.3054785906811932,0.4252290067320184,0.0982433651804671,0.1497270704053927,0.0235,0.88112473487854,0.3848424255847931,0.3952088952064514,0.1453325450420379,0.2620659172534942,0.2620659172534942,0.2620659172534942,0.1423959583044052,0.3387493193149566,0.385296881198883,0.2089407444000244,0.1990754455327987,0.3792155981063843,0.455720841884613,0.3944606184959411,0.4669731557369232,0.2537309527397156,0.6695228219032288,0.1727606356143951,0.8984207510948181,0.8984207510948181,0.8984207510948181,0.4112336635589599,0.3405274450778961,0.7157734632492065,0.1635951697826385,0.982924461364746,0.982924461364746,0.982924461364746,0.1889511197805404,0.3354594707489013,1.07,1.07,1.08,1.06,1.07,1.07,1.06,1.05,1.05,1.04,1.03,1.05,1.05,1.05,1.03,1.03,1.04,1.03,1.05,1.04,1.03,1.04,1.1,1.1,1.1,1.1,1.1,1.1,1.08,1.08,1.08,1.07,1.09,1.09,1.09,1.09,1.08,1.09,1.1,1.1,1.1,1.1,1.09,1.09,1.08,1.08,1.08,1.08,1.08,1.09,1.08,1.08,1.08,1.08,1.09,1.08,1.08,1.04,1.04,1.04,1.04,1.04,1.0399999618530271,1.04,1.03,1.02,1.0399999618530271,1.04,1.03,1.0399999618530271,1.02,1.03,1.0700000524520874,1.07,1.0700000524520874,1.07,1.07,1.07,1.07,1.07,1.0700000524520874,1.07,1.07,1.07,1.07,0.98,0.98,0.98,0.98,0.99,1.1,1.1,1.09,1.09,1.1,1.09,1.1,1.09,1.09,1.09
0.4364893470790378,0.2265048652407126,0.5324459949075414,0.5001346825994726,0.1499424871831553,0.0621152878333039,0.5116292918954127,0.236675,0.1669048795180723,0.0177005649717514,0.3317743256786787,0.1136257666731228,0.343,0.3146410745230512,0.28886487980105,0.237921682866137,0.2221313755795981,0.2805068452940647,0.2793101452698713,0.118640923566879,0.1823153298831501,0.0385,0.9093581438064576,0.404363065958023,0.3608814179897308,0.1785231530666351,0.2181939780712127,0.2181939780712127,0.2181939780712127,0.1506388485431671,0.3367413282394409,0.3172381818294525,0.232330322265625,0.1692137867212295,0.3620405197143554,0.5423529148101807,0.419447124004364,0.5012325644493103,0.26850426197052,0.6165903210639954,0.2515749335289001,0.9001405835151672,0.9001405835151672,0.9001405835151672,0.3747539818286896,0.3345692455768585,0.5877705812454224,0.202197790145874,0.9816059470176696,0.9816059470176696,0.9816059470176696,0.1821179836988449,0.3301978409290313,1.07,1.07,1.08,1.06,1.07,1.06,1.06,1.05,1.05,1.04,1.03,1.05,1.05,1.05,1.03,1.03,1.04,1.03,1.05,1.04,1.03,1.04,1.1,1.1,1.11,1.1,1.1,1.1,1.08,1.07,1.09,1.07,1.09,1.09,1.09,1.09,1.09,1.09,1.09,1.1,1.1,1.09,1.1,1.09,1.09,1.09,1.09,1.09,1.09,1.09,1.09,1.08,1.09,1.08,1.09,1.09,1.08,1.04,1.04,1.04,1.04,1.04,1.0399999618530271,1.04,1.03,1.02,1.0399999618530271,1.04,1.03,1.0399999618530271,1.02,1.03,1.0700000524520874,1.07,1.0700000524520874,1.07,1.07,1.07,1.07,1.07,1.0700000524520874,1.07,1.07,1.08,1.07,0.98,0.98,0.98,0.98,0.99,1.09,1.09,1.09,1.07,1.09,1.1,1.1,1.09,1.07,1.09
0.6368358370152184,0.2239476301384282,0.6501612022082194,0.4653956642087006,0.2124114610642696,0.0778208767437754,0.5152165255420117,0.2561,0.1445573493975903,0.0565564971751412,0.4699361627957645,0.109504293369488,0.327,0.3124549359051187,0.2814904418598808,0.2045069485867338,0.1860947964966512,0.2711060061823692,0.197160712176686,0.1039087048832271,0.1789328924443653,0.027,0.9229658246040344,0.4043850600719452,0.4131525158882141,0.1992838084697723,0.1676583290100097,0.1676583290100097,0.1676583290100097,0.1963934004306793,0.3441749215126037,0.3079826831817627,0.2476266920566558,0.1530689597129821,0.344621330499649,0.6546236276626587,0.4309273958206177,0.5315462946891785,0.2879835963249206,0.5611605644226074,0.2640204727649688,0.9002814292907715,0.9002814292907715,0.9002814292907715,0.356346994638443,0.3372478187084198,0.4476360976696014,0.2087582349777221,0.9830036759376526,0.9830036759376526,0.9830036759376526,0.2146285325288772,0.3357523381710052,1.07,1.07,1.08,1.06,1.07,1.06,1.06,1.05,1.05,1.04,1.03,1.05,1.05,1.05,1.04,1.04,1.04,1.03,1.05,1.04,1.03,1.04,1.1,1.1,1.1,1.1,1.1,1.1,1.07,1.07,1.09,1.07,1.09,1.09,1.09,1.09,1.09,1.09,1.09,1.1,1.1,1.09,1.1,1.1,1.1,1.1,1.09,1.09,1.09,1.1,1.1,1.09,1.09,1.09,1.1,1.09,1.09,1.04,1.04,1.04,1.04,1.04,1.0399999618530271,1.04,1.03,1.02,1.0399999618530271,1.04,1.03,1.0399999618530271,1.02,1.03,1.0700000524520874,1.07,1.0700000524520874,1.07,1.07,1.07,1.07,1.07,1.0700000524520874,1.07,1.08,1.08,1.08,0.99,0.99,0.99,0.99,0.99,1.08,1.09,1.09,1.07,1.08,1.09,1.1,1.09,1.07,1.09
0.6708014727540501,0.2330587241252255,0.5821870148686425,0.4417255745687475,0.3278795977121899,0.0584646388839837,0.511393877361124,0.281925,0.1424932530120482,0.0370649717514124,0.8052167414702166,0.1185407385886758,0.048,0.3131053904297089,0.2676083800145695,0.2247693780983548,0.2308624420401855,0.2631880047247565,0.2104024152592418,0.1119814225053078,0.1550542695226455,0.034,0.92623770236969,0.3886404633522033,0.518020749092102,0.1947170048952102,0.1304387003183365,0.1304387003183365,0.1304387003183365,0.2709718644618988,0.3599931299686432,0.3176575303077698,0.2381200343370437,0.1423538923263549,0.3435387313365936,0.7470943331718445,0.433873176574707,0.5426151156425476,0.2719956934452057,0.5527633428573608,0.2493447810411453,0.8681007027626038,0.8681007027626038,0.8681007027626038,0.3230577111244201,0.3227859735488891,0.4283770322799682,0.2035510838031768,0.9830036759376526,0.9830036759376526,0.9830036759376526,0.2606166899204254,0.3574710488319397,1.07,1.07,1.08,1.06,1.06,1.06,1.06,1.05,1.05,1.04,1.03,1.05,1.05,1.05,1.04,1.04,1.04,1.03,1.05,1.04,1.04,1.04,1.1,1.1,1.1,1.1,1.1,1.1,1.07,1.07,1.09,1.07,1.09,1.09,1.09,1.08,1.09,1.09,1.1,1.1,1.1,1.09,1.1,1.1,1.1,1.1,1.09,1.09,1.09,1.1,1.1,1.09,1.09,1.09,1.1,1.09,1.09,1.03,1.03,1.03,1.03,1.03,1.0299999713897705,1.03,1.03,1.02,1.0299999713897705,1.03,1.03,1.0299999713897705,1.02,1.03,1.0700000524520874,1.07,1.0700000524520874,1.07,1.07,1.07,1.07,1.07,1.0700000524520874,1.07,1.07,1.08,1.08,0.99,0.99,0.99,0.99,0.99,1.08,1.08,1.08,1.07,1.08,1.09,1.08,1.08,1.07,1.09
0.5866765832106038,0.213263805526935,0.3797311732145259,0.4305787307610542,0.4783785079368154,0.0623919079992936,0.524066902391365,0.2669749999999999,0.1427122891566265,0.0288502824858757,0.7513784914375355,0.0869608431790302,0.002,0.2626210779531912,0.237184757215705,0.227997408400343,0.2204814528593508,0.2609634513950651,0.1833050372032597,0.1695103503184713,0.1413527732353443,0.0069999999999999,0.9204882383346558,0.3587243258953094,0.5590330362319946,0.1676733195781707,0.0895055532455444,0.0895055532455444,0.0895055532455444,0.3370319306850433,0.3870846033096313,0.3479747474193573,0.212159052491188,0.1362439692020416,0.3490280508995056,0.8219398856163025,0.426981508731842,0.5518566966056824,0.2433858215808868,0.5199177861213684,0.2368968576192855,0.8050459623336792,0.8050459623336792,0.8050459623336792,0.3000690340995788,0.3038004338741302,0.4157236516475677,0.175775334239006,0.9830036759376526,0.9830036759376526,0.9830036759376526,0.3153263330459595,0.3988805711269378,1.07,1.07,1.07,1.06,1.06,1.06,1.05,1.05,1.04,1.04,1.03,1.05,1.05,1.05,1.04,1.04,1.04,1.04,1.05,1.04,1.04,1.04,1.11,1.1,1.1,1.1,1.1,1.1,1.06,1.06,1.08,1.06,1.08,1.08,1.08,1.08,1.09,1.09,1.1,1.1,1.1,1.09,1.1,1.1,1.09,1.09,1.09,1.09,1.09,1.1,1.09,1.09,1.09,1.09,1.1,1.09,1.09,1.03,1.03,1.03,1.03,1.03,1.0299999713897705,1.03,1.03,1.02,1.0299999713897705,1.03,1.03,1.0299999713897705,1.02,1.03,1.0700000524520874,1.07,1.0700000524520874,1.07,1.07,1.07,1.07,1.07,1.0700000524520874,1.07,1.07,1.08,1.08,0.99,0.99,0.99,0.99,1.0,1.08,1.08,1.08,1.07,1.08,1.09,1.07,1.08,1.07,1.09
0.6473858615611193,0.2072813544081574,0.3619665009002887,0.4126680494057974,0.5272468327639634,0.0385548516687268,0.5826894947427189,0.3953249999999999,0.1439419277108433,0.0705649717514124,0.8745782387032115,0.0875175285686616,0.0,0.3153507909297145,0.2438897987892185,0.1911919971252612,0.2076393611540443,0.2565980637306914,0.1399042754222274,0.1110934182590233,0.151949047633366,0.0125,0.928586721420288,0.3482148051261902,0.6155915856361389,0.1466111838817596,0.0683414191007614,0.0683414191007614,0.0683414191007614,0.3996262848377228,0.3501787185668945,0.3973262310028076,0.1761539727449417,0.1308448761701584,0.3209311962127685,0.8524361252784729,0.3989953100681305,0.5644038319587708,0.2148442417383194,0.4898713231086731,0.2413608878850937,0.7286478281021118,0.7286478281021118,0.7286478281021118,0.2782806158065796,0.2916957437992096,0.4082128405570984,0.16508649289608,0.9829434752464294,0.9829434752464294,0.9829434752464294,0.3876836895942688,0.3565615713596344,1.07,1.07,1.07,1.06,1.06,1.06,1.05,1.05,1.04,1.04,1.04,1.05,1.05,1.05,1.04,1.04,1.04,1.04,1.05,1.04,1.04,1.05,1.1,1.1,1.1,1.1,1.1,1.1,1.06,1.06,1.08,1.06,1.08,1.08,1.08,1.08,1.09,1.09,1.1,1.1,1.1,1.09,1.1,1.1,1.09,1.09,1.09,1.09,1.09,1.1,1.09,1.09,1.09,1.09,1.1,1.09,1.09,1.03,1.03,1.03,1.03,1.03,1.0299999713897705,1.03,1.03,1.02,1.0299999713897705,1.03,1.03,1.0299999713897705,1.02,1.03,1.0700000524520874,1.07,1.0700000524520874,1.07,1.07,1.07,1.07,1.07,1.0700000524520874,1.07,1.07,1.08,1.07,0.99,0.99,0.99,0.99,1.0,1.07,1.07,1.07,1.06,1.07,1.09,1.07,1.08,1.06,1.09
0.6531030927835051,0.1044668407393283,0.2392716907990439,0.2899740759386413,0.6126461782007552,0.0054054167402436,0.5862233181352935,0.178925,0.1571054819277108,0.0012542372881355,0.7630775197176347,0.035253018271031,0.0,0.1793845303443202,0.3009369991710417,0.115089760898628,0.303811695002576,0.1268345872575956,0.1348227530412188,0.060765127388535,0.1167041421181227,0.0,0.932007372379303,0.2202740609645843,0.6464964151382446,0.1057235449552536,0.0553909055888652,0.0553909055888652,0.0553909055888652,0.55597984790802,0.1525656580924987,0.4650087356567383,0.1026863604784011,0.1410917937755584,0.1415188610553741,0.8580191731452942,0.2335324138402938,0.6028895378112793,0.1359812766313552,0.4375311136245727,0.185997873544693,0.6583089828491211,0.6583089828491211,0.6583089828491211,0.297269344329834,0.1536369323730468,0.4255399405956268,0.1288881450891494,0.9783104062080384,0.9783104062080384,0.9783104062080384,0.5633283853530884,0.1400769054889679,1.06,1.07,1.07,1.06,1.06,1.06,1.05,1.05,1.05,1.05,1.04,1.05,1.05,1.05,1.04,1.04,1.05,1.04,1.05,1.05,1.04,1.05,1.09,1.09,1.09,1.09,1.09,1.09,1.06,1.06,1.07,1.06,1.08,1.08,1.07,1.08,1.08,1.1,1.09,1.09,1.09,1.09,1.1,1.09,1.09,1.09,1.09,1.09,1.09,1.1,1.09,1.09,1.09,1.09,1.1,1.09,1.09,1.03,1.03,1.03,1.03,1.03,1.0299999713897705,1.03,1.03,1.03,1.0299999713897705,1.03,1.03,1.0299999713897705,1.02,1.03,1.0700000524520874,1.07,1.0700000524520874,1.07,1.07,1.07,1.07,1.07,1.0700000524520874,1.07,1.07,1.07,1.07,0.99,0.99,0.99,0.99,1.0,1.07,1.07,1.07,1.06,1.07,1.08,1.07,1.07,1.06,1.08
0.6364982817869416,0.0,0.2412020929786175,0.0115555386222838,0.7840234030578368,0.0,0.5703714524983716,0.0,0.1701527710843373,0.0,0.7681530349906314,0.0,0.65,0.0040104311871955,0.4082678540028637,0.0223963172393876,0.3213683668212262,0.0,0.3111198476437936,0.0033266985138004,0.1590146991289925,0.0,0.8877958655357361,0.0149791212752461,0.6537891626358032,0.0382605530321598,0.072716474533081,0.072716474533081,0.072716474533081,0.6700279116630554,0.0054302252829074,0.5536931753158569,0.0174564607441425,0.1558633893728256,0.0025594350881874,0.8637019991874695,0.0191967207938432,0.6190395951271057,0.0145841790363192,0.4977716505527496,0.0475385598838329,0.5629494786262512,0.5629494786262512,0.5629494786262512,0.3718175888061523,0.0090345675125718,0.5454391837120056,0.0353566892445087,0.962757647037506,0.962757647037506,0.962757647037506,0.7200182676315308,0.0029254793189466,1.06,1.07,1.07,1.06,1.06,1.06,1.05,1.05,1.05,1.05,1.04,1.05,1.05,1.05,1.05,1.05,1.05,1.04,1.05,1.05,1.04,1.05,1.1,1.1,1.1,1.1,1.1,1.1,1.06,1.05,1.07,1.06,1.07,1.08,1.07,1.07,1.08,1.1,1.09,1.09,1.09,1.09,1.09,1.09,1.1,1.1,1.1,1.09,1.1,1.1,1.1,1.09,1.09,1.09,1.1,1.09,1.09,1.04,1.04,1.04,1.04,1.04,1.0399999618530271,1.04,1.04,1.03,1.0399999618530271,1.04,1.03,1.0399999618530271,1.02,1.03,1.0700000524520874,1.07,1.0700000524520874,1.07,1.07,1.07,1.07,1.07,1.0700000524520874,1.07,1.08,1.08,1.08,0.99,0.99,0.99,0.99,0.99,1.06,1.07,1.07,1.05,1.06,1.08,1.07,1.07,1.05,1.08
0.973759941089838,0.0,0.3013137587217164,6.329341147068042e-5,0.824508667314839,0.0,0.5657725876988926,0.0,0.1595347590361445,0.0,0.5361756503551353,0.0,0.775,0.0,0.4478071290411717,3.132201969411272e-5,0.2441924265842349,0.0,0.4068906637533955,0.0,0.1935371825046028,0.0,0.8502498865127563,0.0,0.6840741634368896,0.0001842650672188,0.1357698291540146,0.1357698291540146,0.1357698291540146,0.6909406185150146,0.0,0.5991563200950623,0.0,0.1576906889677047,0.0,0.8669947981834412,0.0,0.6246660351753235,0.0,0.5596036911010742,5.269026104315344e-9,0.4385598301887512,0.4385598301887512,0.4385598301887512,0.440326064825058,0.0,0.6367278099060059,0.0,0.9500821828842164,0.9500821828842164,0.9500821828842164,0.7482383251190186,0.0,1.06,1.07,1.07,1.06,1.06,1.06,1.05,1.05,1.05,1.05,1.05,1.05,1.05,1.05,1.05,1.05,1.05,1.04,1.05,1.05,1.05,1.05,1.09,1.09,1.09,1.09,1.09,1.09,1.06,1.06,1.07,1.06,1.07,1.08,1.07,1.07,1.08,1.09,1.08,1.08,1.08,1.08,1.08,1.08,1.1,1.1,1.1,1.1,1.1,1.1,1.1,1.09,1.1,1.1,1.1,1.1,1.09,1.04,1.04,1.04,1.04,1.04,1.0399999618530271,1.04,1.04,1.03,1.0399999618530271,1.04,1.04,1.0399999618530271,1.02,1.04,1.0700000524520874,1.07,1.0700000524520874,1.07,1.07,1.08,1.07,1.08,1.0700000524520874,1.07,1.08,1.08,1.08,0.98,0.98,0.99,0.98,0.99,1.06,1.06,1.06,1.06,1.06,1.07,1.07,1.06,1.06,1.08
0.9636352479135984,0.0,0.3163068781123532,0.0,0.8300287423953727,0.0,0.5353783381408764,0.0,0.1505680120481927,0.0,0.7863087280491524,0.0,0.581,0.0,0.3809073827526439,0.0,0.1834144770736734,0.0,0.4666918625250975,0.0,0.1931379540939194,0.0,0.8497496247291565,0.0,0.6667423248291016,0.0,0.2480943500995636,0.2480943500995636,0.2480943500995636,0.7035096883773804,0.0,0.6137115955352783,0.0,0.1485733389854431,0.0,0.8784898519515991,0.0,0.6225903630256653,0.0,0.5838788151741028,0.0,0.3276105523109436,0.3276105523109436,0.3276105523109436,0.4768701493740082,0.0,0.6417195200920105,0.0,0.9119517207145692,0.9119517207145692,0.9119517207145692,0.7486574649810791,0.0,1.05,1.05,1.05,1.05,1.05,1.05,1.04,1.05,1.05,1.06,1.05,1.05,1.05,1.05,1.05,1.05,1.06,1.05,1.05,1.06,1.05,1.05,1.08,1.08,1.08,1.08,1.08,1.08,1.05,1.05,1.06,1.05,1.07,1.07,1.07,1.07,1.08,1.07,1.07,1.07,1.07,1.07,1.06,1.06,1.08,1.08,1.08,1.09,1.08,1.1,1.08,1.08,1.09,1.09,1.09,1.09,1.09,1.04,1.04,1.04,1.04,1.04,1.0399999618530271,1.04,1.04,1.03,1.0399999618530271,1.04,1.04,1.0399999618530271,1.03,1.04,1.0700000524520874,1.07,1.0700000524520874,1.07,1.07,1.07,1.07,1.07,1.0700000524520874,1.07,1.07,1.07,1.07,0.98,0.98,0.99,0.98,0.99,1.06,1.06,1.06,1.06,1.06,1.06,1.07,1.06,1.06,1.06
0.9566198330878743,0.0,0.3511079390052983,0.0,0.8509057220822025,0.0,0.563921280357309,0.0,0.1504846987951807,0.0,0.6493555710488474,0.0,0.371,0.0,0.4215172950840263,0.0,0.161554353426069,0.0,0.484871648753986,0.0,0.1627588159892845,0.0,0.8829981684684753,0.0,0.6487756371498108,0.0,0.3725910186767578,0.3725910186767578,0.3725910186767578,0.7004910111427307,0.0,0.6098616719245911,0.0,0.13164684176445,0.0,0.8937514424324036,0.0,0.6360030174255371,0.0,0.5805917382240295,0.0,0.2307954430580139,0.2307954430580139,0.2307954430580139,0.484874427318573,0.0,0.6279466152191162,0.0,0.8790842294692993,0.8790842294692993,0.8790842294692993,0.7392992377281189,0.0,1.04,1.05,1.05,1.04,1.04,1.04,1.03,1.04,1.04,1.05,1.05,1.04,1.04,1.04,1.05,1.05,1.05,1.04,1.04,1.06,1.04,1.05,1.06,1.06,1.06,1.06,1.06,1.06,1.05,1.05,1.05,1.04,1.05,1.06,1.05,1.05,1.06,1.05,1.05,1.05,1.05,1.05,1.04,1.04,1.06,1.06,1.06,1.08,1.06,1.08,1.06,1.06,1.07,1.07,1.08,1.07,1.07,1.03,1.03,1.03,1.03,1.03,1.0299999713897705,1.03,1.03,1.02,1.0299999713897705,1.03,1.02,1.0299999713897705,1.01,1.02,1.059999942779541,1.06,1.059999942779541,1.06,1.06,1.06,1.06,1.06,1.059999942779541,1.06,1.06,1.06,1.06,0.98,0.98,0.98,0.98,0.99,1.05,1.05,1.05,1.05,1.05,1.05,1.06,1.05,1.05,1.05
0.8923384388807069,0.0,0.5668878118114181,0.0,0.8520355406504496,0.0,0.5861275704847864,0.0,0.1448575301204819,0.0,0.5507262190073642,0.0,0.227,0.0,0.4642244467331509,0.0,0.1614886656362699,0.0,0.492430937758356,0.0,0.1229826617046005,0.0,0.9021568298339844,0.0,0.582897961139679,0.0,0.4708695709705353,0.4708695709705353,0.4708695709705353,0.7189931273460388,0.0,0.6139689683914185,0.0,0.1186762079596519,0.0,0.8982880711555481,0.0,0.6434456706047058,0.0,0.5491417646408081,0.0,0.1509221941232681,0.1509221941232681,0.1509221941232681,0.4934666156768799,0.0,0.6273996233940125,0.0,0.8034394383430481,0.8034394383430481,0.8034394383430481,0.7343549132347107,0.0,1.03,1.04,1.04,1.03,1.04,1.03,1.01,1.03,1.03,1.05,1.05,1.02,1.02,1.02,1.04,1.04,1.05,1.04,1.02,1.06,1.04,1.04,1.04,1.04,1.04,1.04,1.04,1.04,1.04,1.04,1.03,1.02,1.03,1.03,1.03,1.03,1.04,1.04,1.04,1.04,1.04,1.04,1.03,1.03,1.04,1.04,1.04,1.06,1.05,1.06,1.04,1.04,1.06,1.05,1.06,1.06,1.05,1.01,1.01,1.01,1.01,1.01,1.0099999904632568,1.01,1.02,1.01,1.0099999904632568,1.01,1.01,1.0099999904632568,1.0,1.01,1.0499999523162842,1.05,1.0499999523162842,1.05,1.05,1.05,1.05,1.05,1.0499999523162842,1.05,1.05,1.05,1.05,0.97,0.97,0.97,0.97,0.98,1.03,1.03,1.03,1.04,1.03,1.03,1.04,1.03,1.04,1.03
0.8154076583210603,0.0,0.7014617505686259,0.0,0.8026350889863816,0.0,0.5716052851958686,0.0,0.1423320481927711,0.0,0.5364555754063358,0.0,0.0,0.0,0.4466861011329096,0.0,0.0948541988665636,0.0,0.584572457777253,0.0,0.1639910985642048,0.0,0.9027094841003418,0.0,0.5285456776618958,0.0,0.5166835784912109,0.5166835784912109,0.5166835784912109,0.747029185295105,0.0,0.6052204966545105,0.0,0.1076163426041603,0.0,0.8967639207839966,0.0,0.6639031767845154,0.0,0.5142872929573059,0.0,0.0983381494879722,0.0983381494879722,0.0983381494879722,0.5264725089073181,0.0,0.6348957419395447,0.0,0.6798937916755676,0.6798937916755676,0.6798937916755676,0.7200058698654175,0.0,1.03,1.03,1.04,1.03,1.03,1.03,1.0,1.02,1.02,1.04,1.04,1.02,1.01,1.01,1.04,1.04,1.04,1.03,1.01,1.05,1.04,1.04,1.02,1.02,1.02,1.02,1.02,1.02,1.02,1.02,1.01,1.01,1.02,1.02,1.01,1.01,1.02,1.02,1.02,1.02,1.02,1.02,1.02,1.02,1.03,1.03,1.03,1.04,1.03,1.05,1.03,1.03,1.04,1.04,1.05,1.05,1.04,1.0,1.0,1.0,1.0,1.0,1.0,1.0,1.01,1.0,1.0,1.0,1.0,1.0,0.99,1.0,1.0399999618530271,1.04,1.0399999618530271,1.04,1.04,1.04,1.04,1.04,1.0399999618530271,1.04,1.04,1.04,1.04,0.96,0.96,0.96,0.96,0.96,1.02,1.02,1.02,1.03,1.02,1.01,1.03,1.02,1.03,1.01
0.8491103583701521,0.0,0.4965660289775747,0.0,0.7870769425528221,0.0,0.536393784311901,0.0,0.1556256024096385,0.0,0.5774587127979433,0.0,0.0,0.0,0.422319575975282,0.0,0.2998606388459557,0.0,0.6381953761662927,0.0,0.1976194607810884,0.0,0.9164807796478271,0.0,0.4398113191127777,0.0,0.4864635467529297,0.4864635467529297,0.4864635467529297,0.7706422209739685,0.0,0.5805140137672424,0.0,0.0926127210259437,0.0,0.9011743664741516,0.0,0.721785843372345,0.0,0.5001445412635803,0.0,0.0640189424157142,0.0640189424157142,0.0640189424157142,0.56800776720047,0.0,0.6674078106880188,0.0,0.5306475758552551,0.5306475758552551,0.5306475758552551,0.7064793109893799,0.0,1.02,1.03,1.03,1.02,1.03,1.02,1.0,1.02,1.02,1.04,1.04,1.02,1.01,1.01,1.04,1.04,1.04,1.03,1.01,1.05,1.03,1.04,1.01,1.01,1.01,1.01,1.01,1.01,1.02,1.02,1.0,1.0,1.0,1.01,1.0,1.01,1.01,1.01,1.01,1.01,1.01,1.01,1.01,1.01,1.01,1.01,1.02,1.04,1.02,1.04,1.01,1.02,1.04,1.03,1.04,1.04,1.03,0.99,0.99,0.99,0.99,0.99,0.9900000095367432,0.99,1.0,1.0,0.9900000095367432,0.99,1.0,0.9900000095367432,0.99,1.0,1.0399999618530271,1.04,1.0399999618530271,1.04,1.04,1.04,1.04,1.04,1.0399999618530271,1.04,1.04,1.04,1.04,0.95,0.95,0.94,0.95,0.95,1.01,1.01,1.01,1.02,1.01,1.0,1.02,1.01,1.02,1.0
0.9308344624447716,0.0,0.5486413056147911,0.0,0.7938936227629589,0.0,0.5270736949846468,0.0,0.1595187951807229,0.0,0.5424713495141401,0.0,0.056,0.0,0.3951058805797683,0.0,0.7738500772797527,0.0,0.6074196291484588,0.0,0.2627032607568065,0.0,0.9155371189117432,0.0,0.3682660162448883,0.0,0.455194354057312,0.455194354057312,0.455194354057312,0.7881949543952942,0.0,0.5483147501945496,0.0,0.0804305970668792,0.0,0.9087197184562684,0.0,0.778469979763031,0.0,0.4820567965507507,0.0,0.0570795722305774,0.0570795722305774,0.0570795722305774,0.5990507006645203,0.0,0.6986474990844727,0.0,0.3970692157745361,0.3970692157745361,0.3970692157745361,0.7026963233947754,0.0,1.02,1.02,1.03,1.02,1.02,1.02,1.0,1.01,1.02,1.04,1.04,1.01,1.01,1.01,1.04,1.04,1.04,1.03,1.01,1.04,1.03,1.04,1.01,1.01,1.01,1.01,1.01,1.01,1.01,1.01,1.0,1.0,1.0,1.0,1.0,1.0,1.0,1.0,1.01,1.01,1.01,1.0,1.0,1.01,1.0,1.0,1.01,1.03,1.01,1.04,1.0,1.01,1.03,1.03,1.04,1.03,1.03,0.98,0.98,0.98,0.98,0.98,0.9800000190734864,0.98,1.0,1.0,0.9800000190734864,0.98,1.0,0.9800000190734864,0.98,1.0,1.0399999618530271,1.04,1.0399999618530271,1.04,1.04,1.04,1.04,1.04,1.0399999618530271,1.04,1.04,1.04,1.04,0.94,0.94,0.94,0.94,0.94,1.01,1.01,1.01,1.01,1.0,1.0,1.02,1.01,1.01,1.0
0.947207854688267,0.0,0.6104324239190463,0.0,0.7854994057032308,0.0,0.4300800223318135,0.0,0.1536704819277108,0.0,0.3933991023574011,0.0,0.794,0.0,0.3489435052375091,0.0,0.9699520865533232,0.0,0.658481988898075,0.0,0.3276691632168553,0.0,0.9203598499298096,0.0,0.3174939453601837,0.0,0.418742299079895,0.418742299079895,0.418742299079895,0.8043453097343445,0.0,0.5097060799598694,0.0,0.0724521428346633,0.0,0.9017736911773682,0.0,0.8248081803321838,0.0,0.4868757724761963,0.0,0.0601804107427597,0.0601804107427597,0.0601804107427597,0.6101495027542114,0.0,0.7185714840888977,0.0,0.3428520858287811,0.3428520858287811,0.3428520858287811,0.6995089054107666,0.0,1.03,1.03,1.04,1.02,1.03,1.03,1.0,1.02,1.02,1.04,1.04,1.02,1.01,1.01,1.04,1.04,1.04,1.03,1.01,1.05,1.03,1.04,1.01,1.01,1.01,1.01,1.01,1.01,1.01,1.01,1.0,1.0,1.0,1.0,1.0,1.0,1.0,0.99,1.01,1.0,1.0,1.0,1.0,1.0,0.99,0.99,1.0,1.03,1.01,1.05,0.99,1.0,1.04,1.03,1.05,1.04,1.03,0.99,0.99,0.99,0.99,0.99,0.9900000095367432,0.99,1.0,1.0,0.9900000095367432,0.99,1.0,0.9900000095367432,0.98,1.0,1.0299999713897705,1.03,1.0299999713897705,1.03,1.03,1.04,1.03,1.04,1.0299999713897705,1.03,1.04,1.04,1.04,0.94,0.94,0.93,0.94,0.94,1.01,1.01,1.01,1.01,1.01,1.0,1.02,1.01,1.01,1.0
0.8398273932253313,0.0,0.4601738328283103,0.0,0.8047997515842638,0.0,0.4801816320833721,0.0,0.1506229518072289,0.0,0.3477778552442372,0.0,0.97,0.0,0.2994182220100982,0.0,0.9705641421947452,0.0,0.6552662099917327,0.0,0.2974974537202802,0.0,0.9150115251541138,0.0,0.3166093826293945,0.0,0.3491788804531097,0.3491788804531097,0.3491788804531097,0.8236891031265259,0.0,0.467509776353836,0.0,0.0754177123308181,0.0,0.8848300576210022,0.0,0.837827205657959,0.0,0.4698081016540527,0.0,0.0578328296542167,0.0578328296542167,0.0578328296542167,0.6423185467720032,0.0,0.7207244634628296,0.0,0.2783894836902618,0.2783894836902618,0.2783894836902618,0.7036129832267761,0.0,1.02,1.03,1.04,1.02,1.02,1.03,1.03,1.04,1.04,1.05,1.04,1.04,1.04,1.03,1.04,1.04,1.05,1.03,1.04,1.06,1.04,1.04,1.02,1.02,1.02,1.02,1.02,1.02,1.01,1.01,1.0,1.01,1.01,1.01,1.0,1.01,1.0,0.99,1.01,1.01,1.0,1.0,1.01,1.01,1.01,1.01,1.02,1.04,1.02,1.06,1.01,1.01,1.04,1.04,1.06,1.05,1.04,1.0,1.0,1.0,1.0,1.0,1.0,1.0,1.01,1.0,1.0,1.0,1.0,1.0,0.98,1.0,1.0299999713897705,1.03,1.0299999713897705,1.03,1.03,1.04,1.03,1.04,1.0299999713897705,1.03,1.04,1.04,1.04,0.94,0.94,0.93,0.94,0.94,1.01,1.01,1.01,1.01,1.01,1.01,1.02,1.01,1.01,1.01
0.7996760922925872,0.0,0.4533985197533026,0.0,0.8285880653165045,0.0,0.5743977854284916,0.0,0.0552786144578313,0.0,0.2349161619242668,0.0,0.983,0.0,0.4838574442965159,0.0,0.9814273570324576,0.0,0.6709199244124248,0.0,0.1474445291621521,0.0,0.8957680463790894,0.0,0.3390762209892273,0.0,0.2746203243732452,0.2746203243732452,0.2746203243732452,0.8430562615394592,0.0,0.4478307664394378,0.0,0.089892566204071,0.0,0.8352398872375488,0.0,0.8327910900115967,0.0,0.4752532839775085,0.0,0.0584826171398162,0.0584826171398162,0.0584826171398162,0.6718709468841553,0.0,0.7164098024368286,0.0,0.2196053266525268,0.2196053266525268,0.2196053266525268,0.7061214447021484,0.0,1.04,1.04,1.04,1.03,1.03,1.03,1.04,1.05,1.05,1.05,1.05,1.05,1.05,1.05,1.04,1.04,1.05,1.04,1.05,1.06,1.04,1.04,1.03,1.03,1.03,1.03,1.03,1.03,1.03,1.03,1.03,1.03,1.03,1.02,1.03,1.03,1.02,1.01,1.02,1.02,1.02,1.02,1.02,1.02,1.03,1.03,1.04,1.05,1.04,1.07,1.03,1.04,1.05,1.05,1.07,1.06,1.05,1.01,1.01,1.01,1.01,1.01,1.0099999904632568,1.01,1.01,1.01,1.0099999904632568,1.01,1.01,1.0099999904632568,0.99,1.01,1.0499999523162842,1.05,1.0499999523162842,1.05,1.05,1.05,1.05,1.05,1.0499999523162842,1.05,1.05,1.05,1.05,0.95,0.95,0.94,0.95,0.95,1.04,1.03,1.04,1.04,1.03,1.03,1.05,1.03,1.04,1.03
0.8213200785468827,0.0,0.5779004531836305,0.0,0.8280695495190922,0.0,0.5356532055457337,0.0,0.0554608433734939,0.0,0.5626113120397402,0.0,0.983,0.0,0.4460276319425256,0.0,0.9646360123647604,0.0,0.7335275481280265,0.0,0.3109165313140593,0.0,0.8799120783805847,0.0,0.4012254476547241,0.0,0.1848529279232025,0.1848529279232025,0.1848529279232025,0.8589699864387512,0.0,0.4488804936408996,0.0,0.1168745830655098,0.0,0.8167173862457275,0.0,0.8074544072151184,0.0,0.4447537660598755,0.0,0.0538875572383403,0.0538875572383403,0.0538875572383403,0.7006013989448547,0.0,0.7278996706008911,0.0,0.2045314013957977,0.2045314013957977,0.2045314013957977,0.6917997002601624,0.0,1.05,1.05,1.04,1.04,1.05,1.04,1.05,1.06,1.06,1.06,1.05,1.06,1.06,1.06,1.05,1.05,1.06,1.04,1.06,1.07,1.05,1.05,1.04,1.04,1.04,1.04,1.04,1.04,1.05,1.05,1.04,1.05,1.04,1.04,1.05,1.04,1.03,1.02,1.03,1.03,1.03,1.03,1.03,1.03,1.04,1.04,1.05,1.06,1.05,1.07,1.04,1.05,1.07,1.06,1.08,1.07,1.07,1.02,1.02,1.02,1.02,1.02,1.0199999809265137,1.02,1.03,1.02,1.0199999809265137,1.02,1.02,1.0199999809265137,1.0,1.02,1.0499999523162842,1.05,1.0499999523162842,1.05,1.05,1.06,1.05,1.06,1.0499999523162842,1.05,1.06,1.06,1.06,0.96,0.96,0.96,0.96,0.96,1.06,1.05,1.06,1.06,1.05,1.04,1.06,1.05,1.06,1.04
0.8499542464408445,0.0,0.4824731376739154,0.0,0.8499314537047123,0.0,0.4920134921373407,0.0,0.053503313253012,0.0,0.8074340929888013,0.0,0.915,0.0,0.3391924439197167,0.0,0.9816862442040186,0.0,0.70037430612968,0.0,0.3083577183342801,0.0,0.8464952111244202,0.0,0.4893531203269958,0.0,0.1122636720538139,0.1122636720538139,0.1122636720538139,0.8587879538536072,0.0,0.4884942173957824,0.0,0.1435693204402923,0.0,0.7631084322929382,0.0,0.8024152517318726,0.0,0.4187970757484436,0.0,0.0464153364300727,0.0464153364300727,0.0464153364300727,0.7389991283416748,0.0,0.7434611916542053,0.0,0.2142140418291092,0.2142140418291092,0.2142140418291092,0.6850833892822266,0.0,1.06,1.06,1.06,1.05,1.05,1.05,1.06,1.06,1.07,1.06,1.06,1.06,1.06,1.06,1.05,1.05,1.06,1.05,1.06,1.07,1.05,1.05,1.05,1.05,1.05,1.05,1.04,1.04,1.06,1.06,1.05,1.06,1.05,1.05,1.06,1.05,1.04,1.03,1.03,1.04,1.03,1.03,1.03,1.03,1.06,1.06,1.06,1.07,1.06,1.08,1.06,1.06,1.07,1.06,1.08,1.07,1.07,1.03,1.03,1.03,1.03,1.03,1.0299999713897705,1.03,1.03,1.02,1.0299999713897705,1.03,1.02,1.0299999713897705,1.01,1.02,1.059999942779541,1.06,1.059999942779541,1.06,1.06,1.06,1.06,1.06,1.059999942779541,1.06,1.06,1.06,1.06,0.97,0.97,0.97,0.97,0.97,1.08,1.07,1.07,1.08,1.07,1.05,1.09,1.07,1.08,1.05
0.8948819833087874,0.0,0.4089301670372045,0.0,0.812934407988389,0.0,0.5235125151204987,0.0,0.0849842168674698,0.0,0.8976735805481719,0.0,0.949,0.0,0.2260945012434374,0.0,0.983,0.0,0.6491941951104289,0.0,0.3672779794138863,0.0,0.8057501316070557,0.0,0.5652895569801331,0.0,0.0972539111971855,0.0972539111971855,0.0972539111971855,0.8603501319885254,0.0,0.540338397026062,0.0,0.1731704771518707,0.0,0.719413161277771,0.0,0.7933316230773926,0.0,0.4040311872959137,0.0,0.0428483821451664,0.0428483821451664,0.0428483821451664,0.7693886756896973,0.0,0.7334333062171936,0.0,0.1648932099342346,0.1648932099342346,0.1648932099342346,0.6968402862548828,0.0,1.07,1.07,1.08,1.06,1.07,1.06,1.06,1.06,1.07,1.06,1.06,1.06,1.06,1.06,1.06,1.06,1.06,1.05,1.06,1.07,1.05,1.05,1.05,1.05,1.04,1.05,1.05,1.05,1.07,1.07,1.06,1.07,1.06,1.06,1.06,1.06,1.05,1.03,1.03,1.04,1.04,1.04,1.03,1.04,1.07,1.07,1.07,1.07,1.07,1.08,1.07,1.06,1.07,1.07,1.08,1.08,1.07,1.03,1.03,1.03,1.03,1.03,1.0299999713897705,1.03,1.03,1.02,1.0299999713897705,1.03,1.02,1.0299999713897705,1.01,1.02,1.059999942779541,1.06,1.059999942779541,1.06,1.06,1.06,1.06,1.06,1.059999942779541,1.06,1.06,1.06,1.06,0.97,0.97,0.98,0.97,0.98,1.09,1.08,1.08,1.1,1.08,1.06,1.1,1.07,1.1,1.06
0.8404238586156112,0.0033419739709385,0.2286586986543136,0.0,0.8190194590979831,0.0337424509977044,0.6272089885549454,0.0,0.1780999999999999,0.0,0.9478183798858338,0.0356298986377429,0.983,0.0,0.1272592378607852,0.0,0.9373948995363216,0.0004448004171315,0.5870054033305776,0.0,0.3346480017526734,0.0,0.775656521320343,0.0032542459666728,0.6043869853019714,0.0,0.071919560432434,0.071919560432434,0.071919560432434,0.8687546253204346,0.0141109591349959,0.5792056322097778,0.0,0.1953344345092773,0.0,0.6745946407318115,0.0096237268298864,0.7860211730003357,2.7485402824822813e-5,0.368911862373352,0.0,0.0410466492176055,0.0410466492176055,0.0410466492176055,0.7828919887542725,2.2681686459691264e-5,0.703891932964325,0.0,0.1270166784524917,0.1270166784524917,0.1270166784524917,0.7109437584877014,0.0150976069271564,1.08,1.08,1.09,1.07,1.07,1.07,1.06,1.06,1.07,1.06,1.06,1.06,1.06,1.06,1.06,1.06,1.06,1.05,1.06,1.07,1.06,1.05,1.04,1.04,1.04,1.04,1.04,1.04,1.08,1.08,1.08,1.08,1.07,1.07,1.08,1.07,1.06,1.03,1.03,1.03,1.03,1.03,1.03,1.03,1.09,1.09,1.08,1.08,1.08,1.08,1.09,1.08,1.07,1.07,1.08,1.08,1.08,1.03,1.03,1.03,1.03,1.03,1.0299999713897705,1.03,1.03,1.02,1.0299999713897705,1.03,1.03,1.0299999713897705,1.01,1.03,1.059999942779541,1.06,1.059999942779541,1.06,1.06,1.06,1.06,1.06,1.059999942779541,1.06,1.06,1.06,1.06,0.98,0.98,0.98,0.98,0.99,1.08,1.07,1.08,1.08,1.07,1.06,1.1,1.07,1.08,1.06
0.8330402552773687,0.2497980879008221,0.4047901570491319,0.1214754668041024,0.8330072709284927,0.234573746247572,0.739057504419838,0.065175,0.2977585542168675,0.0651214689265536,0.8413850276700511,0.2250564271418425,0.978,0.1256041354629386,0.0769971865658519,0.0040588220061393,0.9539948480164864,0.1796828924808944,0.5389778847289477,0.0,0.2128739481823808,0.2455,0.7581487894058228,0.0790216699242591,0.6186317801475525,0.0135444179177284,0.0418872833251953,0.0418872833251953,0.0418872833251953,0.8738396167755127,0.1339146047830581,0.5888580083847046,0.0244222749024629,0.2040541470050811,0.0663566589355468,0.6416960954666138,0.1226904913783073,0.7518470287322998,0.0338469110429286,0.3400629460811615,0.0033299508504569,0.0364567451179027,0.0364567451179027,0.0364567451179027,0.8149502277374268,0.0462846606969833,0.6708707809448242,0.0018842425197362,0.0997525379061698,0.0997525379061698,0.0997525379061698,0.7027847766876221,0.1428076922893524,1.08,1.08,1.09,1.07,1.08,1.07,1.06,1.06,1.07,1.06,1.06,1.06,1.06,1.06,1.06,1.06,1.06,1.05,1.06,1.07,1.06,1.06,1.04,1.04,1.03,1.03,1.03,1.03,1.08,1.08,1.08,1.08,1.07,1.07,1.08,1.07,1.07,1.04,1.03,1.04,1.04,1.04,1.03,1.03,1.09,1.09,1.09,1.08,1.09,1.09,1.09,1.08,1.07,1.07,1.08,1.08,1.08,1.04,1.04,1.04,1.04,1.04,1.0399999618530271,1.04,1.03,1.03,1.0399999618530271,1.04,1.03,1.0399999618530271,1.02,1.03,1.0499999523162842,1.05,1.0499999523162842,1.05,1.05,1.05,1.05,1.05,1.0499999523162842,1.05,1.05,1.06,1.06,0.98,0.98,0.99,0.98,0.99,1.08,1.07,1.07,1.07,1.07,1.06,1.1,1.07,1.07,1.06
0.6426704958271969,0.2678888546623859,0.4524181792166419,0.3425560922869667,0.8621614736645906,0.1335900141267879,0.6487152693775007,0.200125,0.2794595783132529,0.2807372881355932,0.8867853501241885,0.2028800761830976,0.943,0.2959271955076451,0.0452057574920244,0.1123675913038803,0.8782521895929933,0.3313695695059186,0.47305494862407,0.1384612526539278,0.1135456098972823,0.2875,0.7194399833679199,0.1752609014511108,0.5824270844459534,0.1084730774164199,0.0494763664901256,0.0494763664901256,0.0494763664901256,0.8625927567481995,0.2409092485904693,0.5956277847290039,0.1231498271226883,0.1942927688360214,0.199765145778656,0.632300853729248,0.2411897033452987,0.7406038045883179,0.1146543473005294,0.299635112285614,0.0793563276529312,0.0387997291982173,0.0387997291982173,0.0387997291982173,0.8185122609138489,0.1208138242363929,0.6548899412155151,0.0974290519952774,0.0742300152778625,0.0742300152778625,0.0742300152778625,0.6768966913223267,0.2659624218940735,1.08,1.08,1.09,1.08,1.08,1.08,1.06,1.06,1.07,1.07,1.06,1.06,1.06,1.06,1.06,1.06,1.07,1.05,1.06,1.07,1.06,1.06,1.03,1.03,1.03,1.03,1.03,1.03,1.08,1.08,1.08,1.08,1.08,1.08,1.09,1.08,1.08,1.04,1.03,1.04,1.04,1.04,1.03,1.03,1.1,1.1,1.09,1.08,1.09,1.09,1.1,1.09,1.08,1.08,1.09,1.08,1.08,1.04,1.04,1.04,1.04,1.04,1.0399999618530271,1.04,1.03,1.03,1.0399999618530271,1.04,1.03,1.0399999618530271,1.02,1.03,1.0499999523162842,1.05,1.0499999523162842,1.05,1.05,1.04,1.05,1.05,1.0499999523162842,1.05,1.05,1.05,1.05,0.99,0.99,1.0,0.99,1.0,1.08,1.07,1.07,1.07,1.07,1.06,1.1,1.07,1.07,1.06
0.7470946489936181,0.2623192298542504,0.3846616408209721,0.439484560386554,0.8266770272586662,0.1526602507504856,0.5137962222015446,0.3167999999999999,0.169763734939759,0.1873333333333333,0.7787171118567259,0.219935405771838,0.927,0.3304009841243169,0.046939486045869,0.1379030123389173,0.7376895929933025,0.3397209985872198,0.4109086748553207,0.1514954883227176,0.3412763656807413,0.1345,0.7481350898742676,0.2202185988426208,0.527605414390564,0.2003506869077682,0.0745090618729591,0.0745090618729591,0.0745090618729591,0.8315306305885315,0.2662691175937652,0.571409285068512,0.1781845092773437,0.176299974322319,0.2576961517333984,0.6343830823898315,0.2776872813701629,0.7407833933830261,0.1661932170391082,0.2573010623455047,0.1578557193279266,0.047669343650341,0.047669343650341,0.047669343650341,0.8082188963890076,0.1589462161064148,0.6055101156234741,0.1867817342281341,0.0551359392702579,0.0551359392702579,0.0551359392702579,0.6201997399330139,0.3079842925071716,1.08,1.08,1.09,1.08,1.08,1.08,1.07,1.07,1.07,1.07,1.06,1.07,1.07,1.07,1.06,1.06,1.07,1.05,1.07,1.07,1.06,1.06,1.03,1.03,1.03,1.03,1.03,1.03,1.08,1.08,1.09,1.09,1.09,1.08,1.09,1.08,1.08,1.04,1.03,1.03,1.03,1.04,1.03,1.03,1.1,1.1,1.09,1.08,1.09,1.09,1.1,1.09,1.08,1.08,1.09,1.08,1.08,1.04,1.04,1.04,1.04,1.04,1.0399999618530271,1.04,1.04,1.03,1.0399999618530271,1.04,1.03,1.0399999618530271,1.02,1.03,1.059999942779541,1.06,1.059999942779541,1.06,1.06,1.05,1.06,1.05,1.059999942779541,1.06,1.05,1.05,1.05,0.99,0.99,1.0,0.99,1.0,1.07,1.07,1.07,1.06,1.07,1.06,1.08,1.06,1.06,1.05
0.9584648011782032,0.2328957944148999,0.2872434177159129,0.4631433512174411,0.7967273366097927,0.1719112440402614,0.4895519679910672,0.396925,0.1070182530120482,0.0615706214689265,0.7987672229726785,0.1722737426560784,0.975,0.3172883065708241,0.0528974101333869,0.2131288963854042,0.9383433797011852,0.2995970933229081,0.3215870733435692,0.1855045116772824,0.4510194173504434,0.065,0.8061270713806152,0.2553742527961731,0.4789314866065979,0.2252052575349807,0.0783959627151489,0.0783959627151489,0.0783959627151489,0.8269758820533752,0.2830656766891479,0.578339159488678,0.2023469060659408,0.1685234159231186,0.2516202330589294,0.6790257096290588,0.2935706079006195,0.7611643075942993,0.1990900337696075,0.2347905039787292,0.2038589119911193,0.0639167875051498,0.0639167875051498,0.0639167875051498,0.8258857727050781,0.1911650598049163,0.5380151867866516,0.2231532633304596,0.0361129902303218,0.0361129902303218,0.0361129902303218,0.5992267727851868,0.3162933886051178,1.08,1.08,1.09,1.08,1.08,1.08,1.07,1.07,1.07,1.07,1.06,1.07,1.07,1.07,1.06,1.06,1.07,1.05,1.07,1.07,1.06,1.06,1.02,1.02,1.03,1.02,1.03,1.03,1.08,1.08,1.1,1.1,1.09,1.09,1.1,1.09,1.08,1.04,1.03,1.03,1.03,1.04,1.03,1.03,1.1,1.1,1.09,1.08,1.09,1.09,1.1,1.09,1.08,1.08,1.09,1.08,1.08,1.04,1.04,1.04,1.04,1.04,1.0399999618530271,1.04,1.04,1.03,1.0399999618530271,1.04,1.03,1.0399999618530271,1.03,1.03,1.0700000524520874,1.07,1.0700000524520874,1.07,1.07,1.06,1.07,1.06,1.0700000524520874,1.07,1.06,1.06,1.06,0.99,0.99,1.0,0.99,1.01,1.07,1.06,1.06,1.06,1.07,1.05,1.07,1.06,1.06,1.05
0.8793361806578301,0.2487135786332956,0.2990134047516802,0.4689398543082955,0.7654196970220151,0.103519402260286,0.5362911510188889,0.380425,0.1488970481927711,0.079776836158192,0.7889651400932503,0.26340264058364,0.96,0.3085026940319412,0.0498380265769047,0.2300563028940174,0.9634518289541474,0.2865126159074069,0.302990581079485,0.2332247876857749,0.505545936992686,0.0775,0.8626248836517334,0.2914884686470032,0.4681248068809509,0.2569060623645782,0.0886217877268791,0.0886217877268791,0.0886217877268791,0.8520262241363525,0.2921283841133117,0.5907202363014221,0.2123879641294479,0.1852903515100479,0.2504969239234924,0.7241542339324951,0.3014105260372162,0.7765669822692871,0.2145279794931411,0.2358883917331695,0.2132446318864822,0.0906381160020828,0.0906381160020828,0.0906381160020828,0.8269946575164795,0.2221308201551437,0.4927339255809784,0.2092610299587249,0.0264041442424058,0.0264041442424058,0.0264041442424058,0.5947811007499695,0.3180590569972992,1.08,1.08,1.09,1.08,1.08,1.08,1.07,1.07,1.07,1.06,1.06,1.07,1.07,1.07,1.06,1.06,1.06,1.05,1.07,1.07,1.05,1.06,1.02,1.02,1.02,1.02,1.02,1.02,1.08,1.08,1.1,1.1,1.09,1.09,1.1,1.09,1.09,1.04,1.03,1.03,1.04,1.04,1.03,1.03,1.1,1.1,1.1,1.09,1.1,1.09,1.1,1.09,1.08,1.09,1.09,1.08,1.08,1.04,1.04,1.04,1.04,1.04,1.0399999618530271,1.04,1.04,1.03,1.0399999618530271,1.04,1.03,1.0399999618530271,1.02,1.03,1.0700000524520874,1.07,1.0700000524520874,1.07,1.07,1.07,1.07,1.06,1.0700000524520874,1.07,1.07,1.07,1.07,0.99,0.99,1.0,0.99,1.0,1.06,1.06,1.06,1.05,1.06,1.05,1.06,1.06,1.05,1.05
0.9590748159057436,0.22580425896268,0.3484882993693494,0.4580245602386081,0.6823750461144613,0.1218153805403496,0.5535457336931237,0.3333,0.2034713855421687,0.0897994350282485,0.8357047365898295,0.2635919362127961,0.93,0.2874909462424928,0.0582128915571855,0.237890404909477,0.9268238021638332,0.2917249472679679,0.3451563422699894,0.19975,0.7257274258470987,0.1055,0.874901533126831,0.3038738369941711,0.459634780883789,0.2538076341152191,0.1397430300712585,0.1397430300712585,0.1397430300712585,0.8502159118652344,0.2923159897327423,0.611764669418335,0.2096842378377914,0.1976274996995926,0.2496172040700912,0.7990750074386597,0.2937475740909576,0.7779154181480408,0.2059906721115112,0.2254676073789596,0.2118256688117981,0.1237031072378158,0.1237031072378158,0.1237031072378158,0.8211915493011475,0.2208845466375351,0.4690643548965454,0.2085702270269394,0.0243725683540105,0.0243725683540105,0.0243725683540105,0.5794881582260132,0.3223866522312164,1.08,1.08,1.09,1.08,1.08,1.08,1.07,1.07,1.07,1.06,1.06,1.07,1.07,1.07,1.06,1.06,1.06,1.05,1.07,1.07,1.05,1.06,1.02,1.02,1.02,1.02,1.02,1.02,1.08,1.07,1.09,1.09,1.09,1.09,1.09,1.09,1.09,1.04,1.04,1.04,1.04,1.04,1.03,1.03,1.09,1.09,1.09,1.09,1.09,1.09,1.09,1.09,1.08,1.09,1.09,1.08,1.08,1.04,1.04,1.04,1.04,1.04,1.0399999618530271,1.04,1.04,1.03,1.0399999618530271,1.04,1.03,1.0399999618530271,1.02,1.03,1.0700000524520874,1.07,1.0700000524520874,1.07,1.07,1.06,1.07,1.07,1.0700000524520874,1.07,1.07,1.07,1.07,0.99,0.99,1.0,0.99,1.0,1.05,1.05,1.05,1.04,1.05,1.05,1.05,1.05,1.04,1.05
0.957562886597938,0.2409059956080213,0.3015622950491377,0.4702516767177745,0.6325071066249752,0.0986957443051386,0.4796645575509444,0.343325,0.2294998192771084,0.0608446327683615,0.9324079916336224,0.2504455097165731,0.926,0.2935520065646939,0.0604055866763797,0.2920274045165378,0.9555059247810408,0.2763265455646494,0.3400049899610252,0.1880352972399151,0.786906625907122,0.016,0.8655834197998047,0.2949094176292419,0.4247367680072784,0.2390477210283279,0.2015310227870941,0.2015310227870941,0.2015310227870941,0.8183207511901855,0.2959187924861908,0.6341525316238403,0.1889182776212692,0.2186888456344604,0.2523546516895294,0.8281165361404419,0.2833294570446014,0.7814090251922607,0.1866814047098159,0.2216082513332367,0.1871419697999954,0.1595763862133026,0.1595763862133026,0.1595763862133026,0.7955827116966248,0.2065919041633606,0.4486007690429687,0.1806168258190155,0.0267202090471982,0.0267202090471982,0.0267202090471982,0.5516963005065918,0.3229195475578308,1.08,1.08,1.08,1.08,1.08,1.08,1.07,1.07,1.07,1.06,1.06,1.07,1.07,1.07,1.06,1.06,1.06,1.05,1.07,1.07,1.05,1.06,1.02,1.02,1.02,1.02,1.03,1.03,1.07,1.06,1.09,1.08,1.09,1.09,1.09,1.09,1.1,1.04,1.04,1.04,1.04,1.04,1.04,1.04,1.09,1.09,1.09,1.09,1.09,1.09,1.09,1.09,1.08,1.09,1.09,1.08,1.08,1.04,1.04,1.04,1.04,1.04,1.0399999618530271,1.04,1.04,1.03,1.0399999618530271,1.04,1.04,1.0399999618530271,1.03,1.04,1.0700000524520874,1.07,1.0700000524520874,1.07,1.07,1.06,1.07,1.07,1.0700000524520874,1.07,1.07,1.07,1.07,0.99,0.99,1.0,0.99,1.0,1.03,1.04,1.04,1.02,1.04,1.04,1.04,1.04,1.02,1.04
0.853112911143839,0.228720183354523,0.3194173425145521,0.4083264332613679,0.579123753380584,0.0706625463535228,0.4338256257560249,0.307625,0.2556571686746988,0.0697627118644067,0.8920795677371561,0.26230528116728,0.922,0.2353330654488099,0.1114215127232535,0.2391244007420608,0.9675288511076764,0.2661331985854414,0.3544684067556396,0.2314838110403397,0.8249619388708488,0.02,0.8437579870223999,0.2646907866001129,0.4104844629764557,0.2151253223419189,0.2603212893009186,0.2603212893009186,0.2603212893009186,0.7937197685241699,0.2542670369148254,0.6382936239242554,0.1696622669696808,0.2495248019695282,0.2331533133983612,0.8126111030578613,0.2590538561344147,0.7493909001350403,0.1788473576307296,0.2240457236766815,0.1588237583637237,0.1936381757259369,0.1936381757259369,0.1936381757259369,0.7183164358139038,0.1965522468090057,0.4163671731948852,0.1603312939405441,0.0361047200858593,0.0361047200858593,0.0361047200858593,0.5385617017745972,0.265705406665802,1.08,1.08,1.08,1.08,1.08,1.08,1.08,1.08,1.07,1.06,1.06,1.08,1.08,1.08,1.06,1.06,1.06,1.05,1.08,1.07,1.05,1.06,1.03,1.03,1.02,1.03,1.03,1.03,1.06,1.05,1.08,1.08,1.09,1.09,1.09,1.09,1.1,1.04,1.04,1.04,1.04,1.04,1.04,1.04,1.08,1.08,1.08,1.09,1.08,1.09,1.08,1.08,1.09,1.09,1.09,1.09,1.08,1.04,1.04,1.04,1.04,1.04,1.0399999618530271,1.04,1.04,1.04,1.0399999618530271,1.04,1.04,1.0399999618530271,1.03,1.04,1.0700000524520874,1.07,1.0700000524520874,1.07,1.07,1.06,1.07,1.06,1.0700000524520874,1.07,1.07,1.07,1.07,0.99,0.99,1.0,0.99,1.0,1.03,1.04,1.04,1.02,1.04,1.04,1.03,1.04,1.02,1.04
0.8039025036818851,0.104517610090235,0.2493814952096347,0.2503650267386734,0.5550941243593972,0.0061567631997174,0.3481820973294873,0.1169,0.2749872289156626,0.0058813559322033,0.9099094513922176,0.0901223771708954,0.929,0.1038653666460971,0.171877866814037,0.2290024808756046,0.8218531684698609,0.1266262129058046,0.3766042577063895,0.1257850318471337,0.8821962970859581,0.0,0.8166247606277466,0.1633371710777282,0.3587870001792907,0.1952455937862396,0.2818404138088226,0.2818404138088226,0.2818404138088226,0.7325664162635803,0.1100684329867363,0.6296195983886719,0.1170808672904968,0.2916710078716278,0.1071557998657226,0.7553341388702393,0.1471998691558838,0.66933274269104,0.1270055174827575,0.2386902123689651,0.1129372715950012,0.2208947390317917,0.2208947390317917,0.2208947390317917,0.6506553292274475,0.1146062836050987,0.4018867909908294,0.1046015471220016,0.0484525486826896,0.0484525486826896,0.0484525486826896,0.5540133118629456,0.1084585562348365,1.08,1.08,1.08,1.08,1.08,1.08,1.08,1.08,1.07,1.07,1.06,1.08,1.08,1.08,1.06,1.06,1.07,1.05,1.08,1.07,1.05,1.06,1.03,1.03,1.03,1.03,1.03,1.03,1.05,1.05,1.07,1.06,1.08,1.08,1.08,1.08,1.09,1.05,1.04,1.04,1.04,1.05,1.04,1.04,1.08,1.08,1.08,1.09,1.08,1.09,1.08,1.08,1.08,1.08,1.09,1.09,1.08,1.04,1.04,1.04,1.04,1.04,1.0399999618530271,1.04,1.05,1.04,1.0399999618530271,1.04,1.04,1.0399999618530271,1.03,1.04,1.0700000524520874,1.07,1.0700000524520874,1.07,1.07,1.07,1.07,1.07,1.0700000524520874,1.07,1.07,1.07,1.07,0.99,0.99,0.99,0.99,1.0,1.03,1.04,1.04,1.02,1.04,1.04,1.03,1.05,1.02,1.04
0.7018113892979873,0.0,0.3548373075083887,0.0282111912988453,0.5390056274044507,0.0,0.350253093886666,0.0,0.2817738554216867,0.0,0.8134568390779555,0.0,0.87,0.0002294525306106,0.3332811424552236,0.0617918254561117,0.6528230293663061,0.0,0.4976339317349711,0.1358638535031847,0.9486398954427732,0.0,0.7709704637527466,0.0085973823443055,0.3187278807163238,0.1017638370394706,0.309376448392868,0.309376448392868,0.309376448392868,0.708858847618103,0.0045270547270774,0.6362488269805908,0.023095155134797,0.3280947506427765,0.0029361185152083,0.7380731105804443,0.0130004212260246,0.5992430448532104,0.0161154866218566,0.3153944015502929,0.0421807169914245,0.2282474040985107,0.2282474040985107,0.2282474040985107,0.569456160068512,0.0095718381926417,0.4428390264511108,0.0205509793013334,0.050330638885498,0.050330638885498,0.050330638885498,0.5695726275444031,0.0030443519353866,1.09,1.09,1.09,1.08,1.08,1.08,1.08,1.08,1.07,1.07,1.06,1.08,1.08,1.08,1.06,1.06,1.07,1.05,1.08,1.07,1.05,1.06,1.04,1.04,1.04,1.04,1.04,1.04,1.04,1.04,1.07,1.05,1.07,1.08,1.07,1.07,1.09,1.05,1.05,1.05,1.05,1.05,1.05,1.05,1.09,1.09,1.08,1.09,1.09,1.1,1.09,1.08,1.09,1.09,1.09,1.09,1.09,1.04,1.04,1.04,1.04,1.04,1.0399999618530271,1.04,1.05,1.04,1.0399999618530271,1.04,1.04,1.0399999618530271,1.03,1.04,1.0700000524520874,1.07,1.0700000524520874,1.07,1.07,1.07,1.07,1.07,1.0700000524520874,1.07,1.07,1.07,1.07,0.99,0.98,0.99,0.99,0.99,1.04,1.04,1.04,1.03,1.04,1.04,1.03,1.05,1.03,1.05
0.4051621993127148,0.0,0.3435817176860647,0.0005948406781434,0.6671229516042814,0.0,0.4512331813529356,0.0,0.3040925301204819,0.0,0.8472021003093817,0.0,0.826,0.0,0.5116386244316613,0.0006294841218107,0.7996481195260176,0.0,0.5095515826148578,0.0,0.9493028909862332,0.0,0.692836582660675,0.0,0.2966657876968384,0.0027443571016192,0.3002864420413971,0.3002864420413971,0.3002864420413971,0.7208654284477234,0.0,0.6258252263069153,0.0,0.3398293554782867,0.0,0.7069737315177917,0.0,0.5422534346580505,0.0,0.3833497762680053,0.0001605137949809,0.2222846448421478,0.2222846448421478,0.2222846448421478,0.5052181482315063,0.0,0.4882621169090271,0.0,0.0496549755334854,0.0496549755334854,0.0496549755334854,0.5385030508041382,0.0,1.09,1.09,1.09,1.08,1.08,1.08,1.08,1.08,1.07,1.07,1.06,1.08,1.08,1.08,1.06,1.06,1.07,1.05,1.08,1.07,1.05,1.06,1.04,1.04,1.04,1.04,1.04,1.04,1.04,1.04,1.07,1.05,1.07,1.07,1.07,1.07,1.08,1.05,1.06,1.05,1.06,1.06,1.05,1.05,1.09,1.09,1.09,1.09,1.09,1.1,1.09,1.08,1.09,1.09,1.1,1.09,1.09,1.04,1.04,1.04,1.04,1.04,1.0399999618530271,1.04,1.05,1.04,1.0399999618530271,1.04,1.04,1.0399999618530271,1.03,1.04,1.0700000524520874,1.07,1.0700000524520874,1.07,1.07,1.07,1.07,1.07,1.0700000524520874,1.07,1.07,1.08,1.08,0.98,0.98,0.99,0.98,0.99,1.05,1.05,1.05,1.04,1.05,1.04,1.04,1.05,1.04,1.05
0.6163051546391753,0.0,0.4302890187126882,0.0,0.6082892390225183,0.0,0.5111616265004186,0.0,0.3526385542168675,0.0,0.8424940084535274,0.0,0.743,0.0,0.6437580195433195,0.0,0.7107717671303452,0.0,0.5365440238573285,0.0,0.9413432998582868,0.0,0.611316442489624,0.0,0.2598934769630432,0.0,0.2794910669326782,0.2794910669326782,0.2794910669326782,0.7568442821502686,0.0,0.6002774834632874,0.0,0.3540244102478027,0.0,0.6633242964744568,0.0,0.4802247881889343,0.0,0.4160966575145721,0.0,0.2103737890720367,0.2103737890720367,0.2103737890720367,0.4396012723445892,0.0,0.4994201064109802,0.0,0.0660895034670829,0.0660895034670829,0.0660895034670829,0.4969375133514404,0.0,1.08,1.09,1.09,1.08,1.08,1.08,1.07,1.07,1.07,1.07,1.06,1.07,1.07,1.07,1.06,1.06,1.07,1.06,1.07,1.07,1.05,1.06,1.03,1.03,1.03,1.03,1.03,1.03,1.04,1.04,1.06,1.04,1.06,1.07,1.06,1.06,1.08,1.06,1.06,1.06,1.06,1.06,1.05,1.05,1.08,1.08,1.08,1.09,1.08,1.09,1.08,1.08,1.08,1.09,1.09,1.09,1.08,1.04,1.04,1.04,1.04,1.04,1.0399999618530271,1.04,1.05,1.04,1.0399999618530271,1.04,1.04,1.0399999618530271,1.03,1.04,1.0700000524520874,1.07,1.0700000524520874,1.07,1.07,1.07,1.07,1.07,1.0700000524520874,1.07,1.07,1.07,1.07,0.99,0.98,0.99,0.99,0.99,1.04,1.05,1.05,1.03,1.05,1.04,1.04,1.05,1.03,1.04
0.7032178694158076,0.0,0.501189190284032,0.0,0.5515878992301158,0.0,0.5948816413882945,0.0,0.3832950602409638,0.0,0.7997085711795721,0.0,0.523,0.0,0.722466678389309,0.0,0.7931998969603299,0.0,0.6069560647218615,0.0,0.928121405969306,0.0,0.5930016040802002,0.0,0.2062303721904754,0.0,0.2857975959777832,0.2857975959777832,0.2857975959777832,0.7460846900939941,0.0,0.5657129287719727,0.0,0.3721678853034973,0.0,0.6073117852210999,0.0,0.4262349009513855,0.0,0.4108181595802307,0.0,0.2130118459463119,0.2130118459463119,0.2130118459463119,0.391036719083786,0.0,0.4902876019477844,0.0,0.0850768014788627,0.0850768014788627,0.0850768014788627,0.5040915608406067,0.0,1.08,1.08,1.09,1.07,1.07,1.07,1.06,1.06,1.07,1.06,1.05,1.06,1.06,1.06,1.05,1.05,1.06,1.05,1.06,1.07,1.05,1.05,1.03,1.03,1.03,1.03,1.03,1.03,1.03,1.03,1.04,1.02,1.05,1.05,1.05,1.05,1.07,1.06,1.06,1.06,1.06,1.06,1.05,1.05,1.08,1.08,1.07,1.08,1.07,1.08,1.08,1.07,1.07,1.07,1.08,1.08,1.07,1.04,1.04,1.04,1.04,1.04,1.0399999618530271,1.04,1.04,1.04,1.0399999618530271,1.04,1.04,1.0399999618530271,1.03,1.04,1.059999942779541,1.06,1.059999942779541,1.06,1.06,1.06,1.06,1.06,1.059999942779541,1.06,1.06,1.06,1.06,0.98,0.98,0.98,0.98,0.99,1.03,1.03,1.03,1.02,1.03,1.02,1.03,1.03,1.02,1.03
0.5554199312714776,0.0,0.5125770963562719,0.0,0.5587025634148233,0.0,0.6407198287894295,0.0,0.3921406024096385,0.0,0.7256884395834241,0.0,0.141,0.0,0.7876660554146047,0.0,0.6526888201957755,0.0,0.5713687256407229,0.0,0.8576157053064539,0.0,0.5413329601287842,0.0,0.2019568830728531,0.0,0.3471285998821258,0.3471285998821258,0.3471285998821258,0.6926476955413818,0.0,0.5359901785850525,0.0,0.3904701471328735,0.0,0.5678983330726624,0.0,0.3979347944259643,0.0,0.420454204082489,0.0,0.21770079433918,0.21770079433918,0.21770079433918,0.3555155992507934,0.0,0.4520272016525268,0.0,0.1032386571168899,0.1032386571168899,0.1032386571168899,0.509205162525177,0.0,1.07,1.07,1.08,1.06,1.07,1.07,1.05,1.05,1.06,1.05,1.05,1.05,1.05,1.05,1.05,1.05,1.05,1.04,1.05,1.06,1.04,1.05,1.03,1.03,1.03,1.03,1.02,1.02,1.03,1.03,1.03,1.01,1.03,1.04,1.03,1.03,1.06,1.05,1.05,1.05,1.05,1.05,1.05,1.05,1.07,1.07,1.07,1.06,1.07,1.07,1.07,1.07,1.06,1.06,1.07,1.07,1.06,1.03,1.03,1.03,1.03,1.03,1.0299999713897705,1.03,1.03,1.02,1.0299999713897705,1.03,1.03,1.0299999713897705,1.02,1.03,1.059999942779541,1.06,1.059999942779541,1.06,1.06,1.06,1.06,1.05,1.059999942779541,1.06,1.05,1.05,1.05,0.96,0.96,0.97,0.97,0.97,1.02,1.02,1.02,1.02,1.02,1.01,1.02,1.02,1.02,1.01
0.5654760922925872,0.0,0.4578265700176323,0.0,0.4983621801056639,0.0,0.6771382711454359,0.0,0.4834766265060241,0.0,0.6597661336005927,0.0,0.0,0.0,0.7925854203823257,0.0,0.5322583719732098,0.0,0.5596054978150468,0.0,0.8597232011492156,0.0,0.492053210735321,0.0,0.2034428119659423,0.0,0.3776404559612274,0.3776404559612274,0.3776404559612274,0.6513379216194153,0.0,0.522270917892456,0.0,0.4128025770187378,0.0,0.5305965542793274,0.0,0.3574283421039581,0.0,0.4329655766487121,0.0,0.2436070740222931,0.2436070740222931,0.2436070740222931,0.3393155336380005,0.0,0.4211256206035614,0.0,0.1308567523956298,0.1308567523956298,0.1308567523956298,0.482742041349411,0.0,1.07,1.07,1.08,1.06,1.06,1.06,1.05,1.05,1.05,1.04,1.04,1.05,1.05,1.05,1.04,1.04,1.04,1.04,1.05,1.05,1.03,1.04,1.02,1.03,1.03,1.02,1.02,1.02,1.02,1.02,1.02,1.0,1.02,1.03,1.02,1.02,1.04,1.03,1.04,1.04,1.04,1.04,1.04,1.04,1.06,1.06,1.06,1.05,1.06,1.06,1.06,1.06,1.05,1.05,1.06,1.06,1.06,1.02,1.02,1.02,1.02,1.02,1.0199999809265137,1.02,1.02,1.02,1.0199999809265137,1.02,1.02,1.0199999809265137,1.01,1.02,1.0499999523162842,1.05,1.0499999523162842,1.05,1.05,1.05,1.05,1.05,1.0499999523162842,1.05,1.05,1.05,1.05,0.95,0.95,0.96,0.95,0.96,1.01,1.01,1.01,1.01,1.01,1.0,1.01,1.01,1.01,1.0
0.4452809032891507,0.0,0.4749659471208767,0.0,0.5435249676416831,0.0,0.6611853540522937,0.0,0.5273725301204819,0.0,0.6609648350690663,0.0,0.0,0.0,0.818733703433897,0.0,0.4987027305512623,0.0,0.579777370969647,0.0,0.9205614312964108,0.0,0.4619995057582855,0.0,0.2049109041690826,0.0,0.3959290683269501,0.3959290683269501,0.3959290683269501,0.5829062461853027,0.0,0.5216899514198303,0.0,0.4387527108192444,0.0,0.4865972399711609,0.0,0.3006575405597687,0.0,0.4430893063545227,0.0,0.2902840971946716,0.2902840971946716,0.2902840971946716,0.3502693772315979,0.0,0.3755719065666199,0.0,0.1698610633611679,0.1698610633611679,0.1698610633611679,0.4723302721977234,0.0,1.07,1.07,1.08,1.06,1.06,1.06,1.04,1.04,1.04,1.04,1.04,1.04,1.04,1.04,1.04,1.04,1.04,1.04,1.04,1.04,1.03,1.04,1.03,1.03,1.03,1.03,1.02,1.02,1.02,1.02,1.01,0.99,1.01,1.02,1.0,1.01,1.03,1.03,1.04,1.03,1.03,1.03,1.03,1.03,1.05,1.05,1.05,1.05,1.05,1.06,1.05,1.05,1.05,1.04,1.06,1.05,1.05,1.02,1.02,1.02,1.02,1.02,1.0199999809265137,1.02,1.02,1.01,1.0199999809265137,1.02,1.01,1.0199999809265137,1.01,1.01,1.0499999523162842,1.05,1.0499999523162842,1.05,1.05,1.05,1.05,1.05,1.0499999523162842,1.05,1.05,1.05,1.05,0.94,0.94,0.95,0.94,0.95,1.01,1.01,1.01,1.01,1.01,1.0,1.01,1.01,1.01,1.0
0.369739617083947,0.0,0.5218462762588869,0.0,0.4493621430714252,0.0,0.6613780589932075,0.0,0.6302499397590362,0.0,0.5982634537452614,0.0,0.0,0.0,0.8215288753799392,0.0,0.3723879443585781,0.0,0.5905678221329871,0.0,0.8653939818615672,0.0,0.4637245535850525,0.0,0.2324084937572479,0.0,0.4078914523124695,0.4078914523124695,0.4078914523124695,0.5097025036811829,0.0,0.5166507959365845,0.0,0.4695620834827423,0.0,0.4708324074745178,0.0,0.2720306515693664,0.0,0.4602386355400085,0.0,0.3191145360469818,0.3191145360469818,0.3191145360469818,0.3491440117359161,0.0,0.351664662361145,0.0,0.1980694681406021,0.1980694681406021,0.1980694681406021,0.4998675584793091,0.0,1.06,1.06,1.08,1.06,1.06,1.06,1.04,1.04,1.04,1.04,1.04,1.04,1.04,1.04,1.04,1.04,1.04,1.04,1.04,1.04,1.03,1.04,1.03,1.03,1.03,1.03,1.02,1.02,1.02,1.02,1.0,0.99,1.01,1.01,1.0,1.01,1.03,1.02,1.04,1.03,1.03,1.03,1.03,1.03,1.05,1.05,1.05,1.04,1.05,1.05,1.05,1.05,1.05,1.04,1.05,1.05,1.05,1.02,1.02,1.02,1.02,1.02,1.0199999809265137,1.02,1.02,1.01,1.0199999809265137,1.02,1.01,1.0199999809265137,1.01,1.01,1.0499999523162842,1.05,1.0499999523162842,1.05,1.05,1.05,1.05,1.05,1.0499999523162842,1.05,1.05,1.05,1.05,0.94,0.94,0.94,0.94,0.95,1.01,1.01,1.01,1.01,1.01,1.0,1.01,1.01,1.01,1.0
0.4094650957290133,0.0,0.5044091255416402,0.0,0.445811187882884,0.0,0.625949567321113,0.0,0.6512662048192771,0.0,0.5402343457231252,0.0,0.056,0.0,0.82400424527117,0.0,0.2785937660999485,0.0,0.5228960375575765,0.0,0.8978720983753098,0.0,0.4684634208679199,0.0,0.2837913036346435,0.0,0.3949519395828247,0.3949519395828247,0.3949519395828247,0.4617386758327484,0.0,0.5112110376358032,0.0,0.4891505241394043,0.0,0.4570457339286804,0.0,0.2571712136268616,0.0,0.460472047328949,0.0,0.342460423707962,0.342460423707962,0.342460423707962,0.3378553390502929,0.0,0.3396745026111603,0.0,0.1995922029018402,0.1995922029018402,0.1995922029018402,0.51463383436203,0.0,1.07,1.07,1.08,1.06,1.06,1.06,1.05,1.05,1.04,1.04,1.04,1.05,1.05,1.05,1.04,1.04,1.04,1.03,1.05,1.04,1.03,1.04,1.03,1.03,1.03,1.03,1.03,1.03,1.02,1.02,1.01,1.0,1.01,1.01,1.0,1.01,1.02,1.03,1.04,1.03,1.03,1.03,1.03,1.03,1.04,1.04,1.04,1.04,1.04,1.05,1.04,1.04,1.04,1.04,1.05,1.05,1.05,1.02,1.02,1.02,1.02,1.02,1.0199999809265137,1.02,1.01,1.01,1.0199999809265137,1.02,1.01,1.0199999809265137,1.0,1.01,1.0499999523162842,1.05,1.0499999523162842,1.05,1.05,1.05,1.05,1.05,1.0499999523162842,1.05,1.05,1.04,1.04,0.95,0.95,0.95,0.95,0.95,1.01,1.01,1.01,1.01,1.01,1.01,1.01,1.01,1.01,1.01
0.2452287677957781,0.0,0.5198529770337164,0.0,0.3763166890356993,0.0,0.6778032008932725,0.0,0.6661081927710844,0.0,0.4397863959213908,0.0,0.302,0.0,0.8286269938958527,0.0,0.4294827408552293,0.0,0.504473751033424,0.0,0.9539611063449652,0.0,0.4548117816448211,0.0,0.3132741153240204,0.0,0.4107139408588409,0.4107139408588409,0.4107139408588409,0.4541651308536529,0.0,0.5118101835250854,0.0,0.5033226013183594,0.0,0.436161458492279,0.0,0.2385092079639434,0.0,0.4566653668880462,0.0,0.3486288189888,0.3486288189888,0.3486288189888,0.3332270383834839,0.0,0.3134222030639648,0.0,0.1869854032993316,0.1869854032993316,0.1869854032993316,0.5167281031608582,0.0,1.07,1.07,1.08,1.06,1.07,1.07,1.05,1.05,1.04,1.04,1.04,1.05,1.05,1.05,1.04,1.04,1.04,1.03,1.05,1.04,1.03,1.04,1.04,1.04,1.04,1.04,1.03,1.04,1.03,1.02,1.01,1.01,1.02,1.02,1.01,1.02,1.03,1.04,1.04,1.04,1.04,1.04,1.04,1.04,1.04,1.04,1.04,1.04,1.04,1.05,1.04,1.04,1.05,1.04,1.05,1.05,1.05,1.02,1.02,1.02,1.02,1.02,1.0199999809265137,1.02,1.02,1.01,1.0199999809265137,1.02,1.01,1.0199999809265137,1.0,1.01,1.0499999523162842,1.05,1.0499999523162842,1.05,1.05,1.06,1.05,1.05,1.0499999523162842,1.05,1.05,1.05,1.05,0.95,0.95,0.95,0.95,0.96,1.02,1.02,1.02,1.02,1.02,1.02,1.01,1.02,1.02,1.02
0.2378134511536573,0.0,0.6693630719818618,0.0,0.3939289676018553,0.0,0.70395682516051,0.0,0.7131487951807228,0.0,0.2943941348206893,0.0,0.288,0.0,0.8275877314175187,0.0,0.390644513137558,0.0,0.4862724991142081,0.0,0.910443663163927,0.0,0.4425688683986664,0.0,0.3245832026004791,0.0,0.4501799345016479,0.4501799345016479,0.4501799345016479,0.4837420284748077,0.0,0.5145115852355957,0.0,0.517578125,0.0,0.4102242290973663,0.0,0.2255090624094009,0.0,0.4401111900806427,0.0,0.3413494527339935,0.3413494527339935,0.3413494527339935,0.3294970691204071,0.0,0.2998654544353485,0.0,0.1711600422859192,0.1711600422859192,0.1711600422859192,0.5173050165176392,0.0,1.08,1.08,1.09,1.07,1.07,1.07,1.06,1.06,1.05,1.04,1.04,1.06,1.06,1.06,1.04,1.04,1.05,1.04,1.06,1.05,1.03,1.04,1.05,1.05,1.05,1.05,1.05,1.05,1.04,1.04,1.03,1.02,1.03,1.03,1.02,1.03,1.04,1.05,1.06,1.06,1.06,1.06,1.06,1.06,1.05,1.05,1.05,1.05,1.05,1.06,1.05,1.05,1.06,1.05,1.06,1.06,1.06,1.03,1.03,1.03,1.03,1.03,1.0299999713897705,1.03,1.02,1.02,1.0299999713897705,1.03,1.02,1.0299999713897705,1.01,1.02,1.0700000524520874,1.07,1.0700000524520874,1.07,1.07,1.07,1.07,1.06,1.0700000524520874,1.07,1.06,1.06,1.06,0.96,0.96,0.96,0.96,0.97,1.03,1.03,1.03,1.03,1.03,1.03,1.03,1.03,1.03,1.03
0.32180029455081,0.0,0.6719547753203701,0.0,0.4182401370254859,0.0,0.7900411277565832,0.0,0.7759794578313253,0.0,0.3822596191555187,0.0,0.015,0.0,0.8411924941596124,0.0,0.3022709943328181,0.0,0.5019532006613913,0.0,0.9551764550293532,0.0,0.4342366755008697,0.0,0.3332336246967315,0.0,0.4813236892223358,0.4813236892223358,0.4813236892223358,0.4554225206375122,0.0,0.523332417011261,0.0,0.5440398454666138,0.0,0.4039908647537231,0.0,0.2408812046051025,0.0,0.4398489892482757,0.0,0.3368852138519287,0.3368852138519287,0.3368852138519287,0.3375518321990967,0.0,0.2897199094295501,0.0,0.1615848392248153,0.1615848392248153,0.1615848392248153,0.5462562441825867,0.0,1.09,1.09,1.09,1.08,1.08,1.08,1.07,1.07,1.06,1.06,1.05,1.07,1.07,1.07,1.05,1.05,1.06,1.04,1.07,1.06,1.04,1.05,1.06,1.06,1.06,1.06,1.06,1.06,1.05,1.05,1.03,1.02,1.03,1.04,1.03,1.04,1.05,1.07,1.07,1.07,1.07,1.07,1.07,1.07,1.05,1.05,1.06,1.07,1.06,1.08,1.05,1.06,1.07,1.06,1.08,1.07,1.07,1.04,1.04,1.04,1.04,1.04,1.0399999618530271,1.04,1.04,1.04,1.0399999618530271,1.04,1.03,1.0399999618530271,1.02,1.03,1.0800000429153442,1.08,1.0800000429153442,1.08,1.08,1.09,1.08,1.08,1.0800000429153442,1.08,1.08,1.07,1.07,0.98,0.98,0.98,0.98,0.98,1.04,1.04,1.04,1.04,1.04,1.04,1.04,1.04,1.04,1.05
0.5134367206676484,0.0,0.6063709775999311,0.0,0.4343764592899285,0.0,0.7440773239043454,0.0,0.7967643373493976,0.0,0.214445335308728,0.0,0.0,0.0,0.8404266874324903,0.0,0.4096004636785162,0.0,0.4777377760718083,0.0,0.9463309572103182,0.0,0.4131392240524292,0.0,0.346942275762558,0.0,0.5109585523605347,0.5109585523605347,0.5109585523605347,0.4575448632240295,0.0,0.5311092138290405,0.0,0.5705829858779907,0.0,0.4079899489879608,0.0,0.2425442636013031,0.0,0.4337288737297058,0.0,0.3285534679889679,0.3285534679889679,0.3285534679889679,0.3569265902042389,0.0,0.270505428314209,0.0,0.164304718375206,0.164304718375206,0.164304718375206,0.5987401008605957,0.0,1.09,1.09,1.09,1.08,1.09,1.09,1.08,1.07,1.07,1.06,1.05,1.07,1.07,1.07,1.05,1.05,1.06,1.05,1.07,1.06,1.05,1.05,1.07,1.07,1.07,1.07,1.07,1.07,1.05,1.05,1.04,1.03,1.04,1.05,1.04,1.04,1.05,1.07,1.08,1.08,1.08,1.08,1.07,1.07,1.05,1.05,1.06,1.07,1.06,1.08,1.05,1.06,1.07,1.07,1.08,1.08,1.07,1.04,1.04,1.04,1.04,1.04,1.0399999618530271,1.04,1.05,1.04,1.0399999618530271,1.04,1.03,1.0399999618530271,1.02,1.04,1.090000033378601,1.09,1.090000033378601,1.09,1.09,1.09,1.09,1.08,1.090000033378601,1.09,1.08,1.08,1.08,0.98,0.98,0.98,0.98,0.98,1.05,1.05,1.05,1.05,1.05,1.05,1.05,1.05,1.05,1.05
0.4014924889543446,0.0,0.5908789470131486,0.0,0.4280341308381939,0.0,0.766954871126826,0.0,0.7924707228915662,0.0,0.3513350908536319,0.0,0.0,0.0,0.8190768168002212,0.0,0.2098699124162802,0.0,0.4808049486240699,0.0,0.9521397130222684,0.0,0.4024232923984527,0.0,0.3463106155395508,0.0,0.5154796242713928,0.5154796242713928,0.5154796242713928,0.4567546844482422,0.0,0.5389513373374939,0.0,0.5901962518692017,0.0,0.4014682471752167,0.0,0.2346469163894653,0.0,0.4260696172714233,0.0,0.32764932513237,0.32764932513237,0.32764932513237,0.367258608341217,0.0,0.2294946312904358,0.0,0.162869393825531,0.162869393825531,0.162869393825531,0.6310547590255737,0.0,1.09,1.09,1.09,1.09,1.09,1.09,1.08,1.08,1.07,1.07,1.06,1.08,1.08,1.08,1.06,1.06,1.06,1.05,1.08,1.07,1.05,1.06,1.08,1.08,1.07,1.08,1.07,1.07,1.06,1.06,1.05,1.04,1.05,1.05,1.05,1.05,1.06,1.08,1.08,1.08,1.08,1.08,1.08,1.08,1.06,1.06,1.06,1.08,1.06,1.09,1.06,1.06,1.08,1.07,1.09,1.08,1.08,1.05,1.05,1.05,1.05,1.05,1.0499999523162842,1.05,1.05,1.04,1.0499999523162842,1.05,1.04,1.0499999523162842,1.03,1.04,1.090000033378601,1.09,1.090000033378601,1.09,1.09,1.09,1.09,1.08,1.090000033378601,1.09,1.08,1.08,1.08,0.98,0.98,0.98,0.98,0.98,1.05,1.06,1.06,1.05,1.06,1.06,1.05,1.06,1.05,1.06
0.5070410407461954,0.0014842329063985,0.5370766527112794,0.0,0.4128009346665645,0.0112459606215786,0.7673803852237835,0.0,0.8461180120481928,0.0,0.4269728092727352,0.0056494286267673,0.0,0.0,0.8035614308322239,0.0,0.2983933539412674,0.0001482668057105,0.4735222333766387,0.0,0.8636735303938367,0.0,0.4061578512191772,0.0032750305254012,0.3462033569812774,0.0,0.479942262172699,0.479942262172699,0.479942262172699,0.4534535706043243,0.0093195363879203,0.5501223206520081,0.0,0.6078804731369019,0.0,0.4182032942771911,0.008383828215301,0.2441436946392059,8.052027260418981e-5,0.4086701869964599,0.0,0.3395801782608032,0.3395801782608032,0.3395801782608032,0.3946336805820465,5.939148832112551e-5,0.1999105215072631,0.0,0.1703662872314453,0.1703662872314453,0.1703662872314453,0.6677755117416382,0.0110062547028064,1.09,1.09,1.09,1.09,1.09,1.09,1.08,1.08,1.07,1.07,1.06,1.08,1.08,1.08,1.06,1.06,1.07,1.05,1.08,1.07,1.05,1.06,1.08,1.08,1.08,1.08,1.08,1.08,1.06,1.06,1.05,1.05,1.05,1.06,1.05,1.05,1.06,1.09,1.09,1.09,1.09,1.09,1.09,1.09,1.06,1.06,1.07,1.08,1.07,1.09,1.06,1.07,1.08,1.07,1.09,1.09,1.08,1.05,1.05,1.05,1.05,1.05,1.0499999523162842,1.05,1.05,1.05,1.0499999523162842,1.05,1.04,1.0499999523162842,1.03,1.04,1.090000033378601,1.09,1.090000033378601,1.09,1.09,1.09,1.09,1.09,1.090000033378601,1.09,1.08,1.08,1.08,0.98,0.98,0.98,0.98,0.98,1.05,1.06,1.06,1.05,1.06,1.06,1.05,1.06,1.05,1.06
0.3426689248895435,0.0377957469117381,0.5775340797882229,0.0682091223731056,0.4381550601256153,0.0187281255518276,0.7640682981297106,0.0418,0.8617603012048194,0.0061779661016949,0.5180545121791799,0.0125547162502421,0.0,0.0319963423898314,0.7838859303172651,0.0032706328900244,0.2504860896445132,0.0411065207616719,0.5091888803590411,0.0,0.8287649369328864,0.021,0.4036870300769806,0.1149972081184387,0.342056930065155,0.018445773050189,0.4347265362739563,0.4347265362739563,0.4347265362739563,0.4250413477420807,0.118902638554573,0.5523669123649597,0.0378074757754802,0.6252495646476746,0.0824166163802146,0.4455198943614959,0.1267872005701065,0.2421718090772628,0.061716228723526,0.3944919407367706,0.0040995916351675,0.3465978503227234,0.3465978503227234,0.3465978503227234,0.4225300550460815,0.0831354036927223,0.1929782927036285,0.002847091294825,0.1849690824747085,0.1849690824747085,0.1849690824747085,0.6871225833892822,0.1074944958090782,1.1,1.1,1.1,1.1,1.1,1.1,1.09,1.08,1.08,1.07,1.06,1.08,1.08,1.08,1.06,1.06,1.07,1.05,1.08,1.07,1.05,1.06,1.09,1.09,1.09,1.09,1.08,1.09,1.07,1.06,1.06,1.05,1.06,1.06,1.05,1.06,1.07,1.1,1.09,1.09,1.09,1.1,1.09,1.09,1.07,1.07,1.07,1.08,1.07,1.09,1.07,1.07,1.08,1.08,1.09,1.09,1.08,1.05,1.05,1.05,1.05,1.05,1.0499999523162842,1.05,1.06,1.05,1.0499999523162842,1.05,1.05,1.0499999523162842,1.03,1.05,1.090000033378601,1.09,1.090000033378601,1.09,1.09,1.09,1.09,1.09,1.090000033378601,1.09,1.08,1.08,1.08,0.98,0.98,0.98,0.98,0.99,1.06,1.06,1.06,1.05,1.06,1.07,1.05,1.06,1.05,1.07
0.3995410898379969,0.0275936584371404,0.7347576318652174,0.1910359003848207,0.3563977033953164,0.0309635131555712,0.7787522099190471,0.0373499999999999,0.8534659036144578,0.0234293785310734,0.7091123360495011,0.0350082962102136,0.0,0.0708564275446984,0.7882824486925066,0.2179610003843612,0.1023024214322514,0.0278526621860501,0.5404879237037913,0.0318115711252653,0.8383549586899837,0.0209999999999999,0.3971039652824402,0.2732487618923187,0.3239117562770843,0.199300155043602,0.3446210622787475,0.3446210622787475,0.3446210622787475,0.3220940232276916,0.2423081398010254,0.5538325905799866,0.2060991078615188,0.6335399746894836,0.2346287071704864,0.4696389734745025,0.2997914552688598,0.2183151096105575,0.2133136838674545,0.3872003257274627,0.1391235888004303,0.3632223904132843,0.3632223904132843,0.3632223904132843,0.4191011190414428,0.2334334254264831,0.1915265470743179,0.1170667856931686,0.1931280344724655,0.1931280344724655,0.1931280344724655,0.5873363018035889,0.2252078652381897,1.1,1.1,1.1,1.1,1.1,1.1,1.09,1.08,1.08,1.07,1.06,1.08,1.08,1.08,1.06,1.06,1.07,1.06,1.08,1.07,1.05,1.06,1.1,1.09,1.09,1.09,1.09,1.09,1.07,1.07,1.06,1.05,1.06,1.06,1.06,1.06,1.07,1.1,1.1,1.1,1.1,1.1,1.09,1.09,1.07,1.07,1.07,1.09,1.07,1.1,1.07,1.07,1.08,1.08,1.09,1.09,1.09,1.05,1.05,1.05,1.05,1.05,1.0499999523162842,1.05,1.06,1.05,1.0499999523162842,1.05,1.05,1.0499999523162842,1.04,1.05,1.090000033378601,1.09,1.090000033378601,1.09,1.09,1.09,1.09,1.09,1.090000033378601,1.09,1.09,1.09,1.09,0.98,0.98,0.98,0.98,0.99,1.06,1.06,1.06,1.05,1.06,1.07,1.05,1.06,1.05,1.07
0.3652208149239076,0.0362104919143883,0.7112725326098609,0.2957097971030562,0.2756269965722278,0.0397304873741833,0.7555359635247045,0.0914499999999999,0.8742557831325302,0.017864406779661,0.7514721338620418,0.0311571760604299,0.0,0.0875329033625272,0.7412874726820569,0.3606250620180125,0.0361321483771251,0.0377146759482465,0.469771259005551,0.1470963375796178,0.8104472898977746,0.019,0.4560863673686981,0.3576279580593109,0.2609716057777405,0.3918124735355377,0.2459419220685959,0.2459419220685959,0.2459419220685959,0.3058277070522308,0.2615625560283661,0.5163125395774841,0.3211641907691955,0.6524245142936707,0.3155515193939209,0.5396667122840881,0.3675694763660431,0.2075250297784805,0.2835386395454407,0.3484109044075012,0.3851190507411957,0.37600177526474,0.37600177526474,0.37600177526474,0.4245898425579071,0.3099656105041504,0.1700229346752166,0.2693695425987243,0.2216399759054184,0.2216399759054184,0.2216399759054184,0.5166712999343872,0.270801693201065,1.1,1.1,1.11,1.1,1.1,1.1,1.09,1.09,1.08,1.07,1.06,1.09,1.09,1.09,1.06,1.06,1.07,1.06,1.09,1.07,1.05,1.06,1.1,1.1,1.1,1.1,1.09,1.09,1.08,1.07,1.06,1.05,1.06,1.07,1.06,1.06,1.07,1.1,1.1,1.1,1.1,1.1,1.1,1.1,1.07,1.07,1.08,1.09,1.08,1.1,1.07,1.08,1.09,1.08,1.1,1.09,1.09,1.05,1.05,1.05,1.05,1.05,1.0499999523162842,1.05,1.06,1.05,1.0499999523162842,1.05,1.05,1.0499999523162842,1.04,1.05,1.090000033378601,1.09,1.090000033378601,1.09,1.09,1.09,1.09,1.09,1.090000033378601,1.09,1.09,1.09,1.09,0.98,0.98,0.99,0.98,0.99,1.05,1.06,1.06,1.05,1.06,1.07,1.05,1.06,1.05,1.08
0.3643105547373589,0.0513323672012651,0.7151960229445085,0.3335688576840734,0.3254190176722059,0.0372927997527812,0.8222226667907322,0.0590499999999999,0.9015716867469878,0.0179915254237288,0.9162956991590048,0.0387592484989347,0.055,0.1113616092859002,0.6411864904920997,0.4733750193913765,0.0401105100463678,0.0600075766520043,0.4385570154718319,0.2726053609341826,0.743179769439205,0.0305,0.5150578022003174,0.3816337585449219,0.2340491861104965,0.4099185764789581,0.1602699011564254,0.1602699011564254,0.1602699011564254,0.3617933094501495,0.2955087721347809,0.5225400924682617,0.3228773772716522,0.6794728636741638,0.3306197226047516,0.6210730671882629,0.4084848165512085,0.227890208363533,0.2942243218421936,0.2909384667873382,0.4171903133392334,0.3741666376590729,0.3741666376590729,0.3741666376590729,0.4912565648555755,0.3195656538009643,0.1376402676105499,0.3115302324295044,0.254264086484909,0.254264086484909,0.254264086484909,0.5281985402107239,0.2905976474285126,1.1,1.1,1.11,1.1,1.1,1.1,1.09,1.09,1.08,1.07,1.06,1.09,1.09,1.09,1.06,1.06,1.07,1.06,1.09,1.07,1.05,1.06,1.1,1.1,1.11,1.1,1.1,1.1,1.08,1.08,1.07,1.06,1.06,1.07,1.06,1.06,1.07,1.1,1.1,1.1,1.1,1.1,1.1,1.1,1.08,1.08,1.08,1.09,1.08,1.1,1.08,1.08,1.09,1.09,1.1,1.1,1.09,1.05,1.05,1.05,1.05,1.05,1.0499999523162842,1.05,1.06,1.06,1.0499999523162842,1.05,1.06,1.0499999523162842,1.04,1.06,1.090000033378601,1.09,1.090000033378601,1.09,1.09,1.09,1.09,1.09,1.090000033378601,1.09,1.09,1.09,1.09,0.98,0.98,0.99,0.98,0.99,1.06,1.06,1.06,1.06,1.07,1.08,1.05,1.07,1.06,1.08
0.3388961217476681,0.0651273101598629,0.7046703595557915,0.3313399093145817,0.3448723165454063,0.0406062820060038,0.8686003535870476,0.14575,0.9050777710843374,0.0657429378531073,0.9496740598718898,0.0499843760087804,0.0,0.1301749720631157,0.6916268431761662,0.4643082469140837,0.0802557959814528,0.0746321941684114,0.4623668359513405,0.481418524416136,0.7878631115305711,0.0155,0.5342999696731567,0.385998398065567,0.2252076566219329,0.3807888925075531,0.1080598533153534,0.1080598533153534,0.1080598533153534,0.4128782749176025,0.3213788270950317,0.5621776580810547,0.3075118660926819,0.7061119675636292,0.3305195569992065,0.6981129050254822,0.4405587017536163,0.2643750607967376,0.2886196970939636,0.2851416170597076,0.3751731514930725,0.366131067276001,0.366131067276001,0.366131067276001,0.5506621599197388,0.3151799142360687,0.1223418861627578,0.2727855741977691,0.2970984578132629,0.2970984578132629,0.2970984578132629,0.5437151789665222,0.3131161332130432,1.1,1.1,1.11,1.1,1.11,1.11,1.09,1.09,1.08,1.07,1.06,1.09,1.09,1.09,1.06,1.06,1.07,1.06,1.09,1.07,1.05,1.06,1.11,1.11,1.11,1.11,1.1,1.1,1.09,1.09,1.07,1.06,1.06,1.07,1.06,1.06,1.07,1.11,1.11,1.11,1.11,1.11,1.1,1.1,1.08,1.08,1.08,1.1,1.08,1.1,1.08,1.08,1.1,1.09,1.1,1.1,1.1,1.05,1.05,1.05,1.05,1.05,1.0499999523162842,1.05,1.07,1.06,1.0499999523162842,1.05,1.06,1.0499999523162842,1.05,1.06,1.090000033378601,1.09,1.090000033378601,1.09,1.09,1.1,1.09,1.09,1.090000033378601,1.09,1.09,1.09,1.09,0.98,0.98,0.99,0.98,0.99,1.06,1.07,1.07,1.07,1.07,1.08,1.05,1.07,1.07,1.08
0.3953268532155131,0.0750171569552195,0.6560248250712251,0.3424571342005561,0.41918071881003,0.0235507460709871,0.8991515771843305,0.065675,0.907095843373494,0.0770395480225988,0.958964704344416,0.0401104332106656,0.0,0.0987886594684678,0.7147798236579668,0.3387954592470074,0.1198585780525502,0.071048233672676,0.4519368430376758,0.3400037154989385,0.7443445188882846,0.023,0.5611465573310852,0.3632594645023346,0.2235765904188156,0.3548055589199066,0.0712382495403289,0.0712382495403289,0.0712382495403289,0.4211121499538421,0.3386066257953644,0.5887019634246826,0.2780673801898956,0.7329670190811157,0.3283256590366363,0.7656561136245728,0.4614777565002441,0.2916283309459686,0.2606671452522278,0.2801706790924072,0.3389602303504944,0.3501661121845245,0.3501661121845245,0.3501661121845245,0.6183313727378845,0.2950144112110138,0.1140265390276908,0.2340943068265915,0.3168443441390991,0.3168443441390991,0.3168443441390991,0.5431355834007263,0.3312220871448517,1.1,1.1,1.11,1.1,1.11,1.11,1.09,1.08,1.08,1.06,1.05,1.08,1.08,1.08,1.06,1.06,1.06,1.06,1.08,1.06,1.05,1.06,1.12,1.11,1.12,1.11,1.11,1.11,1.09,1.09,1.07,1.06,1.07,1.07,1.06,1.06,1.08,1.1,1.1,1.1,1.1,1.1,1.1,1.1,1.09,1.09,1.09,1.1,1.09,1.1,1.09,1.09,1.1,1.1,1.1,1.1,1.1,1.05,1.05,1.05,1.05,1.05,1.0499999523162842,1.05,1.07,1.06,1.0499999523162842,1.05,1.06,1.0499999523162842,1.05,1.07,1.090000033378601,1.09,1.090000033378601,1.09,1.09,1.1,1.09,1.09,1.090000033378601,1.09,1.09,1.09,1.09,0.98,0.98,0.99,0.98,0.99,1.07,1.07,1.07,1.08,1.07,1.08,1.06,1.07,1.08,1.08
0.3764675503190967,0.0557591158550319,0.680297693889435,0.2973120468096768,0.4212952267525523,0.0207242406851492,0.911742625849074,0.048025,0.9409605421686748,0.0202485875706214,0.9496342760033116,0.022090677254826,0.362,0.084293898353127,0.6971008565902185,0.4067027971340874,0.1791012364760433,0.0599604180324465,0.4325705680878706,0.2842940552016986,0.7048792240733291,0.0135,0.5725347995758057,0.3378342092037201,0.2171105593442917,0.315687894821167,0.0577503703534603,0.0577503703534603,0.0577503703534603,0.4214094877243042,0.3587581813335418,0.5989059209823608,0.2582606077194214,0.7512452006340027,0.3361012041568756,0.821109414100647,0.4719532430171966,0.331577718257904,0.2382493019104004,0.2733742296695709,0.3304342925548553,0.3381550908088684,0.3381550908088684,0.3381550908088684,0.6578536033630371,0.2788069546222687,0.1068577170372009,0.2155560851097107,0.3510963916778564,0.3510963916778564,0.3510963916778564,0.5228520631790161,0.3460792601108551,1.11,1.11,1.11,1.11,1.11,1.11,1.09,1.08,1.08,1.06,1.05,1.08,1.08,1.08,1.06,1.06,1.06,1.06,1.08,1.06,1.05,1.06,1.12,1.11,1.12,1.12,1.11,1.11,1.09,1.09,1.07,1.06,1.07,1.07,1.06,1.07,1.08,1.1,1.11,1.11,1.11,1.1,1.11,1.11,1.09,1.09,1.09,1.1,1.09,1.11,1.09,1.09,1.1,1.1,1.11,1.1,1.1,1.05,1.05,1.05,1.05,1.05,1.0499999523162842,1.05,1.07,1.06,1.0499999523162842,1.05,1.07,1.0499999523162842,1.05,1.07,1.090000033378601,1.09,1.090000033378601,1.09,1.09,1.1,1.09,1.1,1.090000033378601,1.09,1.1,1.1,1.1,0.98,0.98,0.99,0.98,0.99,1.07,1.07,1.07,1.08,1.07,1.08,1.07,1.07,1.08,1.09
0.3647925380461462,0.0490827808433108,0.6696616694568069,0.2740469162191397,0.4308832873430012,0.028368091117782,0.8910307062436028,0.140475,0.943022530120482,0.0714604519774011,0.9581637108370736,0.0137302601846471,0.308,0.0822840025966334,0.652838805295285,0.323744391330078,0.1529366306027821,0.0550101852660212,0.3848888035904099,0.444146762208068,0.7045310999846942,0.0104999999999999,0.5847593545913696,0.3150117099285126,0.1985821425914764,0.3029827773571014,0.0658095777034759,0.0658095777034759,0.0658095777034759,0.4167629778385162,0.3683045506477356,0.5970626473426819,0.2580359280109405,0.7577810883522034,0.3206004798412323,0.8529542088508606,0.4464085102081299,0.3620501160621643,0.2196931988000869,0.2589191496372223,0.3284096717834472,0.332189530134201,0.332189530134201,0.332189530134201,0.6644505858421326,0.2779214680194855,0.0995139181613922,0.2084792554378509,0.3559480309486389,0.3559480309486389,0.3559480309486389,0.4917257130146026,0.3344810009002685,1.11,1.11,1.11,1.11,1.11,1.11,1.09,1.08,1.08,1.06,1.05,1.08,1.08,1.08,1.06,1.06,1.06,1.05,1.08,1.06,1.05,1.06,1.12,1.12,1.12,1.12,1.11,1.11,1.09,1.09,1.07,1.06,1.07,1.07,1.06,1.07,1.08,1.11,1.11,1.11,1.11,1.11,1.11,1.11,1.09,1.09,1.09,1.1,1.09,1.11,1.09,1.09,1.1,1.1,1.11,1.11,1.1,1.05,1.05,1.05,1.05,1.05,1.0499999523162842,1.05,1.07,1.06,1.0499999523162842,1.05,1.07,1.0499999523162842,1.05,1.07,1.090000033378601,1.09,1.090000033378601,1.09,1.09,1.1,1.09,1.1,1.090000033378601,1.09,1.1,1.1,1.1,0.98,0.98,0.99,0.98,0.99,1.08,1.08,1.08,1.08,1.08,1.08,1.07,1.08,1.08,1.09
0.3897478645066273,0.003198809828553,0.668897326119904,0.2256763150489907,0.3838439174350781,0.0003374977926893,0.8702538382804503,0.0368,0.91333421686747,0.000364406779661,0.9645668656586344,0.0012323261669571,0.054,0.0505750073182495,0.6049792509231581,0.2739817090663111,0.1757820710973725,0.0034582337502512,0.3828802409353962,0.4696199575371551,0.6577245493463874,0.0,0.5643280744552612,0.2097900509834289,0.1966544240713119,0.3272063136100769,0.1085989773273468,0.1085989773273468,0.1085989773273468,0.4137289822101593,0.1656343936920166,0.5781670808792114,0.2042597830295562,0.7531560063362122,0.1488238871097564,0.8637502193450928,0.2601948380470276,0.376061201095581,0.1827214062213897,0.2356015592813491,0.289502888917923,0.3351583480834961,0.3351583480834961,0.3351583480834961,0.6509811878204346,0.1828451603651046,0.0906454995274543,0.1910173743963241,0.3659643530845642,0.3659643530845642,0.3659643530845642,0.4686956107616424,0.1462184488773346,1.11,1.11,1.11,1.11,1.11,1.11,1.09,1.08,1.08,1.06,1.05,1.08,1.08,1.08,1.06,1.06,1.06,1.05,1.08,1.06,1.05,1.06,1.12,1.12,1.12,1.12,1.12,1.12,1.09,1.09,1.07,1.06,1.07,1.07,1.06,1.07,1.08,1.11,1.11,1.11,1.11,1.11,1.11,1.11,1.1,1.1,1.1,1.11,1.1,1.11,1.1,1.1,1.11,1.1,1.11,1.11,1.11,1.05,1.05,1.05,1.05,1.05,1.0499999523162842,1.05,1.07,1.07,1.0499999523162842,1.05,1.07,1.0499999523162842,1.06,1.07,1.090000033378601,1.09,1.090000033378601,1.09,1.09,1.1,1.09,1.1,1.090000033378601,1.09,1.1,1.1,1.1,0.98,0.98,0.99,0.98,0.99,1.07,1.08,1.08,1.07,1.08,1.08,1.07,1.08,1.07,1.09
0.4007525773195877,0.0,0.6721554632472813,0.0401834018669354,0.449038752737124,0.0,0.8418059923699636,0.0,0.9161584939759037,0.0,0.8579560329426119,0.0,0.0,0.0050738937855911,0.5430451907860031,0.0778179830238495,0.1739191138588356,0.0,0.3551279378764616,0.1442144373673036,0.6937243572035008,0.0,0.5538240671157837,0.0257927477359771,0.2019057124853134,0.1793608516454696,0.1865438222885131,0.1865438222885131,0.1865438222885131,0.4704224765300751,0.0073480191640555,0.5765368938446045,0.0490189157426357,0.7713616490364075,0.0054179336875677,0.859282374382019,0.0236899722367525,0.3922072947025299,0.0440708696842193,0.2401325702667236,0.1052472814917564,0.3632278740406036,0.3632278740406036,0.3632278740406036,0.6561352610588074,0.0241369809955358,0.0940966457128524,0.0565804205834865,0.4133471250534057,0.4133471250534057,0.4133471250534057,0.5408421158790588,0.0047653019428253,1.11,1.11,1.11,1.11,1.11,1.11,1.09,1.08,1.08,1.06,1.05,1.08,1.08,1.08,1.06,1.06,1.06,1.05,1.08,1.06,1.05,1.06,1.12,1.12,1.12,1.12,1.12,1.12,1.09,1.09,1.07,1.06,1.07,1.07,1.07,1.07,1.08,1.11,1.12,1.11,1.11,1.11,1.11,1.11,1.1,1.1,1.1,1.11,1.1,1.11,1.1,1.1,1.11,1.11,1.11,1.11,1.11,1.06,1.06,1.06,1.06,1.06,1.059999942779541,1.06,1.07,1.07,1.059999942779541,1.06,1.07,1.059999942779541,1.06,1.07,1.090000033378601,1.09,1.090000033378601,1.09,1.09,1.1,1.09,1.1,1.090000033378601,1.09,1.1,1.1,1.1,0.99,0.98,0.99,0.99,1.0,1.08,1.08,1.08,1.07,1.08,1.08,1.08,1.09,1.07,1.09
0.5108643102601865,0.0,0.6845309638888479,0.0008244296699358,0.4850704005343705,0.0,0.8428792221084953,0.0,0.9137568674698796,0.0,0.8917277005534011,0.0,0.05,0.0,0.555435077495039,0.0008663572084844,0.1822017001545595,0.0,0.3690191626313925,0.0,0.6697991178775732,0.0,0.5431250929832458,0.0,0.2076981514692306,0.0041375658474862,0.2977815270423889,0.2977815270423889,0.2977815270423889,0.5235083699226379,0.0,0.5767240524291992,0.0,0.7863497138023376,0.0,0.8487849831581116,0.0,0.415865421295166,0.0,0.2615829706192016,0.0004702853329945,0.4244791567325592,0.4244791567325592,0.4244791567325592,0.661906898021698,0.0,0.1124648675322532,0.0,0.4783241748809814,0.4783241748809814,0.4783241748809814,0.5872548222541809,0.0,1.11,1.11,1.11,1.11,1.11,1.11,1.09,1.08,1.08,1.06,1.05,1.08,1.08,1.08,1.06,1.06,1.06,1.05,1.08,1.06,1.05,1.06,1.11,1.11,1.11,1.11,1.11,1.11,1.09,1.09,1.07,1.06,1.07,1.07,1.07,1.07,1.08,1.1,1.11,1.11,1.11,1.11,1.11,1.11,1.1,1.1,1.1,1.11,1.1,1.12,1.1,1.1,1.11,1.11,1.12,1.11,1.11,1.07,1.07,1.07,1.07,1.07,1.0700000524520874,1.07,1.08,1.07,1.0700000524520874,1.07,1.07,1.0700000524520874,1.06,1.07,1.090000033378601,1.09,1.090000033378601,1.09,1.09,1.1,1.09,1.1,1.090000033378601,1.09,1.1,1.1,1.1,0.99,0.98,0.99,0.99,1.0,1.08,1.08,1.08,1.07,1.08,1.08,1.07,1.09,1.07,1.09
0.4669809523809524,0.0,0.6626814781528935,0.0,0.5657440705963979,0.0,0.8717647715641574,0.0,0.8910880722891565,0.0,0.8480111987450433,0.0,0.152,0.0,0.517208420206486,0.0,0.1834690880989181,0.0,0.3034003188850833,0.0,0.699459977192525,0.0,0.5078115463256836,0.0,0.2047041952610016,0.0,0.4641222059726715,0.4641222059726715,0.4641222059726715,0.5722554326057434,0.0,0.5539262890815735,0.0,0.7916418313980103,0.0,0.8443848490715027,0.0,0.4012612402439117,0.0,0.2480757236480713,0.0,0.5405352711677551,0.5405352711677551,0.5405352711677551,0.6561014652252197,0.0,0.126679927110672,0.0,0.58729487657547,0.58729487657547,0.58729487657547,0.6009534001350403,0.0,1.1,1.11,1.11,1.1,1.1,1.1,1.08,1.08,1.07,1.06,1.05,1.08,1.08,1.08,1.06,1.06,1.06,1.05,1.08,1.06,1.04,1.06,1.09,1.09,1.09,1.09,1.09,1.09,1.08,1.08,1.07,1.06,1.07,1.07,1.07,1.07,1.08,1.08,1.09,1.09,1.09,1.09,1.09,1.09,1.09,1.09,1.09,1.11,1.09,1.11,1.09,1.09,1.11,1.11,1.11,1.11,1.1,1.07,1.07,1.07,1.07,1.07,1.0700000524520874,1.07,1.07,1.07,1.0700000524520874,1.07,1.07,1.0700000524520874,1.06,1.07,1.090000033378601,1.09,1.090000033378601,1.09,1.09,1.1,1.09,1.1,1.090000033378601,1.09,1.1,1.1,1.1,0.99,0.99,0.99,0.99,1.0,1.07,1.07,1.07,1.06,1.07,1.07,1.06,1.07,1.06,1.08
0.4555369661266568,0.0,0.6841328144124592,0.0,0.5487886024217139,0.0,0.8253412115008839,0.0,0.9344172891566264,0.0,0.923882391389603,0.0,0.01,0.0,0.4596449546584943,0.0,0.1892364760432766,0.0,0.2187440356678871,0.0,0.7007480992443431,0.0,0.4805293679237366,0.0,0.1940426081418991,0.0,0.624696671962738,0.624696671962738,0.624696671962738,0.6510184407234192,0.0,0.531130850315094,0.0,0.7957331538200378,0.0,0.8263875246047974,0.0,0.3781545758247375,0.0,0.2307774573564529,0.0,0.7316855192184448,0.7316855192184448,0.7316855192184448,0.6580625772476196,0.0,0.1447392404079437,0.0,0.7053337693214417,0.7053337693214417,0.7053337693214417,0.5958102941513062,0.0,1.09,1.09,1.1,1.09,1.09,1.09,1.07,1.06,1.06,1.05,1.04,1.06,1.06,1.06,1.05,1.04,1.05,1.04,1.06,1.05,1.03,1.05,1.07,1.07,1.07,1.07,1.07,1.07,1.08,1.07,1.06,1.05,1.06,1.07,1.06,1.06,1.08,1.07,1.08,1.07,1.07,1.07,1.07,1.07,1.07,1.07,1.08,1.09,1.08,1.09,1.07,1.08,1.09,1.09,1.09,1.09,1.09,1.05,1.05,1.05,1.05,1.05,1.0499999523162842,1.05,1.05,1.05,1.0499999523162842,1.05,1.05,1.0499999523162842,1.04,1.05,1.059999942779541,1.06,1.059999942779541,1.06,1.06,1.07,1.06,1.07,1.059999942779541,1.06,1.07,1.07,1.07,0.98,0.98,0.99,0.98,0.99,1.06,1.06,1.06,1.06,1.06,1.05,1.05,1.06,1.06,1.06
0.4309628865979381,0.0,0.6888135840934991,0.0,0.5149521673265569,0.0,0.770668372569089,0.0,0.9306413855421688,0.0,0.9570837945008496,0.0,0.087,0.0,0.3942160566706021,0.0,0.1808137557959814,0.0,0.2602929313806543,0.0,0.7388466195575953,0.0,0.4552619755268097,0.0,0.192576378583908,0.0,0.691899299621582,0.691899299621582,0.691899299621582,0.64079749584198,0.0,0.5069337487220764,0.0,0.8052778244018555,0.0,0.8052082657814026,0.0,0.3690456449985504,0.0,0.2321767657995224,0.0,0.8741058111190796,0.8741058111190796,0.8741058111190796,0.6379445791244507,0.0,0.1628236025571823,0.0,0.7906275391578674,0.7906275391578674,0.7906275391578674,0.5992429256439209,0.0,1.08,1.08,1.09,1.07,1.08,1.08,1.06,1.05,1.05,1.04,1.03,1.05,1.05,1.05,1.03,1.03,1.04,1.03,1.05,1.04,1.02,1.04,1.06,1.06,1.06,1.06,1.05,1.06,1.06,1.06,1.06,1.04,1.05,1.06,1.05,1.05,1.07,1.06,1.07,1.07,1.07,1.07,1.07,1.07,1.07,1.07,1.07,1.07,1.07,1.07,1.07,1.07,1.07,1.07,1.07,1.07,1.07,1.03,1.03,1.03,1.03,1.03,1.0299999713897705,1.03,1.04,1.03,1.0299999713897705,1.03,1.03,1.0299999713897705,1.03,1.03,1.059999942779541,1.06,1.059999942779541,1.06,1.06,1.07,1.06,1.07,1.059999942779541,1.06,1.06,1.06,1.06,0.98,0.98,0.98,0.98,0.98,1.05,1.04,1.05,1.05,1.04,1.04,1.05,1.05,1.05,1.04
0.3962780559646539,0.0,0.6401939744677576,0.0,0.489595886274278,0.0,0.7745320554573369,0.0,0.9591810240963854,0.0,0.970729399973855,0.0,0.278,0.0,0.3245909718907785,0.0,0.1927859350850077,0.0,0.2878518070154718,0.0,0.7418061344016623,0.0,0.4365589618682861,0.0,0.199136734008789,0.0,0.7977839708328247,0.7977839708328247,0.7977839708328247,0.6145854592323303,0.0,0.4834822416305542,0.0,0.802131175994873,0.0,0.7904303073883057,0.0,0.3531047701835632,0.0,0.2477425783872604,0.0,0.955922305583954,0.955922305583954,0.955922305583954,0.6168245673179626,0.0,0.178054004907608,0.0,0.9196240305900574,0.9196240305900574,0.9196240305900574,0.6319178342819214,0.0,1.07,1.07,1.08,1.07,1.07,1.07,1.05,1.04,1.04,1.03,1.02,1.04,1.04,1.04,1.02,1.02,1.03,1.02,1.04,1.03,1.01,1.03,1.05,1.06,1.06,1.05,1.05,1.05,1.05,1.05,1.05,1.04,1.05,1.05,1.04,1.05,1.06,1.06,1.07,1.06,1.07,1.07,1.06,1.06,1.06,1.06,1.06,1.06,1.06,1.06,1.06,1.06,1.06,1.06,1.06,1.06,1.06,1.01,1.01,1.01,1.01,1.01,1.0099999904632568,1.01,1.02,1.02,1.0099999904632568,1.01,1.02,1.0099999904632568,1.01,1.02,1.0499999523162842,1.05,1.0499999523162842,1.05,1.05,1.07,1.05,1.06,1.0499999523162842,1.05,1.06,1.06,1.06,0.97,0.96,0.97,0.96,0.97,1.04,1.04,1.04,1.04,1.03,1.03,1.04,1.04,1.04,1.03
0.4058510554737358,0.0,0.5896491752010897,0.0,0.4586776508795287,0.0,0.7240571322229459,0.0,0.9246009036144578,0.0,0.9814501285459062,0.0,0.155,0.0,0.260717174508277,0.0,0.2980819165378671,0.0,0.2853901618046534,0.0,0.7334665853371413,0.0,0.4257693290710449,0.0,0.2263840585947036,0.0,0.8660603761672974,0.8660603761672974,0.8660603761672974,0.6191919445991516,0.0,0.4568913877010345,0.0,0.7961697578430176,0.0,0.7899655103683472,0.0,0.350640207529068,0.0,0.2634442448616028,0.0,0.9767273664474488,0.9767273664474488,0.9767273664474488,0.6057044267654419,0.0,0.2000342458486557,0.0,0.9747093915939332,0.9747093915939332,0.9747093915939332,0.6718363165855408,0.0,1.06,1.06,1.07,1.06,1.06,1.06,1.04,1.03,1.03,1.02,1.01,1.03,1.03,1.03,1.02,1.02,1.02,1.02,1.03,1.02,1.0,1.02,1.05,1.05,1.05,1.05,1.05,1.05,1.04,1.04,1.05,1.03,1.04,1.05,1.04,1.04,1.06,1.06,1.06,1.06,1.06,1.06,1.06,1.06,1.05,1.05,1.05,1.05,1.05,1.06,1.05,1.05,1.05,1.05,1.06,1.06,1.06,1.0,1.0,1.0,1.0,1.0,1.0,1.0,1.02,1.01,1.0,1.0,1.01,1.0,1.0,1.01,1.0499999523162842,1.05,1.0499999523162842,1.05,1.05,1.07,1.05,1.06,1.0499999523162842,1.05,1.06,1.06,1.06,0.96,0.96,0.96,0.96,0.97,1.04,1.03,1.04,1.04,1.03,1.03,1.04,1.03,1.04,1.03
0.3365748649975454,0.0,0.5440749053638319,0.0,0.4415251233999889,0.0,0.6481112868707546,0.0,0.9295485542168676,0.0,0.9785613752233212,0.0,0.0,0.0,0.1819528498580722,0.0,0.2760471406491499,0.0,0.3012863765206094,0.0,0.694329732768771,0.0,0.4048081338405609,0.0,0.2463134080171585,0.0,0.9230393171310424,0.9230393171310424,0.9230393171310424,0.6118713021278381,0.0,0.4337621033191681,0.0,0.79164719581604,0.0,0.7999182939529419,0.0,0.3228212296962738,0.0,0.2830672264099121,0.0,0.9817081689834596,0.9817081689834596,0.9817081689834596,0.6006098389625549,0.0,0.2106761783361435,0.0,0.9810774922370912,0.9810774922370912,0.9810774922370912,0.7243700623512268,0.0,1.06,1.06,1.07,1.06,1.06,1.06,1.03,1.02,1.02,1.01,1.01,1.02,1.02,1.02,1.01,1.01,1.01,1.01,1.02,1.01,1.0,1.02,1.05,1.06,1.06,1.05,1.05,1.05,1.04,1.04,1.04,1.03,1.04,1.04,1.04,1.04,1.05,1.06,1.07,1.06,1.07,1.06,1.06,1.06,1.05,1.05,1.05,1.05,1.05,1.05,1.05,1.05,1.05,1.05,1.05,1.05,1.05,1.0,1.0,1.0,1.0,1.0,1.0,1.0,1.01,1.0,1.0,1.0,1.0,1.0,0.99,1.0,1.0499999523162842,1.05,1.0499999523162842,1.05,1.05,1.07,1.05,1.06,1.0499999523162842,1.05,1.06,1.06,1.06,0.95,0.95,0.96,0.95,0.96,1.04,1.04,1.04,1.04,1.03,1.03,1.04,1.03,1.04,1.03
0.2882655866470299,0.0,0.4880248962416176,0.0,0.5907955422359779,0.0,0.5863443751744674,0.0,0.8864090963855422,0.0,0.9789663601899864,0.0,0.0,0.0,0.148162500941998,0.0,0.3505620814013395,0.0,0.2832589760245659,0.0,0.7130799208637958,0.0,0.386977881193161,0.0,0.2643382251262665,0.0,0.9521877765655518,0.9521877765655518,0.9521877765655518,0.5922242403030396,0.0,0.4100733995437622,0.0,0.7904136776924133,0.0,0.7997376918792725,0.0,0.3020442426204681,0.0,0.2916912734508514,0.0,0.982536792755127,0.982536792755127,0.982536792755127,0.5944961905479431,0.0,0.2137675881385803,0.0,0.9828646779060364,0.9828646779060364,0.9828646779060364,0.7644439935684204,0.0,1.06,1.06,1.06,1.05,1.06,1.06,1.03,1.02,1.02,1.01,1.01,1.02,1.02,1.02,1.01,1.01,1.01,1.01,1.02,1.01,1.0,1.01,1.06,1.06,1.06,1.06,1.05,1.06,1.04,1.04,1.05,1.04,1.04,1.05,1.04,1.04,1.05,1.06,1.07,1.07,1.07,1.07,1.07,1.07,1.05,1.05,1.05,1.05,1.05,1.05,1.05,1.05,1.05,1.05,1.05,1.05,1.05,1.0,1.0,1.0,1.0,1.0,1.0,1.0,1.01,1.0,1.0,1.0,1.0,1.0,0.99,1.0,1.0499999523162842,1.05,1.0499999523162842,1.05,1.05,1.07,1.05,1.06,1.0499999523162842,1.05,1.06,1.06,1.06,0.95,0.95,0.95,0.95,0.96,1.04,1.04,1.04,1.04,1.03,1.03,1.04,1.04,1.04,1.03
0.2750388807069219,0.0,0.3977109195889527,0.0,0.5865270437230392,0.0,0.571811482274123,0.0,0.9454180120481928,0.0,0.9752119482330384,0.0,0.0,0.0,0.1373447210429802,0.0,0.3929626481195261,0.0,0.273283541986536,0.0,0.7622255279352763,0.0,0.3713437616825104,0.0,0.2740384936332702,0.0,0.962795615196228,0.962795615196228,0.962795615196228,0.58994460105896,0.0,0.3874747455120086,0.0,0.7892824411392212,0.0,0.7986981272697449,0.0,0.2971072196960449,0.0,0.3095373213291168,0.0,0.982810378074646,0.982810378074646,0.982810378074646,0.5771347880363464,0.0,0.2128184735774994,0.0,0.9829811453819276,0.9829811453819276,0.9829811453819276,0.8002922534942627,0.0,1.06,1.06,1.06,1.05,1.06,1.06,1.03,1.02,1.02,1.01,1.01,1.02,1.02,1.02,1.01,1.01,1.01,1.01,1.02,1.01,1.0,1.01,1.06,1.06,1.07,1.06,1.06,1.06,1.04,1.04,1.05,1.04,1.05,1.05,1.05,1.05,1.06,1.07,1.07,1.07,1.07,1.07,1.07,1.07,1.05,1.05,1.05,1.05,1.05,1.05,1.05,1.05,1.05,1.04,1.05,1.05,1.05,1.0,1.0,1.0,1.0,1.0,1.0,1.0,1.01,1.0,1.0,1.0,1.0,1.0,0.99,1.0,1.059999942779541,1.06,1.059999942779541,1.06,1.06,1.07,1.06,1.07,1.059999942779541,1.06,1.06,1.06,1.06,0.95,0.95,0.96,0.95,0.96,1.04,1.04,1.04,1.05,1.04,1.04,1.04,1.04,1.05,1.04
0.2519525773195876,0.0,0.3433155856096606,0.0,0.5238735701184695,0.0,0.5417245742998045,0.0,0.964615,0.0,0.9667803390125932,0.0,0.0,0.0,0.143186465372152,0.0,0.3661684698608965,0.0,0.2420698889807488,0.0,0.7783151872274864,0.0,0.3475768566131592,0.0,0.263422816991806,0.0,0.9688203930854796,0.9688203930854796,0.9688203930854796,0.5701004862785339,0.0,0.3649607896804809,0.0,0.7849533557891846,0.0,0.7997496724128723,0.0,0.2950105965137481,0.0,0.3299688398838043,0.0,0.9829907417297364,0.9829907417297364,0.9829907417297364,0.5623217821121216,0.0,0.2213591486215591,0.0,0.9830036759376526,0.9830036759376526,0.9830036759376526,0.8170369267463684,0.0,1.06,1.06,1.07,1.06,1.06,1.06,1.03,1.02,1.02,1.01,1.01,1.02,1.02,1.02,1.02,1.01,1.02,1.01,1.02,1.01,1.0,1.02,1.08,1.08,1.08,1.08,1.07,1.07,1.05,1.05,1.06,1.05,1.06,1.06,1.05,1.06,1.06,1.08,1.08,1.08,1.08,1.08,1.08,1.08,1.06,1.06,1.06,1.05,1.06,1.06,1.06,1.06,1.05,1.05,1.06,1.06,1.06,1.01,1.01,1.01,1.01,1.01,1.0099999904632568,1.01,1.02,1.01,1.0099999904632568,1.01,1.01,1.0099999904632568,1.0,1.01,1.0700000524520874,1.07,1.0700000524520874,1.07,1.07,1.08,1.07,1.08,1.0700000524520874,1.07,1.07,1.07,1.07,0.96,0.96,0.96,0.96,0.97,1.05,1.05,1.05,1.05,1.05,1.05,1.05,1.05,1.05,1.06
0.2682983799705449,0.0,0.2872159262476365,0.0,0.5688932974921984,0.0,0.5184848795012562,0.0,0.9202631927710844,0.0,0.961442546516188,0.0,0.0,0.0,0.119929613906403,0.0,0.4139000515198351,0.0,0.1563927896539506,0.0,0.7753023417468075,0.0,0.323978841304779,0.0,0.2594570219516754,0.0,0.975554883480072,0.975554883480072,0.975554883480072,0.5994594097137451,0.0,0.3416540920734405,0.0,0.7745932936668396,0.0,0.7899996638298035,0.0,0.2733902931213379,0.0,0.3544705510139465,0.0,0.9724345207214355,0.9724345207214355,0.9724345207214355,0.5531936287879944,0.0,0.2315426915884018,0.0,0.9830036759376526,0.9830036759376526,0.9830036759376526,0.8339077830314636,0.0,1.08,1.08,1.09,1.08,1.08,1.08,1.05,1.05,1.04,1.03,1.03,1.05,1.05,1.05,1.03,1.03,1.03,1.03,1.05,1.03,1.02,1.03,1.09,1.09,1.09,1.09,1.09,1.09,1.06,1.06,1.06,1.05,1.06,1.07,1.06,1.06,1.07,1.09,1.1,1.1,1.1,1.1,1.1,1.1,1.06,1.06,1.06,1.06,1.06,1.07,1.06,1.06,1.07,1.06,1.07,1.07,1.07,1.02,1.02,1.02,1.02,1.02,1.0199999809265137,1.02,1.03,1.03,1.0199999809265137,1.02,1.03,1.0199999809265137,1.02,1.03,1.0800000429153442,1.08,1.0800000429153442,1.08,1.08,1.09,1.08,1.09,1.0800000429153442,1.08,1.09,1.09,1.09,0.98,0.98,0.98,0.98,0.98,1.06,1.06,1.06,1.06,1.07,1.07,1.05,1.07,1.06,1.07
0.2478416298478153,0.0,0.1838995656148887,0.0,0.5674390098277715,0.0,0.5429606401786545,0.0,0.8851531927710843,0.0,0.9604717852629744,0.0,0.0,0.0,0.0813186465372152,0.0,0.3812179289026275,0.0,0.0959971949923231,0.0,0.8185992447170858,0.0,0.303214967250824,0.0,0.2590567171573639,0.0,0.9775211215019226,0.9775211215019226,0.9775211215019226,0.6148874759674072,0.0,0.3179351091384887,0.0,0.7632176280021667,0.0,0.7720997333526611,0.0,0.2501916289329529,0.0,0.3933406174182892,0.0,0.894352912902832,0.894352912902832,0.894352912902832,0.5357784032821655,0.0,0.2526093125343323,0.0,0.9830036759376526,0.9830036759376526,0.9830036759376526,0.8463742136955261,0.0,1.09,1.08,1.09,1.08,1.08,1.09,1.06,1.06,1.05,1.04,1.03,1.06,1.06,1.06,1.04,1.04,1.04,1.03,1.06,1.04,1.02,1.04,1.1,1.1,1.1,1.1,1.09,1.09,1.07,1.07,1.07,1.06,1.07,1.07,1.07,1.07,1.08,1.1,1.11,1.1,1.1,1.1,1.1,1.1,1.07,1.07,1.06,1.07,1.06,1.08,1.07,1.06,1.07,1.06,1.08,1.08,1.07,1.03,1.03,1.03,1.03,1.03,1.0299999713897705,1.03,1.04,1.03,1.0299999713897705,1.03,1.03,1.0299999713897705,1.02,1.04,1.090000033378601,1.09,1.090000033378601,1.09,1.09,1.1,1.09,1.1,1.090000033378601,1.09,1.09,1.09,1.09,0.98,0.98,0.99,0.98,0.99,1.06,1.07,1.07,1.06,1.07,1.07,1.05,1.07,1.06,1.07
0.29946705940108,0.0,0.112410733647695,0.0,0.4898306358336809,0.0,0.5109713408393041,0.0,0.902113253012048,0.0,0.9655851235347944,0.0,0.0,0.0,0.061360647089854,0.0,0.3586710458526533,0.0,0.1054438703200661,0.0,0.8497638604064055,0.0,0.2876984179019928,0.0,0.2585004866123199,0.0,0.9735276699066162,0.9735276699066162,0.9735276699066162,0.6359142661094666,0.0,0.3000710904598236,0.0,0.7568193078041077,0.0,0.7312130928039551,0.0,0.224394217133522,0.0,0.4360197484493255,0.0,0.7710945010185242,0.7710945010185242,0.7710945010185242,0.5134106874465942,0.0,0.2770905792713165,0.0,0.9830036759376526,0.9830036759376526,0.9830036759376526,0.8555692434310913,0.0,1.09,1.09,1.09,1.09,1.09,1.09,1.07,1.06,1.06,1.05,1.04,1.06,1.06,1.06,1.04,1.04,1.05,1.04,1.06,1.05,1.03,1.04,1.11,1.1,1.11,1.1,1.1,1.1,1.07,1.07,1.08,1.07,1.08,1.08,1.08,1.08,1.08,1.11,1.11,1.11,1.11,1.11,1.11,1.11,1.07,1.07,1.07,1.07,1.07,1.08,1.07,1.07,1.07,1.07,1.08,1.08,1.08,1.04,1.04,1.04,1.04,1.04,1.0399999618530271,1.04,1.05,1.04,1.0399999618530271,1.04,1.04,1.0399999618530271,1.03,1.04,1.100000023841858,1.1,1.100000023841858,1.1,1.1,1.11,1.1,1.1,1.100000023841858,1.1,1.1,1.1,1.1,0.99,0.99,0.99,0.99,0.99,1.06,1.07,1.07,1.06,1.07,1.07,1.06,1.07,1.06,1.08
0.2298162984781541,0.002825990227649,0.1007526432972591,0.0,0.5013465035223981,0.0110409014656542,0.4772483483762911,0.0,0.9214146385542168,0.0,0.9583012331692012,0.0174298211634062,0.0,0.0,0.0981208771885754,0.0,0.3757627511591963,0.000296533611421,0.0850679992913664,0.0,0.8437618831940601,0.0,0.2671135067939758,0.006587300915271,0.2673380076885223,0.0,0.9688180685043336,0.9688180685043336,0.9688180685043336,0.6518056392669678,0.0196015946567058,0.2952676117420196,0.0,0.7503347992897034,1.5712019376223907e-5,0.7030177712440491,0.0142837725579738,0.2102439701557159,0.0001069909194484,0.4902290999889374,0.0,0.68559330701828,0.68559330701828,0.68559330701828,0.485074520111084,7.555157208116725e-5,0.3061150312423706,0.0,0.9830036759376526,0.9830036759376526,0.9830036759376526,0.8705816864967346,0.0216857027262449,1.09,1.09,1.1,1.09,1.09,1.1,1.08,1.07,1.07,1.05,1.04,1.07,1.07,1.07,1.05,1.05,1.05,1.04,1.07,1.06,1.04,1.05,1.11,1.11,1.11,1.11,1.1,1.11,1.08,1.08,1.08,1.07,1.08,1.08,1.08,1.08,1.08,1.11,1.11,1.11,1.11,1.11,1.11,1.11,1.07,1.07,1.07,1.08,1.07,1.09,1.07,1.07,1.08,1.07,1.09,1.09,1.08,1.05,1.05,1.05,1.05,1.05,1.0499999523162842,1.05,1.05,1.04,1.0499999523162842,1.05,1.04,1.0499999523162842,1.03,1.04,1.100000023841858,1.1,1.100000023841858,1.1,1.1,1.11,1.1,1.11,1.100000023841858,1.1,1.1,1.1,1.1,0.99,0.99,1.0,0.99,1.0,1.07,1.07,1.07,1.07,1.07,1.08,1.06,1.07,1.07,1.08
0.1006760922925871,0.1476770401781566,0.0820671787875746,0.1434119178662217,0.5600112681490093,0.0318600785802578,0.475754257001954,0.18595,0.8992321084337349,0.0359209039548022,0.9367206849971677,0.1529153915682096,0.0,0.1883090870976092,0.1734045567585219,0.0062683338435581,0.3940231839258115,0.1423824775576914,0.1056067083973071,0.0013757961783439,0.8650361650261875,0.0404999999999999,0.2317820638418197,0.179113432765007,0.2819965481758117,0.0251045748591423,0.9712926149368286,0.9712926149368286,0.9712926149368286,0.6892049908638,0.1804113835096359,0.3005546033382416,0.0489994585514068,0.7423657774925232,0.0994216278195381,0.6770161986351013,0.1805851906538009,0.1804613620042801,0.1078544482588768,0.5263964533805847,0.0059797656722366,0.6417455673217773,0.6417455673217773,0.6417455673217773,0.4605174660682678,0.1180830225348472,0.3282992839813232,0.0039800344966351,0.9830036759376526,0.9830036759376526,0.9830036759376526,0.877951979637146,0.1996150016784668,1.1,1.1,1.1,1.1,1.1,1.1,1.08,1.08,1.07,1.06,1.05,1.08,1.08,1.08,1.05,1.05,1.06,1.04,1.08,1.06,1.04,1.05,1.12,1.11,1.12,1.11,1.11,1.11,1.08,1.08,1.09,1.08,1.09,1.09,1.09,1.08,1.09,1.11,1.12,1.12,1.12,1.11,1.12,1.12,1.08,1.08,1.08,1.09,1.08,1.09,1.08,1.07,1.09,1.08,1.09,1.09,1.09,1.05,1.05,1.05,1.05,1.05,1.0499999523162842,1.05,1.05,1.04,1.0499999523162842,1.05,1.04,1.0499999523162842,1.03,1.04,1.100000023841858,1.1,1.100000023841858,1.1,1.1,1.11,1.1,1.11,1.100000023841858,1.1,1.11,1.11,1.11,1.0,1.0,1.0,1.0,1.0,1.07,1.07,1.07,1.07,1.07,1.08,1.06,1.07,1.07,1.09
0.0686241531664212,0.2303705654186175,0.0952154923850172,0.5009448230836532,0.648048964543338,0.0624692080169521,0.4131284079277937,0.3749,0.944853313253012,0.0501807909604519,0.8951618806919691,0.2860735360578474,0.0,0.5853998326542463,0.2074276671104523,0.1309683110176386,0.3021514683153014,0.3431518074815869,0.1217244891933388,0.0445894373673036,0.8535811378952204,0.0475,0.1821388751268386,0.4333406984806061,0.3039366900920868,0.2058157324790954,0.9299941062927246,0.9299941062927246,0.9299941062927246,0.7133966088294983,0.333795964717865,0.3063501715660095,0.3144265711307525,0.7297329902648926,0.3397715985774994,0.6504215598106384,0.3789520561695099,0.1359706968069076,0.4029084742069244,0.5574279427528381,0.124734953045845,0.6147398948669434,0.6147398948669434,0.6147398948669434,0.4115404188632965,0.3789946138858795,0.3644081950187683,0.127446711063385,0.9384751915931702,0.9384751915931702,0.9384751915931702,0.8954001069068909,0.3669962286949157,1.1,1.1,1.1,1.1,1.1,1.1,1.08,1.08,1.07,1.06,1.05,1.08,1.08,1.08,1.05,1.05,1.06,1.04,1.08,1.06,1.04,1.05,1.12,1.12,1.12,1.12,1.11,1.11,1.08,1.09,1.1,1.09,1.09,1.09,1.09,1.09,1.09,1.11,1.12,1.12,1.12,1.12,1.12,1.12,1.08,1.08,1.08,1.09,1.08,1.1,1.08,1.08,1.09,1.09,1.1,1.1,1.09,1.05,1.05,1.05,1.05,1.05,1.0499999523162842,1.05,1.05,1.04,1.0499999523162842,1.05,1.04,1.0499999523162842,1.03,1.04,1.1100000143051147,1.11,1.1100000143051147,1.11,1.11,1.11,1.11,1.11,1.1100000143051147,1.11,1.11,1.11,1.11,1.0,1.0,1.0,1.0,1.01,1.07,1.07,1.08,1.07,1.08,1.08,1.06,1.08,1.07,1.09
0.0465056455571919,0.2660411430875876,0.0964821013854824,0.5969993120718783,0.781023187781359,0.0693839175348755,0.3050033497720293,0.46865,0.9021373493975904,0.0442909604519774,0.8921675018519325,0.2723899541610174,0.0,0.4852049435522094,0.2183273631590846,0.2794212006274511,0.2402537351880474,0.322393386583266,0.1076736742647927,0.1237611464968153,0.8421404150642487,0.0355,0.1577098220586776,0.4967776536941528,0.2988171279430389,0.3330698609352112,0.902242124080658,0.902242124080658,0.902242124080658,0.7694448232650757,0.3589844107627868,0.2760917544364929,0.4933336079120636,0.6988146305084229,0.4590130448341369,0.6725924015045166,0.4391268193721771,0.1057050228118896,0.5275003910064697,0.5602955222129822,0.2623552978038788,0.55617356300354,0.55617356300354,0.55617356300354,0.3695617914199829,0.4758308529853821,0.3764710426330566,0.2885415554046631,0.9082903265953064,0.9082903265953064,0.9082903265953064,0.930185616016388,0.3903526067733764,1.1,1.1,1.1,1.11,1.11,1.11,1.08,1.08,1.07,1.06,1.05,1.08,1.08,1.08,1.05,1.05,1.06,1.05,1.08,1.06,1.05,1.05,1.12,1.12,1.12,1.12,1.12,1.12,1.09,1.09,1.1,1.09,1.09,1.09,1.1,1.09,1.09,1.11,1.12,1.12,1.12,1.12,1.13,1.12,1.08,1.08,1.08,1.1,1.08,1.1,1.08,1.08,1.09,1.09,1.1,1.1,1.1,1.05,1.05,1.05,1.05,1.05,1.0499999523162842,1.05,1.05,1.04,1.0499999523162842,1.05,1.04,1.0499999523162842,1.03,1.04,1.1200000047683716,1.12,1.1200000047683716,1.12,1.12,1.12,1.12,1.12,1.1200000047683716,1.12,1.12,1.11,1.11,1.0,1.0,1.0,1.0,1.01,1.08,1.08,1.08,1.08,1.08,1.09,1.07,1.08,1.08,1.09
0.0609501227295041,0.2494273392601592,0.0526165938031039,0.5177210006758428,0.8638758669057303,0.0904822973688857,0.2262429515213547,0.4228,0.8656079518072288,0.0643615819209039,0.8881947361540807,0.2627790690167215,0.0,0.3430788250859361,0.1501307493280414,0.3131594857947763,0.2139317362184441,0.2527801893699726,0.0890542104641549,0.1618057324840764,0.8617649842186739,0.0455,0.1537170559167862,0.5075227618217468,0.2903673648834228,0.3565518260002136,0.8860026597976685,0.8860026597976685,0.8860026597976685,0.8153942823410034,0.356632262468338,0.2433444261550903,0.4564443230628967,0.684737503528595,0.435077041387558,0.6875107288360596,0.4610462784767151,0.0863098353147506,0.5039711594581604,0.5372245907783508,0.2793484032154083,0.5070831179618835,0.5070831179618835,0.5070831179618835,0.3592912256717682,0.4705885946750641,0.3512561917304992,0.3270305693149566,0.8520230054855347,0.8520230054855347,0.8520230054855347,0.9544215202331544,0.378133624792099,1.11,1.11,1.11,1.11,1.11,1.11,1.08,1.08,1.07,1.06,1.05,1.08,1.08,1.08,1.05,1.05,1.06,1.05,1.08,1.06,1.05,1.06,1.12,1.12,1.12,1.12,1.12,1.12,1.1,1.1,1.1,1.09,1.1,1.1,1.1,1.1,1.09,1.12,1.13,1.13,1.13,1.12,1.13,1.13,1.09,1.09,1.09,1.1,1.09,1.1,1.09,1.08,1.1,1.1,1.1,1.1,1.1,1.05,1.05,1.05,1.05,1.05,1.0499999523162842,1.05,1.05,1.04,1.0499999523162842,1.05,1.04,1.0499999523162842,1.03,1.04,1.1200000047683716,1.12,1.1200000047683716,1.12,1.12,1.12,1.12,1.12,1.1200000047683716,1.12,1.12,1.12,1.12,1.0,1.0,1.01,1.0,1.01,1.08,1.08,1.08,1.09,1.08,1.09,1.08,1.08,1.09,1.1
0.1125340206185566,0.225752277123432,0.049746532890794,0.5193189667457985,0.8910412567814334,0.0853391091294367,0.1787656090071648,0.3808249999999999,0.8606246987951807,0.0601581920903954,0.885686347989019,0.2418729743689069,0.0,0.3015133335330762,0.1134354794142028,0.2933946131315502,0.1902514167954662,0.2634462056227855,0.0698453997874099,0.1277385881104034,0.8485497084615397,0.046,0.1562942564487457,0.5139696598052979,0.2925105690956116,0.3715148270130157,0.8359639644622803,0.8359639644622803,0.8359639644622803,0.83143150806427,0.3568197786808014,0.2431613504886627,0.4287612438201904,0.6788175106048584,0.4018468856811523,0.6816049218177795,0.4676717221736908,0.0752870664000511,0.4830563068389892,0.5133463144302368,0.271991103887558,0.4788423180580139,0.4788423180580139,0.4788423180580139,0.3564580082893371,0.4484821259975433,0.3373302519321441,0.3121491372585296,0.8187302350997925,0.8187302350997925,0.8187302350997925,0.960171401500702,0.3707765340805053,1.11,1.11,1.11,1.11,1.11,1.12,1.09,1.08,1.08,1.06,1.05,1.08,1.08,1.08,1.06,1.05,1.06,1.05,1.08,1.06,1.06,1.06,1.13,1.13,1.13,1.13,1.13,1.13,1.1,1.1,1.1,1.1,1.1,1.1,1.1,1.1,1.1,1.12,1.13,1.13,1.13,1.13,1.13,1.13,1.09,1.09,1.09,1.1,1.09,1.11,1.09,1.08,1.1,1.1,1.11,1.11,1.1,1.05,1.05,1.05,1.05,1.05,1.0499999523162842,1.05,1.05,1.04,1.0499999523162842,1.05,1.04,1.0499999523162842,1.03,1.04,1.1200000047683716,1.12,1.1200000047683716,1.12,1.12,1.12,1.12,1.12,1.1200000047683716,1.12,1.12,1.12,1.12,1.0,1.0,1.01,1.0,1.01,1.09,1.09,1.09,1.1,1.09,1.1,1.09,1.09,1.1,1.1
0.0978694158075601,0.1981191042676075,0.0509287342572388,0.5057932964694469,0.8611935579759882,0.071705169521455,0.1521988461896343,0.3567749999999999,0.8484051204819277,0.047228813559322,0.8839831365201097,0.264774807928207,0.0,0.3045579048496025,0.1419920872164586,0.2766167956741133,0.1692648119526017,0.2488488841664216,0.0888628203614031,0.2132611464968153,0.8283273830460793,0.0495,0.1544013619422912,0.50272536277771,0.3159039616584778,0.3695095181465149,0.7889998555183411,0.7889998555183411,0.7889998555183411,0.851146936416626,0.3669194877147674,0.2543447017669678,0.4076779186725616,0.6723538041114807,0.4041556119918823,0.6615356802940369,0.4609743058681488,0.063519649207592,0.4596566557884216,0.515310525894165,0.2580365240573883,0.5005344152450562,0.5005344152450562,0.5005344152450562,0.3477391004562378,0.4289275407791137,0.3446959555149078,0.285765528678894,0.8197218179702759,0.8197218179702759,0.8197218179702759,0.96394145488739,0.3808759450912475,1.11,1.11,1.11,1.12,1.12,1.12,1.09,1.08,1.08,1.06,1.05,1.08,1.08,1.08,1.06,1.05,1.06,1.05,1.08,1.06,1.06,1.06,1.13,1.13,1.13,1.13,1.13,1.13,1.1,1.11,1.1,1.1,1.1,1.1,1.11,1.1,1.1,1.12,1.13,1.13,1.13,1.13,1.13,1.13,1.09,1.09,1.09,1.1,1.09,1.11,1.09,1.08,1.1,1.1,1.11,1.11,1.1,1.04,1.04,1.04,1.04,1.04,1.0399999618530271,1.04,1.05,1.04,1.0399999618530271,1.04,1.04,1.0399999618530271,1.03,1.05,1.1299999952316284,1.13,1.1299999952316284,1.13,1.13,1.13,1.13,1.13,1.1299999952316284,1.13,1.12,1.12,1.12,1.0,1.0,1.0,1.0,1.01,1.1,1.09,1.09,1.1,1.09,1.1,1.1,1.09,1.1,1.1
0.1029630829651448,0.2035528211066216,0.0616679141459213,0.488792895771391,0.9063757942978704,0.030989095885573,0.1631668372569089,0.35545,0.836598313253012,0.0475875706214689,0.8869142446293955,0.3170740525534249,0.009,0.2820332228177695,0.1389344620563189,0.2150331059251873,0.1537302936630603,0.2575352650827985,0.1213242588874454,0.1914092356687898,0.9175700750477698,0.219,0.1527990102767944,0.4925450980663299,0.3534021377563476,0.3524811267852783,0.7925624251365662,0.7925624251365662,0.7925624251365662,0.8773776888847351,0.3742131292819977,0.2643962800502777,0.4246145188808441,0.6646341681480408,0.4308180809020996,0.6575091481208801,0.4547716379165649,0.0576885193586349,0.4726988673210144,0.5224429368972778,0.2502103745937347,0.4956549108028412,0.4956549108028412,0.4956549108028412,0.3288138508796692,0.4316478669643402,0.3599056303501129,0.2992108464241028,0.8286060094833374,0.8286060094833374,0.8286060094833374,0.964567005634308,0.393029510974884,1.12,1.12,1.12,1.12,1.12,1.12,1.09,1.08,1.08,1.06,1.05,1.08,1.08,1.08,1.06,1.05,1.06,1.05,1.08,1.06,1.06,1.06,1.13,1.13,1.13,1.13,1.13,1.13,1.11,1.11,1.11,1.11,1.11,1.11,1.11,1.11,1.1,1.12,1.13,1.13,1.13,1.13,1.13,1.13,1.09,1.09,1.09,1.1,1.09,1.11,1.09,1.08,1.1,1.1,1.11,1.11,1.11,1.04,1.04,1.04,1.04,1.04,1.0399999618530271,1.04,1.05,1.04,1.0399999618530271,1.04,1.04,1.0399999618530271,1.03,1.04,1.1299999952316284,1.13,1.1299999952316284,1.13,1.13,1.13,1.13,1.13,1.1299999952316284,1.13,1.12,1.12,1.12,1.0,1.0,1.0,1.0,1.01,1.1,1.1,1.1,1.11,1.1,1.1,1.1,1.1,1.11,1.1
0.0588757977417771,0.2091379801499652,0.0730442625703886,0.4722659799121691,0.937733096442575,0.0372620298428394,0.1580926770261468,0.350375,0.8037813855421687,0.1380847457627118,0.8857571571746045,0.2627892375234036,0.31,0.2742379847176126,0.0736321434851415,0.1686947036839852,0.1490911901081917,0.2784354623305838,0.1582624601393646,0.0917417728237792,0.8777649781947792,0.1765,0.1496524959802627,0.4781473577022552,0.3466969728469848,0.3414915800094604,0.7980132699012756,0.7980132699012756,0.7980132699012756,0.8970552086830139,0.3347756266593933,0.2736276090145111,0.4497316181659698,0.644325852394104,0.4195858240127563,0.6560362577438354,0.4291876554489136,0.0577843487262725,0.489111453294754,0.5203222632408142,0.2477856576442718,0.5380947589874268,0.5380947589874268,0.5380947589874268,0.3145093619823456,0.4498908221721649,0.3922525346279144,0.3133541047573089,0.8949579000473022,0.8949579000473022,0.8949579000473022,0.9631780385971068,0.3527152836322784,1.12,1.12,1.12,1.12,1.12,1.12,1.1,1.09,1.09,1.07,1.06,1.09,1.09,1.09,1.06,1.06,1.07,1.05,1.09,1.07,1.06,1.06,1.13,1.13,1.13,1.13,1.13,1.13,1.11,1.11,1.11,1.11,1.11,1.11,1.11,1.11,1.1,1.12,1.13,1.13,1.13,1.13,1.14,1.13,1.09,1.09,1.09,1.1,1.09,1.11,1.09,1.08,1.1,1.1,1.11,1.11,1.11,1.05,1.05,1.05,1.05,1.05,1.0499999523162842,1.05,1.05,1.04,1.0499999523162842,1.05,1.04,1.0499999523162842,1.03,1.04,1.1299999952316284,1.13,1.1299999952316284,1.13,1.13,1.13,1.13,1.13,1.1299999952316284,1.13,1.13,1.12,1.13,1.0,1.0,1.0,1.0,1.01,1.1,1.1,1.1,1.11,1.1,1.1,1.1,1.1,1.11,1.11
0.056294648993618,0.106649935419086,0.0756895378815371,0.3529183021684331,0.91611199691239,0.0060343016069221,0.1578467479296548,0.1698999999999999,0.7768278313253012,0.0262259887005649,0.9114808924136126,0.0790301181483633,0.59,0.2026447126604794,0.0564544198548067,0.227602954385305,0.1527704791344667,0.1635652305482789,0.2362003956537144,0.0743052016985138,0.8751305952315505,0.0,0.1457305550575256,0.3380535840988159,0.3673217296600342,0.2817793786525726,0.8492896556854248,0.8492896556854248,0.8492896556854248,0.8751876950263977,0.1498967856168747,0.2925637066364288,0.3389619290828705,0.6311107277870178,0.2077273726463318,0.6369349360466003,0.2590686678886413,0.0599340721964836,0.3830586671829223,0.5427947640419006,0.20158252120018,0.5670890212059021,0.5670890212059021,0.5670890212059021,0.3104400336742401,0.2942917644977569,0.4761146903038025,0.2261295765638351,0.9830036759376526,0.9830036759376526,0.9830036759376526,0.957225263118744,0.1523565798997879,1.12,1.12,1.13,1.12,1.12,1.13,1.1,1.09,1.09,1.07,1.05,1.09,1.09,1.09,1.06,1.06,1.07,1.05,1.09,1.07,1.06,1.06,1.13,1.13,1.13,1.13,1.13,1.13,1.12,1.12,1.11,1.11,1.11,1.11,1.11,1.11,1.11,1.13,1.14,1.13,1.14,1.13,1.14,1.14,1.09,1.09,1.09,1.1,1.09,1.11,1.09,1.09,1.1,1.1,1.11,1.11,1.11,1.05,1.05,1.05,1.05,1.05,1.0499999523162842,1.05,1.05,1.04,1.0499999523162842,1.05,1.04,1.0499999523162842,1.03,1.04,1.1299999952316284,1.13,1.1299999952316284,1.13,1.13,1.13,1.13,1.13,1.1299999952316284,1.13,1.13,1.13,1.13,0.99,0.99,1.0,0.99,1.0,1.11,1.11,1.11,1.11,1.11,1.11,1.11,1.11,1.11,1.11
0.0545005400098183,0.0,0.0771108939711298,0.0381794716901138,0.8653914304308084,0.0,0.1766911696287336,0.0,0.8511586144578314,0.0,0.8971891585690007,0.0,0.529,0.0101770776855246,0.1136025270667437,0.038832856010771,0.1520680061823802,0.0,0.2969605232077478,0.0454524946921443,0.8589953346111275,0.0,0.1656509786844253,0.0505109764635562,0.4061171412467956,0.1156475916504859,0.8452215194702148,0.8452215194702148,0.8452215194702148,0.8356100916862488,0.0078297117725014,0.3313214182853699,0.0843660160899162,0.6357032060623169,0.0102552585303783,0.6300146579742432,0.0302143637090921,0.0711336284875869,0.0915573313832283,0.5589297413825989,0.0638816505670547,0.6476184129714966,0.6476184129714966,0.6476184129714966,0.3226243257522583,0.043464969843626,0.5859901309013367,0.0629516392946243,0.9830036759376526,0.9830036759376526,0.9830036759376526,0.947711944580078,0.0050243586301803,1.12,1.12,1.13,1.13,1.13,1.13,1.1,1.09,1.09,1.06,1.06,1.09,1.09,1.1,1.06,1.06,1.07,1.05,1.09,1.07,1.06,1.06,1.13,1.13,1.13,1.13,1.13,1.13,1.12,1.12,1.11,1.11,1.12,1.12,1.11,1.12,1.11,1.13,1.14,1.14,1.14,1.13,1.14,1.14,1.1,1.1,1.1,1.1,1.1,1.11,1.1,1.09,1.1,1.1,1.11,1.11,1.11,1.04,1.04,1.04,1.04,1.04,1.0399999618530271,1.04,1.05,1.04,1.0399999618530271,1.04,1.04,1.0399999618530271,1.03,1.04,1.1299999952316284,1.13,1.1299999952316284,1.13,1.13,1.13,1.13,1.13,1.1299999952316284,1.13,1.13,1.13,1.13,0.99,0.99,1.0,0.99,1.0,1.11,1.11,1.11,1.11,1.11,1.11,1.11,1.11,1.11,1.11
0.0717897889052528,0.0,0.1089523715179485,6.791381110478704e-5,0.7731907405523806,0.0,0.2311012375546664,0.0,0.855234096385542,0.0,0.8791488518018213,0.0,0.489,0.0,0.1185670074606245,0.0001224657112851,0.1609142194744977,0.0,0.3242638183536082,0.0,0.8606673816561695,0.0,0.1931845098733902,0.0,0.4338297545909881,0.000387951527955,0.8933665156364441,0.8933665156364441,0.8933665156364441,0.8091028928756714,0.0,0.3459450602531433,0.0,0.6378428936004639,0.0,0.6182243227958679,0.0,0.0802458226680755,0.0,0.5623872876167297,5.598654752247967e-6,0.6968069672584534,0.6968069672584534,0.6968069672584534,0.3132728338241577,0.0,0.6105180978775024,0.0,0.9830036759376526,0.9830036759376526,0.9830036759376526,0.9415658116340636,0.0,1.13,1.13,1.13,1.13,1.13,1.13,1.1,1.09,1.09,1.06,1.05,1.09,1.09,1.1,1.06,1.06,1.07,1.05,1.09,1.07,1.06,1.06,1.12,1.12,1.12,1.12,1.12,1.12,1.12,1.12,1.12,1.11,1.12,1.12,1.12,1.12,1.11,1.12,1.13,1.13,1.13,1.13,1.13,1.13,1.1,1.1,1.1,1.1,1.1,1.11,1.1,1.09,1.1,1.1,1.11,1.11,1.11,1.04,1.04,1.04,1.04,1.04,1.0399999618530271,1.04,1.05,1.03,1.0399999618530271,1.04,1.04,1.0399999618530271,1.03,1.04,1.1299999952316284,1.13,1.1299999952316284,1.13,1.13,1.13,1.13,1.13,1.1299999952316284,1.13,1.13,1.13,1.13,0.99,0.99,0.99,0.99,1.0,1.12,1.11,1.11,1.12,1.11,1.11,1.12,1.11,1.12,1.11
0.056240353460972,0.0,0.131760263375914,0.0,0.8458680757679018,0.0,0.2886911696287336,0.0,0.8525430120481927,0.0,0.8943877728877074,0.0,0.562,0.0,0.1364017935642694,0.0,0.1793281813498197,0.0,0.3349570390929491,0.0,0.858903483166053,0.0,0.1920680999755859,0.0,0.4444949924945831,0.0,0.9464426040649414,0.9464426040649414,0.9464426040649414,0.8023015260696411,0.0,0.3459500670433044,0.0,0.6313977241516113,0.0,0.5908893942832947,0.0,0.0770240277051925,0.0,0.5558649301528931,0.0,0.7589919567108154,0.7589919567108154,0.7589919567108154,0.2985625267028808,0.0,0.6131470799446106,0.0,0.9830036759376526,0.9830036759376526,0.9830036759376526,0.9385870099067688,0.0,1.11,1.11,1.11,1.12,1.12,1.11,1.09,1.09,1.08,1.06,1.05,1.09,1.09,1.09,1.05,1.05,1.06,1.05,1.09,1.07,1.05,1.05,1.11,1.11,1.11,1.11,1.1,1.11,1.12,1.11,1.11,1.11,1.11,1.12,1.11,1.11,1.11,1.1,1.11,1.11,1.11,1.11,1.11,1.11,1.09,1.09,1.09,1.09,1.09,1.1,1.09,1.09,1.1,1.09,1.1,1.1,1.1,1.04,1.04,1.04,1.04,1.04,1.0399999618530271,1.04,1.04,1.03,1.0399999618530271,1.04,1.04,1.0399999618530271,1.03,1.04,1.1299999952316284,1.13,1.1299999952316284,1.13,1.13,1.12,1.13,1.12,1.1299999952316284,1.13,1.12,1.12,1.12,1.0,0.99,1.0,0.99,1.01,1.11,1.11,1.11,1.12,1.11,1.1,1.11,1.11,1.12,1.1
0.046147471772214,0.0,0.1252454359589522,0.0,0.8637110000588337,0.0,0.3089813901553922,0.0,0.8454109638554217,0.0,0.8780890670617456,0.0,0.76,0.0,0.1618652566002662,0.0,0.180387944358578,0.0,0.2579006436754458,0.0,0.8345681983087998,0.0,0.1686285138130188,0.0,0.444515198469162,0.0,0.9639798402786256,0.9639798402786256,0.9639798402786256,0.7926850318908691,0.0,0.3436992764472961,0.0,0.6152238249778748,0.0,0.5413254499435425,0.0,0.0753201097249984,0.0,0.5568728446960449,0.0,0.8234044909477234,0.8234044909477234,0.8234044909477234,0.2810057997703552,0.0,0.600796103477478,0.0,0.9830036759376526,0.9830036759376526,0.9830036759376526,0.9370104670524596,0.0,1.09,1.09,1.09,1.09,1.09,1.09,1.08,1.08,1.07,1.06,1.05,1.08,1.08,1.08,1.05,1.05,1.06,1.04,1.08,1.07,1.05,1.05,1.09,1.09,1.09,1.09,1.09,1.09,1.1,1.1,1.1,1.09,1.1,1.1,1.1,1.1,1.1,1.09,1.1,1.1,1.1,1.1,1.1,1.1,1.08,1.08,1.08,1.08,1.08,1.09,1.08,1.08,1.09,1.08,1.09,1.09,1.09,1.03,1.03,1.03,1.03,1.03,1.0299999713897705,1.03,1.03,1.02,1.0299999713897705,1.03,1.03,1.0299999713897705,1.02,1.03,1.100000023841858,1.1,1.100000023841858,1.1,1.1,1.1,1.1,1.1,1.100000023841858,1.1,1.1,1.1,1.1,0.99,0.99,0.99,0.99,1.0,1.09,1.09,1.09,1.1,1.09,1.09,1.09,1.09,1.1,1.09
0.0261085910652921,0.0,0.1303718534015466,0.0,0.816584673148849,0.0,0.3803369312366241,0.0,0.8493252409638554,0.0,0.8980581288945052,0.0,0.601,0.0,0.2042529327538999,0.0,0.1767091705306543,0.0,0.2711704854139601,0.0,0.8516925107855886,0.0,0.1558008193969726,0.0,0.4431374669075012,0.0,0.9713574647903442,0.9713574647903442,0.9713574647903442,0.7750375270843506,0.0,0.3506552577018738,0.0,0.5983893871307373,0.0,0.4993869960308075,0.0,0.0738797411322593,0.0,0.558509349822998,0.0,0.921155333518982,0.921155333518982,0.921155333518982,0.2646052837371826,0.0,0.5860583186149597,0.0,0.9830036759376526,0.9830036759376526,0.9830036759376526,0.9378564953804016,0.0,1.07,1.07,1.07,1.07,1.07,1.07,1.06,1.06,1.07,1.06,1.05,1.06,1.06,1.06,1.05,1.05,1.06,1.04,1.06,1.07,1.04,1.04,1.08,1.08,1.08,1.08,1.08,1.08,1.08,1.08,1.08,1.07,1.08,1.08,1.08,1.08,1.08,1.08,1.09,1.08,1.08,1.08,1.08,1.08,1.06,1.06,1.06,1.06,1.06,1.06,1.06,1.06,1.06,1.06,1.06,1.07,1.06,1.02,1.02,1.02,1.02,1.02,1.0199999809265137,1.02,1.02,1.01,1.0199999809265137,1.02,1.02,1.0199999809265137,1.01,1.02,1.0800000429153442,1.08,1.0800000429153442,1.08,1.08,1.09,1.08,1.08,1.0800000429153442,1.08,1.08,1.08,1.08,0.99,0.99,0.99,0.99,1.0,1.08,1.07,1.07,1.09,1.08,1.07,1.07,1.07,1.09,1.08
0.0107314678448699,0.0,0.1918067251801654,0.0,0.7934224995501167,0.0,0.3965269377500697,0.0,0.8495563253012048,0.0,0.84443078129766,0.0,0.864,0.0,0.2231639830189153,0.0,0.2476254507985574,0.0,0.2339365182473131,0.0,0.8928773049679918,0.0,0.1523056030273437,0.0,0.4480774700641632,0.0,0.980183720588684,0.980183720588684,0.980183720588684,0.7530252933502197,0.0,0.3613262176513672,0.0,0.5764244794845581,0.0,0.4579963386058807,0.0,0.0720957517623901,0.0,0.5570444464683533,0.0,0.9561034440994264,0.9561034440994264,0.9561034440994264,0.2445157468318939,0.0,0.571895182132721,0.0,0.9830036759376526,0.9830036759376526,0.9830036759376526,0.9343531131744384,0.0,1.06,1.05,1.06,1.06,1.06,1.06,1.05,1.06,1.06,1.06,1.04,1.06,1.06,1.06,1.04,1.04,1.05,1.03,1.06,1.07,1.03,1.03,1.07,1.08,1.08,1.07,1.07,1.07,1.07,1.07,1.06,1.05,1.06,1.06,1.06,1.06,1.06,1.07,1.08,1.08,1.08,1.08,1.08,1.08,1.05,1.05,1.05,1.05,1.05,1.05,1.05,1.05,1.05,1.05,1.05,1.05,1.05,1.02,1.02,1.02,1.02,1.02,1.0199999809265137,1.02,1.01,1.01,1.0199999809265137,1.02,1.01,1.0199999809265137,1.0,1.01,1.0700000524520874,1.07,1.0700000524520874,1.07,1.07,1.08,1.07,1.07,1.0700000524520874,1.07,1.07,1.07,1.07,0.99,0.98,0.99,0.99,0.99,1.06,1.06,1.06,1.07,1.06,1.06,1.06,1.06,1.07,1.06
0.0056651939126165,0.0,0.2914602640517001,0.0,0.7762612091311786,0.0,0.391434539871592,0.0,0.8445292771084337,0.0,0.7680687175911803,0.0,0.858,0.0,0.2549513175412595,0.0,0.2611246780010304,0.0,0.1757539270107476,0.0,0.93169473304102,0.0,0.1368129700422287,0.0,0.4519083797931671,0.0,0.9796332716941832,0.9796332716941832,0.9796332716941832,0.7414179444313049,0.0,0.3652389943599701,0.0,0.54716956615448,0.0,0.4206347465515136,0.0,0.0672910884022712,0.0,0.5473809242248535,0.0,0.9769112467765808,0.9769112467765808,0.9769112467765808,0.2356592714786529,0.0,0.5339180827140808,0.0,0.9816427826881408,0.9816427826881408,0.9816427826881408,0.930595338344574,0.0,1.05,1.05,1.05,1.05,1.05,1.05,1.04,1.05,1.05,1.05,1.04,1.05,1.05,1.05,1.04,1.04,1.04,1.03,1.05,1.06,1.02,1.03,1.07,1.07,1.07,1.07,1.06,1.07,1.06,1.05,1.05,1.05,1.05,1.05,1.05,1.05,1.05,1.06,1.07,1.07,1.07,1.07,1.07,1.07,1.05,1.05,1.05,1.04,1.05,1.05,1.05,1.05,1.04,1.04,1.05,1.05,1.04,1.02,1.02,1.02,1.02,1.02,1.0199999809265137,1.02,1.01,1.01,1.0199999809265137,1.02,1.01,1.0199999809265137,1.0,1.01,1.059999942779541,1.06,1.059999942779541,1.06,1.06,1.07,1.06,1.07,1.059999942779541,1.06,1.06,1.06,1.06,0.99,0.99,0.99,0.99,0.99,1.05,1.05,1.05,1.06,1.05,1.06,1.05,1.05,1.06,1.06
0.0082965144820814,0.0,0.3133663133214507,0.0,0.7948411139900997,0.0,0.4055528054340746,0.0,0.83986578313253,0.0,0.7093856812933025,0.0,0.891,0.0,0.2556079529754578,0.0,0.3148925811437403,0.0,0.1185451458603992,0.0,0.9159371039561748,0.0,0.1261818557977676,0.0,0.4571574330329895,0.0,0.9581281542778016,0.9581281542778016,0.9581281542778016,0.7318381071090698,0.0,0.3655281960964203,0.0,0.5222529768943787,0.0,0.3911470174789428,0.0,0.0661226287484169,0.0,0.5413898825645447,0.0,0.9690885543823242,0.9690885543823242,0.9690885543823242,0.2293408811092376,0.0,0.5042884945869446,0.0,0.9763965010643004,0.9763965010643004,0.9763965010643004,0.925469160079956,0.0,1.04,1.04,1.04,1.05,1.05,1.05,1.04,1.04,1.05,1.05,1.04,1.04,1.04,1.04,1.04,1.04,1.04,1.03,1.04,1.06,1.01,1.03,1.07,1.07,1.07,1.07,1.06,1.07,1.05,1.05,1.04,1.04,1.04,1.04,1.04,1.04,1.04,1.06,1.07,1.07,1.07,1.07,1.07,1.07,1.04,1.04,1.04,1.04,1.04,1.04,1.04,1.04,1.04,1.04,1.04,1.04,1.04,1.01,1.01,1.01,1.01,1.01,1.0099999904632568,1.01,1.01,1.01,1.0099999904632568,1.01,1.01,1.0099999904632568,1.0,1.01,1.059999942779541,1.06,1.059999942779541,1.06,1.06,1.07,1.06,1.06,1.059999942779541,1.06,1.06,1.06,1.06,0.99,0.99,0.99,0.99,0.99,1.05,1.05,1.05,1.05,1.04,1.05,1.05,1.05,1.05,1.05
0.0315463917525773,0.0,0.3167879206641831,0.0,0.7945616672852176,0.0,0.3792874290499674,0.0,0.8347877108433734,0.0,0.7720282365244673,0.0,0.863,0.0,0.2449865357080057,0.0,0.3233768675940237,0.0,0.128449982284162,0.0,0.9246320815575428,0.0,0.1236278563737869,0.0,0.4377606213092804,0.0,0.9083466529846193,0.9083466529846193,0.9083466529846193,0.7023488283157349,0.0,0.3656643033027649,0.0,0.4919187426567077,0.0,0.3674109280109405,0.0,0.0633406639099121,0.0,0.5327181816101074,0.0,0.958063542842865,0.958063542842865,0.958063542842865,0.2286281436681747,0.0,0.4886752963066101,0.0,0.9819888472557068,0.9819888472557068,0.9819888472557068,0.9215199947357178,0.0,1.04,1.04,1.04,1.04,1.04,1.04,1.04,1.04,1.05,1.05,1.04,1.04,1.04,1.04,1.04,1.04,1.04,1.03,1.04,1.06,1.01,1.02,1.07,1.07,1.07,1.07,1.07,1.07,1.05,1.05,1.04,1.04,1.04,1.04,1.04,1.04,1.04,1.06,1.07,1.07,1.07,1.06,1.07,1.07,1.04,1.04,1.04,1.04,1.04,1.04,1.04,1.04,1.04,1.04,1.04,1.04,1.04,1.01,1.01,1.01,1.01,1.01,1.0099999904632568,1.01,1.02,1.01,1.0099999904632568,1.01,1.01,1.0099999904632568,1.0,1.01,1.0499999523162842,1.05,1.0499999523162842,1.05,1.05,1.06,1.05,1.06,1.0499999523162842,1.05,1.05,1.05,1.05,0.99,0.99,0.99,0.99,0.99,1.05,1.05,1.05,1.05,1.05,1.05,1.05,1.05,1.05,1.05
0.0533922434953362,0.0,0.2898554776431619,0.0,0.7944221848748197,0.0,0.3758678701032846,0.0,0.8273838554216868,0.0,0.7554709137653056,0.0,0.824,0.0,0.2272141475545731,0.0,0.3355886141164348,0.0,0.1434567143025865,0.0,0.9279603512562734,0.0,0.1151676028966903,0.0,0.4300295412540436,0.0,0.8480503559112549,0.8480503559112549,0.8480503559112549,0.6773718595504761,0.0,0.3662824630737304,0.0,0.4633606374263763,0.0,0.3471979796886444,0.0,0.0579144172370433,0.0,0.5505378842353821,0.0,0.9346529841423036,0.9346529841423036,0.9346529841423036,0.2272661626338958,0.0,0.4839852154254913,0.0,0.9830036759376526,0.9830036759376526,0.9830036759376526,0.9141715168952942,0.0,1.04,1.04,1.04,1.05,1.05,1.05,1.04,1.04,1.05,1.05,1.04,1.04,1.04,1.04,1.04,1.04,1.05,1.03,1.04,1.06,1.01,1.03,1.08,1.08,1.08,1.08,1.07,1.08,1.05,1.05,1.05,1.05,1.04,1.04,1.05,1.04,1.04,1.07,1.08,1.07,1.07,1.07,1.07,1.07,1.04,1.04,1.04,1.04,1.04,1.04,1.04,1.04,1.04,1.04,1.04,1.04,1.04,1.01,1.01,1.01,1.01,1.01,1.0099999904632568,1.01,1.02,1.01,1.0099999904632568,1.01,1.01,1.0099999904632568,1.0,1.01,1.0499999523162842,1.05,1.0499999523162842,1.05,1.05,1.07,1.05,1.06,1.0499999523162842,1.05,1.06,1.05,1.06,0.99,0.99,0.99,0.99,0.99,1.06,1.06,1.06,1.06,1.06,1.06,1.06,1.06,1.06,1.06
0.0565439371624938,0.0,0.1835730257682343,0.0,0.8020508600917597,0.0,0.3571497161998697,0.0,0.8020280722891566,0.0,0.8275982831495926,0.0,0.862,0.0,0.2095246803486648,0.0,0.3538055126223596,0.0,0.1234480925947797,0.0,0.9082711591876118,0.0,0.1137640848755836,0.0,0.4142113327980041,0.0,0.7829191088676453,0.7829191088676453,0.7829191088676453,0.6684129238128662,0.0,0.3542300462722778,0.0,0.4304607808589935,0.0,0.3222559988498688,0.0,0.0510114803910255,0.0,0.5465563535690308,0.0,0.9133613705635072,0.9133613705635072,0.9133613705635072,0.2144062370061874,0.0,0.4853946268558502,0.0,0.9829574227333068,0.9829574227333068,0.9829574227333068,0.9121252298355104,0.0,1.06,1.06,1.06,1.06,1.06,1.06,1.04,1.04,1.05,1.05,1.04,1.04,1.04,1.04,1.04,1.04,1.05,1.03,1.04,1.06,1.02,1.03,1.09,1.09,1.09,1.09,1.09,1.09,1.06,1.06,1.06,1.06,1.06,1.06,1.06,1.06,1.05,1.08,1.09,1.09,1.09,1.09,1.09,1.09,1.06,1.06,1.06,1.05,1.06,1.05,1.06,1.05,1.05,1.05,1.05,1.05,1.05,1.02,1.02,1.02,1.02,1.02,1.0199999809265137,1.02,1.02,1.01,1.0199999809265137,1.02,1.02,1.0199999809265137,1.0,1.02,1.059999942779541,1.06,1.059999942779541,1.06,1.06,1.07,1.06,1.07,1.059999942779541,1.06,1.06,1.06,1.06,0.99,0.99,0.99,0.99,0.99,1.07,1.07,1.08,1.07,1.08,1.08,1.07,1.08,1.07,1.08
0.0720373097692685,0.0,0.1563099881908644,0.0,0.794108066778519,0.0,0.3717341583697776,0.0,0.7731440361445784,0.0,0.8056229029587345,0.0,0.884,0.0,0.1199265492727775,0.0,0.3777096857290057,0.0,0.1259956596197,0.0,0.9033311856487188,0.0,0.1127051934599876,0.0,0.382350891828537,0.0,0.7070842981338501,0.7070842981338501,0.7070842981338501,0.6551130414009094,0.0,0.3469290733337402,0.0,0.3958527147769928,0.0,0.2857983410358429,0.0,0.0466597378253936,0.0,0.5429977178573608,0.0,0.8885552883148193,0.8885552883148193,0.8885552883148193,0.2035172432661056,0.0,0.4782278537750244,0.0,0.9830036759376526,0.9830036759376526,0.9830036759376526,0.9107401371002196,0.0,1.07,1.07,1.08,1.08,1.08,1.08,1.05,1.06,1.06,1.06,1.04,1.06,1.06,1.06,1.04,1.04,1.05,1.03,1.06,1.07,1.03,1.03,1.1,1.11,1.1,1.11,1.1,1.1,1.07,1.07,1.07,1.07,1.07,1.07,1.07,1.07,1.06,1.11,1.11,1.11,1.11,1.11,1.11,1.11,1.07,1.07,1.07,1.06,1.07,1.06,1.07,1.06,1.06,1.06,1.06,1.06,1.06,1.03,1.03,1.03,1.03,1.03,1.0299999713897705,1.03,1.03,1.02,1.0299999713897705,1.03,1.02,1.0299999713897705,1.01,1.02,1.0700000524520874,1.07,1.0700000524520874,1.07,1.07,1.08,1.07,1.08,1.0700000524520874,1.07,1.07,1.07,1.07,0.99,0.99,0.99,0.99,1.0,1.09,1.09,1.09,1.09,1.1,1.09,1.09,1.09,1.09,1.09
0.1012763868433971,0.0,0.1495138741834584,0.0,0.7918996188446528,0.0,0.3624468223690332,0.0,0.7163419277108434,0.0,0.824617063924354,0.0,0.695,0.0,0.0989135371398427,0.0,0.3036756826378156,0.0,0.1222353844336837,0.0,0.9100449915849932,0.0,0.110573872923851,0.0,0.3543338775634765,0.0,0.6750854849815369,0.6750854849815369,0.6750854849815369,0.622491180896759,0.0,0.3346717655658722,0.0,0.3669707775115967,0.0,0.2623947560787201,0.0,0.0418163202702999,0.0,0.5376850962638855,0.0,0.8417237401008606,0.8417237401008606,0.8417237401008606,0.1894325464963913,0.0,0.4993247985839844,0.0,0.9830036759376526,0.9830036759376526,0.9830036759376526,0.9102253913879396,0.0,1.07,1.08,1.08,1.08,1.08,1.08,1.05,1.06,1.06,1.06,1.04,1.06,1.06,1.06,1.04,1.04,1.05,1.03,1.06,1.07,1.03,1.04,1.11,1.12,1.11,1.11,1.11,1.11,1.08,1.08,1.08,1.08,1.08,1.08,1.08,1.08,1.07,1.11,1.12,1.12,1.12,1.12,1.12,1.12,1.08,1.08,1.08,1.07,1.07,1.07,1.08,1.07,1.06,1.06,1.07,1.07,1.07,1.03,1.03,1.03,1.03,1.03,1.0299999713897705,1.03,1.03,1.02,1.0299999713897705,1.03,1.02,1.0299999713897705,1.01,1.02,1.0800000429153442,1.08,1.0800000429153442,1.08,1.08,1.09,1.08,1.08,1.0800000429153442,1.08,1.08,1.08,1.08,1.0,1.0,1.0,1.0,1.0,1.1,1.1,1.1,1.09,1.1,1.1,1.1,1.1,1.09,1.1
0.1051742758959254,0.0,0.1588111519206087,0.0,0.7863553798043257,0.0,0.3276479947892434,0.0,0.646274156626506,0.0,0.8375031156041657,0.0,0.193,0.0,0.0970734758471702,0.0,0.300713549716641,0.0,0.108937108775245,0.0,0.90033034500645,0.0,0.1120950579643249,0.0,0.3352577984333038,0.0,0.6575444936752319,0.6575444936752319,0.6575444936752319,0.6063458919525146,0.0,0.3163758516311645,0.0,0.3306837677955627,0.0,0.2411068528890609,0.0,0.0373184271156787,0.0,0.5199819803237915,0.0,0.7723963260650635,0.7723963260650635,0.7723963260650635,0.1707490980625152,0.0,0.5075504183769226,0.0,0.9830036759376526,0.9830036759376526,0.9830036759376526,0.9074237942695618,0.0,1.08,1.08,1.09,1.09,1.09,1.09,1.06,1.06,1.06,1.05,1.04,1.06,1.06,1.06,1.04,1.04,1.05,1.03,1.06,1.06,1.03,1.04,1.12,1.12,1.12,1.12,1.12,1.12,1.09,1.09,1.09,1.08,1.08,1.08,1.09,1.08,1.08,1.12,1.12,1.12,1.12,1.12,1.12,1.12,1.08,1.08,1.08,1.07,1.08,1.07,1.08,1.07,1.07,1.07,1.07,1.07,1.07,1.03,1.03,1.03,1.03,1.03,1.0299999713897705,1.03,1.03,1.02,1.0299999713897705,1.03,1.02,1.0299999713897705,1.01,1.02,1.090000033378601,1.09,1.090000033378601,1.09,1.09,1.1,1.09,1.09,1.090000033378601,1.09,1.09,1.08,1.08,1.0,1.0,1.0,1.0,1.0,1.1,1.11,1.11,1.09,1.11,1.1,1.1,1.11,1.09,1.11
0.1046931762395679,0.0032366175126274,0.1442635328715822,0.0,0.7812391469921358,0.0255376125728412,0.323842560714618,0.0,0.5786448192771084,0.0,0.8086290034424157,0.0213657757117954,0.128,0.0,0.085827425958954,0.0,0.207112828438949,0.0003624299695146,0.120187256407228,0.0,0.8964308964071149,0.0,0.1140269786119461,0.007916372269392,0.3136146664619446,0.0,0.6676428914070129,0.6676428914070129,0.6676428914070129,0.5894437432289124,0.0231815669685602,0.2950414717197418,0.0,0.2925295531749725,0.0001011806671158,0.2237221896648407,0.0201055705547332,0.0340377800166606,0.0001602792472112,0.4967108070850372,0.0,0.6850007176399231,0.6850007176399231,0.6850007176399231,0.1567248702049255,0.0001774677220964,0.502490758895874,0.0,0.9830036759376526,0.9830036759376526,0.9830036759376526,0.9093267321586608,0.0242258384823799,1.09,1.09,1.1,1.09,1.09,1.1,1.06,1.06,1.06,1.05,1.04,1.06,1.06,1.06,1.04,1.04,1.05,1.03,1.06,1.06,1.03,1.04,1.12,1.13,1.12,1.12,1.12,1.12,1.09,1.09,1.09,1.09,1.09,1.09,1.09,1.09,1.09,1.13,1.13,1.13,1.13,1.13,1.13,1.13,1.08,1.08,1.08,1.07,1.08,1.07,1.08,1.08,1.07,1.07,1.07,1.08,1.07,1.04,1.04,1.04,1.04,1.04,1.0399999618530271,1.04,1.03,1.02,1.0399999618530271,1.04,1.03,1.0399999618530271,1.01,1.03,1.090000033378601,1.09,1.090000033378601,1.09,1.09,1.1,1.09,1.09,1.090000033378601,1.09,1.09,1.09,1.09,1.0,0.99,1.0,1.0,1.0,1.1,1.11,1.11,1.09,1.11,1.11,1.1,1.11,1.09,1.11
0.0996759941089838,0.1375322049911378,0.1710492854024841,0.1379940072528678,0.720623164283773,0.0707457840367296,0.280957011258956,0.066325,0.5456552409638554,0.0360790960451977,0.7755679550307203,0.1465205629801794,0.509,0.1043803393175966,0.0663492175136275,0.0081839220853341,0.1109507985574446,0.1287303523197964,0.1120188083146332,0.0017070063694267,0.8866104774282176,0.024,0.1098162680864334,0.2132328897714615,0.2998422682285309,0.0262792948633432,0.6866931319236755,0.6866931319236755,0.6866931319236755,0.5662152767181396,0.2082222700119018,0.2741595506668091,0.0527069047093391,0.2548654079437256,0.12947678565979,0.1953350603580474,0.2147520333528518,0.033261515200138,0.1006452664732933,0.4723560214042663,0.0068051232956349,0.5985677242279053,0.5985677242279053,0.5985677242279053,0.1501660495996475,0.1383554637432098,0.4766136109828949,0.0051433239132165,0.9830036759376526,0.9830036759376526,0.9830036759376526,0.9053267240524292,0.2261286377906799,1.09,1.09,1.1,1.1,1.1,1.1,1.07,1.07,1.06,1.05,1.04,1.07,1.07,1.07,1.04,1.04,1.05,1.04,1.07,1.06,1.03,1.04,1.13,1.13,1.13,1.13,1.13,1.13,1.09,1.09,1.09,1.09,1.09,1.09,1.09,1.09,1.09,1.13,1.13,1.13,1.13,1.13,1.13,1.13,1.08,1.08,1.08,1.07,1.08,1.08,1.08,1.08,1.07,1.07,1.08,1.08,1.08,1.05,1.05,1.05,1.05,1.05,1.0499999523162842,1.05,1.04,1.02,1.0499999523162842,1.05,1.03,1.0499999523162842,1.01,1.03,1.100000023841858,1.1,1.100000023841858,1.1,1.1,1.11,1.1,1.1,1.100000023841858,1.1,1.09,1.09,1.09,1.0,1.0,1.0,1.0,1.0,1.11,1.12,1.12,1.1,1.12,1.11,1.1,1.12,1.1,1.11
0.0671772214040255,0.2834496234705799,0.1660178777777895,0.5166538961524295,0.6862776316390844,0.1185024942609924,0.2770919326323625,0.3729749999999999,0.456106265060241,0.095319209039548,0.7580508954638546,0.2325937116663438,0.202,0.3321301760637258,0.0627768595041322,0.1571291101187689,0.116629829984544,0.3449845838160756,0.1159002007794968,0.0548935774946921,0.7534331328535421,0.087,0.0825638175010681,0.4772584438323974,0.2951888740062713,0.1795029193162918,0.6753142476081848,0.6753142476081848,0.6753142476081848,0.5149372816085815,0.3772679567337036,0.2563552260398865,0.2792859971523285,0.2029246985912323,0.3946993350982666,0.1592064946889877,0.4638819694519043,0.0298964437097311,0.3431175053119659,0.4391865730285644,0.1322236508131027,0.5078126788139343,0.5078126788139343,0.5078126788139343,0.1303815394639969,0.3980408012866974,0.4455146789550781,0.1401331275701522,0.9830036759376526,0.9830036759376526,0.9830036759376526,0.8901718854904175,0.4145112037658691,1.1,1.1,1.11,1.1,1.1,1.11,1.07,1.07,1.06,1.05,1.04,1.07,1.07,1.07,1.04,1.04,1.05,1.04,1.07,1.06,1.03,1.04,1.13,1.13,1.13,1.13,1.13,1.13,1.1,1.1,1.1,1.1,1.1,1.1,1.1,1.1,1.1,1.13,1.14,1.14,1.14,1.14,1.14,1.14,1.07,1.07,1.07,1.07,1.07,1.08,1.07,1.07,1.08,1.07,1.08,1.08,1.08,1.05,1.05,1.05,1.05,1.05,1.0499999523162842,1.05,1.04,1.03,1.0499999523162842,1.05,1.03,1.0499999523162842,1.01,1.03,1.100000023841858,1.1,1.100000023841858,1.1,1.1,1.11,1.1,1.1,1.100000023841858,1.1,1.1,1.09,1.09,0.99,0.99,0.99,0.99,1.0,1.11,1.12,1.12,1.1,1.12,1.11,1.11,1.12,1.1,1.12
0.1169366715758468,0.3558134449168757,0.1044059743697191,0.6151740761879485,0.6754141916150512,0.1546697642592265,0.1967162929189541,0.450325,0.3876425903614457,0.0616412429378531,0.7396631225761472,0.2579127768093485,0.07,0.4077490949469705,0.0567186063452988,0.3040247136030908,0.0399507985574446,0.3530905038754617,0.1059111550726349,0.2278816348195329,0.7384749716125616,0.1025,0.0547520704567432,0.543202817440033,0.2876663506031036,0.2765646874904632,0.6198704838752747,0.6198704838752747,0.6198704838752747,0.4851588308811188,0.3965727388858795,0.2163468599319458,0.425689697265625,0.1328637897968292,0.5147183537483215,0.140114814043045,0.5212475657463074,0.0205334387719631,0.4638694524765014,0.3846523761749267,0.3018248379230499,0.4310861229896545,0.4310861229896545,0.4310861229896545,0.1053556725382804,0.4963200986385345,0.4069772064685821,0.3123651146888733,0.9828430414199828,0.9828430414199828,0.9828430414199828,0.8892712593078613,0.4399296641349792,1.1,1.1,1.11,1.1,1.1,1.11,1.08,1.07,1.07,1.05,1.04,1.07,1.07,1.07,1.05,1.04,1.05,1.04,1.07,1.06,1.03,1.04,1.14,1.14,1.14,1.14,1.14,1.14,1.1,1.1,1.11,1.11,1.11,1.11,1.11,1.11,1.11,1.13,1.14,1.14,1.14,1.14,1.14,1.14,1.07,1.07,1.07,1.07,1.07,1.08,1.07,1.07,1.08,1.07,1.08,1.08,1.08,1.05,1.05,1.05,1.05,1.05,1.0499999523162842,1.05,1.04,1.03,1.0499999523162842,1.05,1.03,1.0499999523162842,1.01,1.03,1.100000023841858,1.1,1.100000023841858,1.1,1.1,1.11,1.1,1.1,1.100000023841858,1.1,1.1,1.1,1.1,0.99,0.99,0.99,0.99,0.99,1.11,1.12,1.12,1.1,1.12,1.12,1.11,1.12,1.1,1.12
0.109828178694158,0.2845102103380802,0.1107705510964233,0.6045875522450411,0.6343859179133106,0.1272633763023132,0.1796471573462361,0.377375,0.3538598192771083,0.1898418079096044,0.7549598675323544,0.2575084576150817,0.029,0.3988573756128004,0.0368335803461528,0.3356257500190643,0.0308088614116434,0.3394108108239828,0.0842643498287469,0.1114461252653928,0.6996805854505641,0.049,0.0441676378250122,0.5348226428031921,0.3056234419345855,0.2979687452316284,0.5783857107162476,0.5783857107162476,0.5783857107162476,0.4812207520008087,0.3842712342739105,0.1790254563093185,0.4244270920753479,0.090579017996788,0.4760788679122925,0.135547325015068,0.5214234590530396,0.0162158235907554,0.4739112854003906,0.3102791309356689,0.3143201172351837,0.3642820715904236,0.3642820715904236,0.3642820715904236,0.0966996476054191,0.4842808544635772,0.317224770784378,0.3376251459121704,0.9830036759376526,0.9830036759376526,0.9830036759376526,0.899355411529541,0.4073013961315155,1.1,1.1,1.11,1.11,1.11,1.11,1.08,1.07,1.07,1.05,1.04,1.07,1.07,1.07,1.04,1.04,1.05,1.04,1.07,1.06,1.03,1.04,1.14,1.14,1.14,1.14,1.14,1.14,1.1,1.1,1.12,1.12,1.12,1.12,1.12,1.12,1.11,1.14,1.14,1.14,1.14,1.14,1.14,1.14,1.07,1.07,1.07,1.08,1.07,1.08,1.07,1.08,1.08,1.07,1.08,1.08,1.08,1.06,1.06,1.06,1.06,1.06,1.059999942779541,1.06,1.04,1.03,1.059999942779541,1.06,1.03,1.059999942779541,1.01,1.03,1.100000023841858,1.1,1.100000023841858,1.1,1.1,1.11,1.1,1.1,1.100000023841858,1.1,1.1,1.1,1.1,0.99,0.98,0.99,0.98,0.99,1.11,1.12,1.12,1.1,1.12,1.12,1.11,1.12,1.1,1.12
0.1630927835051546,0.3073877257555257,0.0757417386262656,0.5681392205548302,0.592515877592782,0.118619459650362,0.1946856797245743,0.37455,0.3176174096385542,0.1488474576271186,0.7440091943004051,0.2135000645619472,0.039,0.363334842556296,0.0314698686226732,0.2957143381895463,0.0312387944358578,0.333801964464637,0.0480289063422699,0.1213484607218683,0.7481446388473715,0.1144999999999999,0.0382028259336948,0.5265958905220032,0.3182766437530517,0.3074263334274292,0.4974094331264496,0.4974094331264496,0.4974094331264496,0.4695672690868377,0.3887360394001007,0.1586323827505111,0.4220516681671142,0.0738400518894195,0.4375022053718567,0.1356218159198761,0.5102681517601013,0.0155763728544116,0.487770676612854,0.2617924213409424,0.3102257847785949,0.3020026385784149,0.3020026385784149,0.3020026385784149,0.0909475609660148,0.4665916562080383,0.25186687707901,0.3053324222564697,0.9825751781463624,0.9825751781463624,0.9825751781463624,0.9036744832992554,0.4023090302944183,1.11,1.11,1.12,1.11,1.11,1.12,1.08,1.08,1.07,1.05,1.04,1.08,1.08,1.08,1.04,1.04,1.05,1.03,1.08,1.06,1.03,1.04,1.14,1.14,1.14,1.14,1.14,1.14,1.11,1.1,1.12,1.12,1.12,1.12,1.12,1.12,1.11,1.14,1.14,1.14,1.14,1.14,1.15,1.14,1.06,1.06,1.07,1.08,1.07,1.08,1.06,1.07,1.08,1.08,1.08,1.08,1.08,1.06,1.06,1.06,1.06,1.06,1.059999942779541,1.06,1.04,1.03,1.059999942779541,1.06,1.03,1.059999942779541,1.01,1.03,1.100000023841858,1.1,1.100000023841858,1.1,1.1,1.11,1.1,1.1,1.100000023841858,1.1,1.1,1.1,1.1,0.99,0.98,0.99,0.98,0.99,1.12,1.12,1.12,1.11,1.12,1.12,1.11,1.12,1.11,1.12
0.1641433480608738,0.258903573522536,0.0727513596765756,0.5156344217813923,0.5750971218340553,0.1060905659544411,0.2168629384944636,0.321875,0.2528363855421686,0.2380762711864407,0.7572703821517278,0.2119181031699916,0.009,0.3448417809201946,0.0293857921575523,0.3056845173004527,0.0454062339000515,0.3211666072392536,0.0396082142435337,0.129109076433121,0.8342876057888472,0.077,0.0339036956429481,0.5285729765892029,0.3372578024864197,0.3022486567497253,0.4348088800907135,0.4348088800907135,0.4348088800907135,0.4587040245532989,0.3988618850708008,0.1507362872362136,0.4071751236915588,0.0647943317890167,0.4398200213909149,0.1434389799833297,0.5098757743835449,0.0187277402728796,0.4895917773246765,0.2273994833230972,0.2833423614501953,0.2498814910650253,0.2498814910650253,0.2498814910650253,0.0911618247628212,0.4753944873809814,0.201114997267723,0.2766743004322052,0.97795307636261,0.97795307636261,0.97795307636261,0.9023227691650392,0.4089644253253937,1.11,1.11,1.12,1.11,1.11,1.12,1.08,1.08,1.07,1.05,1.04,1.08,1.08,1.08,1.04,1.04,1.05,1.03,1.08,1.06,1.03,1.04,1.14,1.14,1.14,1.14,1.14,1.14,1.1,1.1,1.12,1.12,1.12,1.12,1.13,1.12,1.11,1.14,1.14,1.14,1.14,1.14,1.15,1.14,1.06,1.06,1.07,1.08,1.07,1.08,1.06,1.07,1.08,1.07,1.08,1.08,1.08,1.06,1.06,1.06,1.06,1.06,1.059999942779541,1.06,1.04,1.03,1.059999942779541,1.06,1.03,1.059999942779541,1.01,1.03,1.100000023841858,1.1,1.100000023841858,1.1,1.1,1.11,1.1,1.1,1.100000023841858,1.1,1.1,1.1,1.1,0.99,0.98,0.99,0.98,0.99,1.12,1.12,1.12,1.12,1.12,1.12,1.11,1.12,1.12,1.13
0.1455385370643102,0.2626441594342987,0.0885416145684712,0.5228872561025475,0.5537108041784399,0.1244128774501147,0.2396639992556062,0.39565,0.2601223493975903,0.0617485875706214,0.7793684256394614,0.2664346310284717,0.0,0.4051826618590492,0.0283234444472355,0.3082424408158731,0.0465613086038124,0.3177379021950399,0.0343021140899964,0.2015437898089172,0.8636827619153815,0.023,0.0352927930653095,0.5442041158676147,0.3662708103656769,0.2916121184825897,0.3579514920711517,0.3579514920711517,0.3579514920711517,0.4491408467292785,0.4012079834938049,0.1495392620563507,0.4225589334964752,0.0596578679978847,0.4846825301647186,0.1576807349920272,0.4955537319183349,0.0301765128970146,0.5087067484855652,0.2046558111906051,0.2632507383823395,0.2082944363355636,0.2082944363355636,0.2082944363355636,0.0922452360391616,0.5180217623710632,0.1766034960746765,0.2718344926834106,0.958812415599823,0.958812415599823,0.958812415599823,0.8960436582565308,0.4229744076728821,1.11,1.11,1.12,1.11,1.11,1.12,1.09,1.08,1.08,1.05,1.04,1.08,1.08,1.08,1.04,1.04,1.05,1.03,1.08,1.06,1.03,1.04,1.14,1.14,1.14,1.14,1.14,1.14,1.1,1.1,1.12,1.11,1.12,1.12,1.12,1.12,1.11,1.14,1.15,1.14,1.14,1.14,1.15,1.14,1.06,1.06,1.07,1.07,1.07,1.08,1.06,1.07,1.08,1.07,1.08,1.08,1.08,1.05,1.05,1.05,1.05,1.05,1.0499999523162842,1.05,1.04,1.03,1.0499999523162842,1.05,1.03,1.0499999523162842,1.01,1.03,1.090000033378601,1.09,1.090000033378601,1.09,1.09,1.1,1.09,1.1,1.090000033378601,1.09,1.1,1.1,1.1,0.98,0.98,0.99,0.98,0.99,1.11,1.12,1.12,1.12,1.12,1.12,1.1,1.12,1.12,1.13
0.1469107511045655,0.2461811409423865,0.1170256795572565,0.4982191630984423,0.5269896251633205,0.0904153054917888,0.2793998325113985,0.370575,0.188355,0.0573954802259887,0.7616072595755807,0.2601803860804442,0.048,0.4698920006738714,0.0250337360898289,0.2967387459004991,0.0512818134981968,0.2744252878748611,0.0279245600566906,0.0745766985138004,0.8301556650480554,0.0905,0.0373875796794891,0.5616969466209412,0.3862366676330566,0.2690037190914154,0.288229763507843,0.288229763507843,0.288229763507843,0.4432842135429382,0.3729390501976013,0.1525602638721466,0.4211395978927612,0.0591075457632541,0.4887010157108307,0.1658461689949035,0.4768826067447662,0.0422401987016201,0.5050264000892639,0.1820568591356277,0.2462550103664398,0.1614045053720474,0.1614045053720474,0.1614045053720474,0.0859497189521789,0.5452791452407837,0.1592590361833572,0.2866451144218445,0.924625277519226,0.924625277519226,0.924625277519226,0.8803198337554932,0.38042151927948,1.11,1.11,1.12,1.11,1.11,1.12,1.09,1.08,1.08,1.06,1.04,1.08,1.08,1.09,1.04,1.04,1.06,1.03,1.08,1.06,1.03,1.04,1.14,1.14,1.14,1.14,1.14,1.14,1.1,1.1,1.12,1.11,1.12,1.12,1.12,1.12,1.11,1.14,1.14,1.14,1.14,1.14,1.14,1.14,1.06,1.06,1.07,1.07,1.07,1.08,1.06,1.07,1.08,1.07,1.08,1.08,1.08,1.05,1.05,1.05,1.05,1.05,1.0499999523162842,1.05,1.04,1.03,1.0499999523162842,1.05,1.03,1.0499999523162842,1.01,1.03,1.090000033378601,1.09,1.090000033378601,1.09,1.09,1.1,1.09,1.1,1.090000033378601,1.09,1.09,1.09,1.09,0.98,0.98,0.99,0.98,0.99,1.11,1.11,1.11,1.11,1.12,1.12,1.1,1.12,1.11,1.13
0.1382513500245459,0.1163888245230585,0.1320536736341163,0.3337166148088728,0.4583129424318223,0.0092631114250397,0.3177669116962873,0.1767,0.1219844578313253,0.0088079096045197,0.7596328816070417,0.0613557363290076,0.059,0.1840749370151684,0.0195046597503077,0.2086844128412548,0.0599639361154044,0.1435491149696508,0.0322369788591,0.08864516985138,0.7253817908403006,0.001,0.0435117930173873,0.4255846440792084,0.4112719595432281,0.2293287217617035,0.2293758988380432,0.2293758988380432,0.2293758988380432,0.4197587668895721,0.1738146841526031,0.179092139005661,0.3096896708011627,0.0673820152878761,0.2456808239221573,0.1689192503690719,0.2937969863414764,0.0594775043427944,0.3739805817604065,0.1680402159690857,0.1871747523546219,0.1132602840662002,0.1132602840662002,0.1132602840662002,0.0871372446417808,0.3385315239429474,0.1394439190626144,0.2400081902742386,0.8047593235969543,0.8047593235969543,0.8047593235969543,0.8320617079734802,0.1681326180696487,1.11,1.11,1.11,1.12,1.12,1.12,1.09,1.08,1.08,1.06,1.05,1.08,1.08,1.09,1.05,1.05,1.06,1.04,1.08,1.06,1.04,1.04,1.14,1.14,1.14,1.14,1.14,1.14,1.1,1.1,1.11,1.11,1.11,1.11,1.11,1.12,1.11,1.14,1.14,1.14,1.14,1.14,1.14,1.14,1.06,1.06,1.07,1.08,1.07,1.08,1.06,1.07,1.08,1.07,1.08,1.08,1.08,1.05,1.05,1.05,1.05,1.05,1.0499999523162842,1.05,1.04,1.03,1.0499999523162842,1.05,1.03,1.0499999523162842,1.02,1.03,1.090000033378601,1.09,1.090000033378601,1.09,1.09,1.1,1.09,1.1,1.090000033378601,1.09,1.1,1.1,1.1,0.98,0.98,0.98,0.98,0.99,1.11,1.11,1.11,1.11,1.12,1.12,1.1,1.12,1.11,1.13
0.1307147766323024,0.0,0.1559538028043774,0.0307405280314234,0.4791694100949607,0.0,0.4038201358518656,0.0,0.165925,0.0,0.7943594056385899,0.0,0.007,0.0097839057862247,0.0370208244366851,0.0484408441829956,0.0558833075734157,0.0,0.0356961733790008,0.0205719214437367,0.6910185294073605,0.0,0.0582991242408752,0.0588813684880733,0.4294536709785461,0.0859342366456985,0.2143345922231674,0.2143345922231674,0.2143345922231674,0.4148404002189636,0.0079767582938075,0.2148955017328262,0.0694992840290069,0.0813157856464386,0.0116679957136511,0.1866640001535415,0.0286082215607166,0.0885500013828277,0.079923577606678,0.1824066340923309,0.0583747774362564,0.0776608139276504,0.0776608139276504,0.0776608139276504,0.0929668843746185,0.0456629395484924,0.1283178627490997,0.0640473365783691,0.6320278644561768,0.6320278644561768,0.6320278644561768,0.8099709153175354,0.0056578023359179,1.11,1.11,1.11,1.12,1.12,1.12,1.1,1.09,1.08,1.06,1.05,1.09,1.09,1.09,1.05,1.05,1.06,1.04,1.09,1.06,1.04,1.04,1.14,1.14,1.14,1.14,1.14,1.14,1.1,1.1,1.11,1.11,1.11,1.11,1.11,1.12,1.11,1.13,1.14,1.14,1.14,1.14,1.14,1.14,1.06,1.06,1.07,1.08,1.07,1.08,1.06,1.07,1.08,1.07,1.09,1.08,1.08,1.06,1.06,1.06,1.06,1.06,1.059999942779541,1.06,1.04,1.03,1.059999942779541,1.06,1.03,1.059999942779541,1.02,1.03,1.100000023841858,1.1,1.100000023841858,1.1,1.1,1.1,1.1,1.1,1.100000023841858,1.1,1.1,1.09,1.09,0.98,0.98,0.98,0.98,0.99,1.11,1.11,1.11,1.1,1.11,1.12,1.1,1.11,1.1,1.13
0.1688259204712813,0.0,0.1581180827759949,0.0001874378499335,0.4514387963551166,0.0,0.467809435191216,0.0,0.1880466867469879,0.0,0.8297260011329469,0.0,0.006,0.0,0.0994526865784119,0.000142253985641,0.0543356517259144,0.0,0.0533966280855084,0.0,0.6561154072373183,0.0,0.0795966684818267,0.0,0.46088907122612,0.0004004295333288,0.1689054518938064,0.1689054518938064,0.1689054518938064,0.4087465107440948,0.0,0.2410845309495926,0.0,0.0878853797912597,0.0,0.1765635460615158,0.0,0.1065749675035476,0.0,0.206436201930046,1.4533519788528793e-5,0.0513656623661518,0.0513656623661518,0.0513656623661518,0.0888457223773002,0.0,0.1294476240873336,0.0,0.4771716594696045,0.4771716594696045,0.4771716594696045,0.7836887240409851,0.0,1.11,1.11,1.11,1.12,1.12,1.12,1.1,1.09,1.09,1.06,1.05,1.09,1.09,1.09,1.05,1.05,1.06,1.04,1.09,1.07,1.04,1.04,1.13,1.13,1.13,1.13,1.13,1.13,1.1,1.1,1.11,1.11,1.11,1.11,1.11,1.11,1.11,1.12,1.13,1.13,1.13,1.12,1.13,1.13,1.06,1.06,1.07,1.08,1.07,1.08,1.06,1.07,1.08,1.07,1.09,1.08,1.08,1.06,1.06,1.06,1.06,1.06,1.059999942779541,1.06,1.04,1.03,1.059999942779541,1.06,1.03,1.059999942779541,1.02,1.03,1.090000033378601,1.09,1.090000033378601,1.09,1.09,1.1,1.09,1.1,1.090000033378601,1.09,1.09,1.09,1.09,0.98,0.98,0.98,0.98,0.99,1.11,1.11,1.11,1.11,1.11,1.12,1.1,1.11,1.11,1.12
0.1648842415316642,0.0,0.1706086267180542,0.0,0.4221302366271354,0.0,0.4814997673769424,0.0,0.1959589759036145,0.0,0.8531034903481632,0.0,0.015,0.0,0.1437878871611947,0.0,0.0498057702215352,0.0,0.1756817054446675,0.0,0.6087255748228515,0.0,0.0816208943724632,0.0,0.5028898119926453,0.0,0.1327019780874252,0.1327019780874252,0.1327019780874252,0.4094759821891784,0.0,0.2654735743999481,0.0,0.0912907719612121,0.0,0.1631336957216262,0.0,0.1193727925419807,0.0,0.2318053394556045,0.0,0.0338498540222644,0.0338498540222644,0.0338498540222644,0.0806401669979095,0.0,0.1418772786855697,0.0,0.3328703939914703,0.3328703939914703,0.3328703939914703,0.7620874047279358,0.0,1.1,1.1,1.09,1.1,1.1,1.1,1.09,1.09,1.08,1.06,1.05,1.09,1.09,1.09,1.05,1.05,1.06,1.04,1.09,1.07,1.04,1.04,1.11,1.11,1.11,1.11,1.11,1.11,1.09,1.09,1.11,1.11,1.11,1.11,1.11,1.11,1.11,1.1,1.11,1.11,1.11,1.1,1.11,1.11,1.06,1.06,1.07,1.07,1.07,1.08,1.06,1.07,1.07,1.07,1.08,1.08,1.08,1.06,1.06,1.06,1.06,1.06,1.059999942779541,1.06,1.04,1.03,1.059999942779541,1.06,1.03,1.059999942779541,1.02,1.03,1.0800000429153442,1.08,1.0800000429153442,1.08,1.08,1.09,1.08,1.09,1.0800000429153442,1.08,1.09,1.08,1.08,0.98,0.98,0.98,0.98,0.99,1.1,1.1,1.1,1.1,1.1,1.11,1.1,1.1,1.1,1.11
0.1765745704467354,0.0,0.1813351519755037,0.0,0.4453048864103928,0.0,0.436570391737229,0.0,0.1297963855421687,0.0,0.8245782387032115,0.0,0.074,0.0,0.2153547941420282,0.0,0.038043019062339,0.0,0.2449703259714184,0.0,0.5848904839286139,0.0,0.0726407542824745,0.0,0.5354419946670532,0.0,0.1137768775224685,0.1137768775224685,0.1137768775224685,0.4045954346656799,0.0,0.2871201038360595,0.0,0.091879591345787,0.0,0.1368439942598343,0.0,0.1273991614580154,0.0,0.2381833791732788,0.0,0.0271701961755752,0.0271701961755752,0.0271701961755752,0.0806064307689666,0.0,0.1642976552248001,0.0,0.2183345258235931,0.2183345258235931,0.2183345258235931,0.7390825152397156,0.0,1.08,1.08,1.07,1.08,1.08,1.07,1.08,1.08,1.07,1.05,1.04,1.08,1.08,1.08,1.04,1.04,1.05,1.03,1.08,1.06,1.03,1.04,1.09,1.09,1.09,1.09,1.08,1.09,1.08,1.08,1.09,1.08,1.09,1.09,1.09,1.09,1.09,1.08,1.09,1.09,1.09,1.08,1.09,1.09,1.05,1.05,1.05,1.06,1.05,1.06,1.05,1.05,1.06,1.06,1.06,1.06,1.06,1.04,1.04,1.04,1.04,1.04,1.0399999618530271,1.04,1.03,1.02,1.0399999618530271,1.04,1.02,1.0399999618530271,1.01,1.02,1.0700000524520874,1.07,1.0700000524520874,1.07,1.07,1.07,1.07,1.07,1.0700000524520874,1.07,1.07,1.07,1.07,0.98,0.97,0.98,0.98,0.98,1.08,1.08,1.08,1.08,1.08,1.09,1.08,1.08,1.08,1.09
0.1423397152675503,0.0,0.1489847459828424,0.0,0.4234491660965951,0.0,0.4935760677398343,0.0,0.1379476506024096,0.0,0.7541691576975031,0.0,0.182,0.0,0.3185590946770831,0.0,0.0441081916537867,0.0,0.2293530175977324,0.0,0.5806601432998654,0.0,0.0666324719786644,0.0,0.5501014590263367,0.0,0.0970027521252632,0.0970027521252632,0.0970027521252632,0.3811475932598114,0.0,0.327922523021698,0.0,0.0906889215111732,0.0,0.1171684265136718,0.0,0.1312448978424072,0.0,0.2419848889112472,0.0,0.0272241253405809,0.0272241253405809,0.0272241253405809,0.0828591436147689,0.0,0.1920113563537597,0.0,0.1102822795510292,0.1102822795510292,0.1102822795510292,0.7036879062652588,0.0,1.05,1.05,1.04,1.06,1.06,1.05,1.06,1.06,1.06,1.05,1.04,1.06,1.06,1.06,1.04,1.04,1.05,1.03,1.06,1.06,1.03,1.03,1.06,1.06,1.07,1.06,1.06,1.06,1.07,1.06,1.06,1.06,1.07,1.07,1.06,1.07,1.07,1.06,1.07,1.07,1.07,1.06,1.07,1.07,1.03,1.03,1.03,1.04,1.04,1.04,1.03,1.03,1.04,1.04,1.04,1.04,1.04,1.03,1.03,1.03,1.03,1.03,1.0299999713897705,1.03,1.02,1.01,1.0299999713897705,1.03,1.01,1.0299999713897705,1.0,1.01,1.0399999618530271,1.04,1.0399999618530271,1.04,1.04,1.05,1.04,1.05,1.0399999618530271,1.04,1.05,1.05,1.05,0.97,0.97,0.97,0.97,0.98,1.06,1.06,1.06,1.06,1.06,1.07,1.06,1.06,1.06,1.08
0.7864639175257733,0.0,0.936648083542896,0.0,0.5226972272259959,0.0,0.614794919512422,0.0,0.7170422891566266,0.0,0.3360103272473746,0.0,0.027,0.0,0.9102852872466024,0.0,0.0170242143225141,0.0,0.6811588815400968,0.0,0.7750905920998769,0.0,0.5811061263084412,0.0,0.622936487197876,0.0,0.7258880734443665,0.7258880734443665,0.7258880734443665,0.503904402256012,0.0,0.658609926700592,0.0,0.7968077063560486,0.0,0.3903917372226715,0.0,0.6500749588012695,0.0,0.6458407044410706,0.0,0.9420565962791444,0.9420565962791444,0.9420565962791444,0.4638004601001739,0.0,0.8117659687995911,0.0,0.9754431843757628,0.9754431843757628,0.9754431843757628,0.8364019393920898,0.0,0.68,0.68,0.69,0.68,0.68,0.69,0.67,0.67,0.66,0.68,0.71,0.67,0.67,0.67,0.71,0.71,0.69,0.71,0.67,0.65,0.74,0.71,0.65,0.65,0.66,0.65,0.65,0.65,0.62,0.63,0.63,0.62,0.63,0.63,0.63,0.63,0.66,0.66,0.65,0.65,0.65,0.65,0.65,0.65,0.64,0.64,0.64,0.63,0.64,0.63,0.64,0.64,0.63,0.64,0.62,0.63,0.63,0.67,0.67,0.67,0.67,0.67,0.6700000166893005,0.67,0.68,0.71,0.6700000166893005,0.67,0.7,0.6700000166893005,0.74,0.7,0.5899999737739563,0.59,0.5899999737739563,0.59,0.59,0.61,0.59,0.61,0.5899999737739563,0.59,0.6,0.6,0.6,0.88,0.88,0.88,0.88,0.87,0.63,0.63,0.63,0.63,0.63,0.63,0.63,0.63,0.63,0.62
0.7870527245949926,0.0,0.9094665955331545,0.0,0.5124574800696782,0.0,0.6822248999720851,0.0,0.7582124096385543,0.0,0.2474551832323848,0.0,0.003,0.0,0.8448570926172473,0.0,0.0602859350850077,0.0,0.6020672906578483,0.0,0.7419185914333752,0.0,0.5747506022453308,0.0,0.5555185079574585,0.0,0.713871955871582,0.713871955871582,0.713871955871582,0.5260210633277893,0.0,0.5937067866325378,0.0,0.7767682075500488,0.0,0.3912150263786316,0.0,0.6144769191741943,0.0,0.5819847583770752,0.0,0.9369328618049622,0.9369328618049622,0.9369328618049622,0.4324092268943786,0.0,0.7480918765068054,0.0,0.9768525958061218,0.9768525958061218,0.9768525958061218,0.8257876038551331,0.0,0.66,0.66,0.67,0.67,0.67,0.68,0.65,0.64,0.64,0.66,0.69,0.64,0.64,0.64,0.69,0.7,0.67,0.7,0.64,0.63,0.73,0.7,0.63,0.63,0.63,0.63,0.63,0.63,0.61,0.61,0.62,0.61,0.62,0.62,0.61,0.61,0.65,0.64,0.63,0.63,0.63,0.64,0.63,0.63,0.62,0.62,0.61,0.61,0.61,0.61,0.62,0.62,0.61,0.62,0.61,0.61,0.61,0.66,0.66,0.66,0.66,0.66,0.6600000262260437,0.66,0.67,0.69,0.6600000262260437,0.66,0.69,0.6600000262260437,0.73,0.68,0.5799999833106995,0.58,0.5799999833106995,0.58,0.58,0.6,0.58,0.6,0.5799999833106995,0.58,0.59,0.59,0.59,0.87,0.87,0.87,0.87,0.87,0.62,0.62,0.62,0.62,0.62,0.62,0.63,0.62,0.62,0.6
0.6376825724104075,0.0,0.90183061958632,0.0,0.5858588660800523,0.0,0.7541066344096026,0.0,0.7326254819277109,0.0,0.1779922872456316,0.0,0.0,0.0,0.8551980707880128,0.0,0.5288562596599692,0.0,0.5774034782095194,0.0,0.6896831080385529,0.0,0.5531921982765198,0.0,0.5006899237632751,0.0,0.6969987154006958,0.6969987154006958,0.6969987154006958,0.5130326747894287,0.0,0.5353675484657288,0.0,0.7565620541572571,0.0,0.404205709695816,0.0,0.5729336738586426,0.0,0.5134297609329224,0.0,0.9277821183204652,0.9277821183204652,0.9277821183204652,0.4009836614131927,0.0,0.716742217540741,0.0,0.9714696407318116,0.9714696407318116,0.9714696407318116,0.8260059356689453,0.0,0.65,0.65,0.66,0.66,0.65,0.66,0.64,0.63,0.63,0.65,0.69,0.63,0.63,0.63,0.69,0.69,0.66,0.7,0.63,0.62,0.72,0.69,0.62,0.62,0.62,0.62,0.62,0.62,0.6,0.6,0.61,0.61,0.61,0.62,0.61,0.61,0.65,0.62,0.62,0.62,0.62,0.62,0.62,0.62,0.61,0.61,0.6,0.6,0.6,0.6,0.61,0.6,0.6,0.6,0.6,0.6,0.6,0.66,0.66,0.66,0.66,0.66,0.6600000262260437,0.66,0.66,0.68,0.6600000262260437,0.66,0.68,0.6600000262260437,0.72,0.68,0.5699999928474426,0.57,0.5699999928474426,0.57,0.57,0.59,0.57,0.59,0.5699999928474426,0.57,0.58,0.58,0.58,0.87,0.87,0.87,0.87,0.87,0.62,0.62,0.62,0.62,0.62,0.61,0.63,0.62,0.62,0.59
0.5399270495827198,0.0,0.8957141329427432,0.0,0.5961876536737579,0.0,0.7687309016469711,0.0,0.7873708433734941,0.0,0.146829665780644,0.0,0.138,0.0,0.8548300886734155,0.0,0.8370548686244205,0.0,0.5096080961379473,0.0,0.6501755660024574,0.0,0.505370557308197,0.0,0.4503765404224396,0.0,0.6778069734573364,0.6778069734573364,0.6778069734573364,0.5228498578071594,0.0,0.4704193770885467,0.0,0.7435727715492249,0.0,0.3838056027889251,0.0,0.5313057899475098,0.0,0.4757901430130005,0.0,0.9175750017166138,0.9175750017166138,0.9175750017166138,0.3634330332279205,0.0,0.6711347699165344,0.0,0.9649712443351746,0.9649712443351746,0.9649712443351746,0.8321978449821472,0.0,0.65,0.64,0.66,0.65,0.65,0.66,0.63,0.63,0.62,0.65,0.69,0.63,0.63,0.63,0.69,0.69,0.66,0.7,0.63,0.62,0.72,0.69,0.62,0.61,0.62,0.61,0.61,0.61,0.6,0.6,0.61,0.61,0.61,0.62,0.61,0.61,0.65,0.62,0.61,0.61,0.61,0.62,0.61,0.61,0.59,0.59,0.58,0.59,0.58,0.59,0.59,0.59,0.59,0.59,0.59,0.59,0.59,0.66,0.66,0.66,0.66,0.66,0.6600000262260437,0.66,0.65,0.68,0.6600000262260437,0.66,0.67,0.6600000262260437,0.72,0.67,0.5600000023841858,0.56,0.5600000023841858,0.56,0.56,0.58,0.56,0.58,0.5600000023841858,0.56,0.57,0.57,0.57,0.87,0.87,0.87,0.87,0.86,0.62,0.62,0.62,0.62,0.61,0.6,0.63,0.61,0.62,0.59
0.4731340206185567,0.0,0.92164507369213,0.0,0.6863806686402097,0.0,0.840319717130362,0.0,0.775979578313253,0.0,0.3077107063488605,0.0,0.0,0.0,0.8653597930116306,0.0,0.796648634724369,0.0,0.5563482343214835,0.0,0.6714613417276556,0.0,0.4567400813102722,0.0,0.4054022431373596,0.0,0.6542103886604309,0.6542103886604309,0.6542103886604309,0.5225409269332886,0.0,0.4116437137126922,0.0,0.7213932275772095,0.0,0.3568416237831116,0.0,0.4673097133636474,0.0,0.4567171931266784,0.0,0.8967529535293579,0.8967529535293579,0.8967529535293579,0.3493261337280273,0.0,0.650557279586792,0.0,0.9592562317848206,0.9592562317848206,0.9592562317848206,0.8418410420417786,0.0,0.65,0.64,0.65,0.65,0.65,0.66,0.62,0.62,0.63,0.66,0.7,0.62,0.62,0.62,0.69,0.7,0.67,0.7,0.62,0.63,0.73,0.7,0.62,0.62,0.62,0.62,0.61,0.61,0.6,0.6,0.62,0.62,0.62,0.62,0.61,0.62,0.66,0.62,0.62,0.61,0.62,0.62,0.62,0.62,0.58,0.58,0.58,0.58,0.58,0.59,0.58,0.58,0.59,0.58,0.59,0.59,0.59,0.66,0.66,0.66,0.66,0.66,0.6600000262260437,0.66,0.65,0.68,0.6600000262260437,0.66,0.68,0.6600000262260437,0.72,0.67,0.550000011920929,0.55,0.550000011920929,0.55,0.55,0.58,0.55,0.58,0.550000011920929,0.55,0.57,0.57,0.57,0.86,0.87,0.87,0.87,0.86,0.63,0.62,0.62,0.62,0.62,0.61,0.64,0.62,0.62,0.59
0.5006905252822779,0.0,0.9082203378578004,0.0,0.6393277377089552,0.0,0.8520549920908161,0.0,0.7611434337349398,0.0,0.3321819251383502,0.0,0.015,0.0,0.8396642216584189,0.0,0.7699363730036065,0.0,0.5597660918861462,0.0,0.6459389298123014,0.0,0.3940552473068237,0.0,0.3584412634372711,0.0,0.6190189719200134,0.6190189719200134,0.6190189719200134,0.5047908425331116,0.0,0.3655208051204681,0.0,0.6984434723854065,0.0,0.3275905549526214,0.0,0.393461674451828,0.0,0.4407789409160614,0.0,0.8775744438171387,0.8775744438171387,0.8775744438171387,0.3515174388885498,0.0,0.5976791977882385,0.0,0.946808099746704,0.946808099746704,0.946808099746704,0.8284053206443787,0.0,0.65,0.65,0.66,0.66,0.66,0.67,0.63,0.64,0.64,0.67,0.71,0.64,0.64,0.64,0.7,0.71,0.68,0.71,0.64,0.65,0.74,0.71,0.63,0.63,0.63,0.63,0.62,0.62,0.61,0.61,0.63,0.63,0.64,0.64,0.63,0.63,0.68,0.62,0.62,0.62,0.62,0.62,0.62,0.62,0.58,0.58,0.58,0.59,0.58,0.59,0.58,0.58,0.59,0.58,0.6,0.59,0.59,0.68,0.68,0.68,0.68,0.68,0.6800000071525574,0.68,0.66,0.69,0.6800000071525574,0.68,0.69,0.6800000071525574,0.73,0.68,0.5600000023841858,0.56,0.5600000023841858,0.56,0.56,0.59,0.56,0.58,0.5600000023841858,0.56,0.58,0.58,0.58,0.87,0.87,0.87,0.87,0.87,0.64,0.64,0.64,0.63,0.64,0.62,0.65,0.64,0.63,0.6
0.6016753068237604,0.0,0.9014809733744948,0.0,0.6447624676019001,0.0,0.8353092025681585,0.0,0.7505383734939759,0.0,0.3420609612619286,0.0,0.0,0.0,0.7776132532844332,0.0,0.735859608449253,0.0,0.5906127908350065,0.0,0.6915698139484784,0.0,0.3274884819984436,0.0,0.2981614172458648,0.0,0.57704097032547,0.57704097032547,0.57704097032547,0.4893971979618072,0.0002719615295063,0.3355911076068878,0.0,0.6751837730407715,3.954947715101298e-6,0.3045519292354584,0.0,0.3472967743873596,0.0,0.3986760079860687,0.0,0.8549087643623352,0.8549087643623352,0.8549087643623352,0.3575580716133117,0.0,0.5410559177398682,0.0,0.9193450212478638,0.9193450212478638,0.9193450212478638,0.8157253265380859,0.000478857604321,0.67,0.66,0.67,0.67,0.67,0.68,0.65,0.66,0.66,0.7,0.73,0.66,0.66,0.66,0.72,0.73,0.7,0.73,0.66,0.68,0.76,0.73,0.65,0.65,0.65,0.65,0.64,0.64,0.62,0.62,0.66,0.66,0.66,0.67,0.66,0.66,0.7,0.64,0.64,0.64,0.64,0.64,0.64,0.64,0.59,0.59,0.59,0.6,0.59,0.61,0.59,0.59,0.6,0.6,0.61,0.61,0.6,0.7,0.7,0.7,0.7,0.7,0.699999988079071,0.7,0.68,0.71,0.699999988079071,0.7,0.71,0.699999988079071,0.75,0.7,0.5699999928474426,0.57,0.5699999928474426,0.57,0.57,0.6,0.57,0.59,0.5699999928474426,0.57,0.59,0.59,0.59,0.88,0.88,0.87,0.88,0.87,0.66,0.66,0.65,0.65,0.66,0.64,0.67,0.65,0.65,0.62
0.5499953853706431,0.0084814267517677,0.8945808260045061,0.0,0.6426319234977984,0.1767984283948437,0.8410881176142179,0.0327499999999999,0.7464762048192771,0.1728587570621468,0.2651934289075776,0.0980208212279682,0.0,0.0020212373659525,0.746653646160416,0.0037324840335228,0.6883706852138074,0.0443782674422255,0.5449423940002363,0.0016178343949044,0.6850113274649068,0.107,0.2669160068035126,0.0173281766474246,0.2643663287162781,0.0,0.5470583438873291,0.5470583438873291,0.5470583438873291,0.469778448343277,0.108574204146862,0.3144712448120117,0.0168638527393341,0.6562221646308899,0.1102584898471832,0.2833069264888763,0.0482082925736904,0.3051613569259643,0.0078728394582867,0.37927907705307,0.002879180945456,0.8326810598373413,0.8326810598373413,0.8326810598373413,0.3638477623462677,0.0433133579790592,0.4873290359973907,0.008327754214406,0.9145422577857972,0.9145422577857972,0.9145422577857972,0.807846188545227,0.1096615940332412,0.69,0.68,0.69,0.7,0.69,0.7,0.68,0.69,0.69,0.73,0.76,0.69,0.69,0.68,0.75,0.75,0.73,0.76,0.69,0.71,0.79,0.75,0.7,0.7,0.7,0.7,0.7,0.7,0.65,0.65,0.7,0.7,0.7,0.7,0.7,0.7,0.73,0.69,0.7,0.7,0.7,0.7,0.7,0.7,0.6,0.6,0.6,0.62,0.6,0.63,0.6,0.6,0.63,0.61,0.63,0.63,0.62,0.74,0.74,0.74,0.74,0.74,0.7400000095367432,0.74,0.71,0.73,0.7400000095367432,0.74,0.73,0.7400000095367432,0.77,0.73,0.6100000143051147,0.61,0.6100000143051147,0.61,0.61,0.64,0.61,0.63,0.6100000143051147,0.61,0.63,0.62,0.63,0.89,0.89,0.88,0.89,0.88,0.69,0.69,0.69,0.68,0.69,0.67,0.69,0.69,0.68,0.66
0.4915154639175257,0.4038452266468301,0.8788567633605695,0.2009637823015924,0.506639459558317,0.6126054653010772,0.7538776402717037,0.3682499999999999,0.7503728915662651,0.4915254237288134,0.2460473658982962,0.4148476983665827,0.038,0.3018270965553146,0.6911187671129646,0.1543745580849922,0.460950540958269,0.3741626218353174,0.5132031416085983,0.138187101910828,0.4709114423028382,0.4135,0.2215185463428497,0.3560825884342193,0.2328312247991562,0.1380929946899414,0.5160782337188721,0.5160782337188721,0.5160782337188721,0.3549276888370514,0.4563491344451904,0.2949367165565491,0.2756770849227905,0.6254310011863708,0.4772239923477173,0.2436007857322693,0.4150318503379822,0.2709482312202453,0.2673541903495788,0.3295375406742096,0.1901890486478805,0.8056991696357727,0.8056991696357727,0.8056991696357727,0.3363110721111297,0.3910540044307709,0.421785444021225,0.2320259511470794,0.89140784740448,0.89140784740448,0.89140784740448,0.6773773431777954,0.4334032237529754,0.74,0.73,0.74,0.74,0.74,0.75,0.73,0.73,0.74,0.77,0.8,0.73,0.73,0.73,0.79,0.8,0.77,0.8,0.73,0.75,0.83,0.79,0.75,0.75,0.75,0.75,0.74,0.74,0.72,0.72,0.75,0.74,0.75,0.75,0.75,0.75,0.77,0.72,0.73,0.73,0.73,0.73,0.73,0.73,0.66,0.66,0.65,0.67,0.65,0.67,0.66,0.65,0.67,0.66,0.68,0.68,0.68,0.78,0.78,0.78,0.78,0.78,0.7799999713897705,0.78,0.75,0.77,0.7799999713897705,0.78,0.77,0.7799999713897705,0.8,0.76,0.6700000166893005,0.67,0.6700000166893005,0.67,0.67,0.71,0.67,0.69,0.6700000166893005,0.67,0.68,0.67,0.67,0.9,0.9,0.89,0.9,0.89,0.73,0.73,0.73,0.74,0.73,0.72,0.73,0.73,0.74,0.71
0.2983228276877761,0.5364830415451733,0.8469451632068373,0.5412440277708129,0.244812899330633,0.8144035625993291,0.7046378524239322,0.666425,0.755151265060241,0.6846129943502824,0.2366258660508083,0.648630834785977,0.0,0.5692196765332618,0.5890779471978699,0.5224669616057621,0.231995105615662,0.5884094166202379,0.4097737982756585,0.5287218683651805,0.3105506989272869,0.5845,0.1347286403179168,0.7842923402786255,0.1635539531707763,0.5534125566482544,0.4847338199615478,0.4847338199615478,0.4847338199615478,0.1695604622364044,0.7185574173927307,0.2187035679817199,0.6450662016868591,0.6171278357505798,0.8036109805107117,0.1528311818838119,0.7917559742927551,0.1989013999700546,0.6606417298316956,0.2329493314027786,0.5587518215179443,0.7858400344848633,0.7858400344848633,0.7858400344848633,0.240860566496849,0.7619276642799377,0.2441553622484207,0.5705593824386597,0.8641440272331238,0.8641440272331238,0.8641440272331238,0.4124574959278106,0.6803120970726013,0.76,0.75,0.75,0.76,0.76,0.77,0.78,0.79,0.79,0.82,0.85,0.79,0.79,0.78,0.84,0.84,0.83,0.84,0.79,0.81,0.87,0.84,0.76,0.76,0.76,0.76,0.76,0.76,0.75,0.75,0.78,0.77,0.78,0.78,0.78,0.78,0.8,0.74,0.75,0.76,0.75,0.75,0.76,0.76,0.7,0.7,0.7,0.71,0.7,0.71,0.7,0.7,0.72,0.71,0.72,0.71,0.71,0.83,0.83,0.83,0.83,0.83,0.8299999833106995,0.83,0.8,0.82,0.8299999833106995,0.83,0.82,0.8299999833106995,0.85,0.82,0.699999988079071,0.7,0.699999988079071,0.7,0.7,0.73,0.7,0.71,0.699999988079071,0.7,0.7,0.69,0.69,0.91,0.91,0.91,0.91,0.91,0.77,0.77,0.77,0.78,0.77,0.75,0.76,0.76,0.78,0.74
0.2873384388807069,0.6394155874537157,0.7860549924531406,0.7488160321493373,0.123105497978167,0.769105597739714,0.687334418907602,0.7704749999999999,0.7865745180722891,0.6827655367231638,0.1806403329121094,0.7621910065207567,0.0,0.7218603120349817,0.5121313522067875,0.7425262978761995,0.5168670788253479,0.6482784300301547,0.3777890338963033,0.8124296709129514,0.3750236648121486,0.452,0.119072288274765,0.9111704230308532,0.1032832935452461,0.8343188762664795,0.4563224911689758,0.4563224911689758,0.4563224911689758,0.1121793910861015,0.8086567521095276,0.205696552991867,0.8144242763519287,0.6521928310394287,0.8989511132240295,0.1307276487350464,0.9064655900001526,0.1695818305015564,0.8193480372428894,0.1828889995813369,0.7871087789535522,0.7860167026519775,0.7860167026519775,0.7860167026519775,0.2441793382167816,0.8599932193756104,0.1989505141973495,0.737574577331543,0.8254247903823853,0.8254247903823853,0.8254247903823853,0.2939653992652893,0.7677803635597229,0.77,0.77,0.77,0.78,0.77,0.78,0.82,0.83,0.83,0.85,0.87,0.83,0.83,0.82,0.86,0.86,0.85,0.86,0.83,0.85,0.88,0.86,0.77,0.77,0.77,0.77,0.77,0.77,0.77,0.77,0.8,0.79,0.8,0.8,0.8,0.8,0.82,0.77,0.77,0.78,0.77,0.77,0.77,0.78,0.72,0.72,0.72,0.74,0.72,0.73,0.72,0.72,0.74,0.73,0.74,0.73,0.73,0.86,0.86,0.86,0.86,0.86,0.8600000143051147,0.86,0.83,0.84,0.8600000143051147,0.86,0.85,0.8600000143051147,0.87,0.84,0.7099999785423279,0.71,0.7099999785423279,0.71,0.71,0.73,0.71,0.72,0.7099999785423279,0.71,0.71,0.7,0.7,0.92,0.92,0.92,0.92,0.92,0.78,0.78,0.78,0.79,0.78,0.77,0.79,0.78,0.79,0.76
0.251506823760432,0.7336921914230745,0.7412088428038521,0.8655945811903318,0.057410310781015,0.7626123521101891,0.7249923699637107,0.797675,0.7788940963855421,0.6558474576271185,0.1743998431304196,0.7989735296016527,0.266,0.8919614437122774,0.3947687960009042,0.8741582031787911,0.6002861926841835,0.7684142067256483,0.2875341620408645,0.907208067940552,0.4631260980289854,0.59,0.1386257857084274,0.9226446151733398,0.108685702085495,0.9127315282821656,0.4381909668445587,0.4381909668445587,0.4381909668445587,0.0950422435998916,0.8485532999038696,0.2380499541759491,0.8496658802032471,0.6762683391571045,0.9152771234512328,0.1329509168863296,0.9323790669441224,0.1835554987192154,0.8552426695823669,0.1717989295721054,0.8335161805152893,0.7799054980278015,0.7799054980278015,0.7799054980278015,0.3011996746063232,0.8765547871589661,0.1762690246105194,0.7681910395622253,0.7471749782562256,0.7471749782562256,0.7471749782562256,0.2956546545028686,0.7959623336791992,0.78,0.78,0.78,0.79,0.79,0.8,0.84,0.85,0.85,0.87,0.89,0.85,0.85,0.84,0.88,0.88,0.87,0.88,0.85,0.87,0.9,0.87,0.78,0.79,0.79,0.78,0.78,0.78,0.79,0.78,0.82,0.82,0.82,0.83,0.82,0.82,0.84,0.78,0.79,0.79,0.79,0.79,0.79,0.79,0.75,0.75,0.75,0.76,0.75,0.75,0.75,0.75,0.76,0.76,0.76,0.75,0.75,0.89,0.89,0.89,0.89,0.89,0.8899999856948853,0.89,0.85,0.86,0.8899999856948853,0.89,0.87,0.8899999856948853,0.89,0.86,0.7300000190734863,0.73,0.7300000190734863,0.73,0.73,0.75,0.73,0.73,0.7300000190734863,0.73,0.72,0.72,0.72,0.92,0.92,0.93,0.92,0.92,0.8,0.8,0.8,0.8,0.79,0.79,0.82,0.79,0.8,0.78
0.2364989690721649,0.6803546396691494,0.7248650786189852,0.8905342307087619,0.078100400824798,0.7131658573194419,0.7621399460314506,0.8489749999999999,0.7842059036144579,0.5428333333333333,0.1199074033726959,0.7724334689134225,0.176,0.9250265638550552,0.2366974051093974,0.8840251702428668,0.676241112828439,0.7771566013022931,0.2460065843864415,0.9262253184713378,0.5575916549237353,0.6795,0.1498206555843353,0.9155842661857604,0.1372577250003814,0.9380284547805786,0.4357119500637054,0.4357119500637054,0.4357119500637054,0.0833959132432937,0.8605204224586487,0.2874154448509216,0.8608639240264893,0.7041066884994507,0.9089181423187256,0.1320396959781646,0.9348677396774292,0.2018311917781829,0.8645309805870056,0.1647594273090362,0.837278425693512,0.7834320664405823,0.7834320664405823,0.7834320664405823,0.3788141012191772,0.8730588555335999,0.164621040225029,0.7887203097343445,0.6569395661354065,0.6569395661354065,0.6569395661354065,0.3286259472370147,0.811909556388855,0.8,0.79,0.79,0.81,0.8,0.81,0.85,0.86,0.87,0.89,0.9,0.86,0.86,0.86,0.89,0.89,0.89,0.89,0.86,0.89,0.9,0.88,0.8,0.8,0.8,0.8,0.79,0.79,0.8,0.8,0.83,0.83,0.83,0.84,0.83,0.83,0.85,0.8,0.8,0.8,0.8,0.8,0.8,0.8,0.77,0.77,0.77,0.78,0.77,0.77,0.77,0.77,0.78,0.78,0.77,0.77,0.77,0.91,0.91,0.91,0.91,0.91,0.9100000262260436,0.91,0.87,0.88,0.9100000262260436,0.91,0.88,0.9100000262260436,0.9,0.88,0.7400000095367432,0.74,0.7400000095367432,0.74,0.74,0.76,0.74,0.74,0.7400000095367432,0.74,0.74,0.73,0.73,0.92,0.92,0.93,0.92,0.93,0.8,0.81,0.81,0.79,0.8,0.8,0.82,0.81,0.79,0.79
0.2321625920471281,0.5941212365741086,0.7004382585558868,0.9139888467631402,0.0882385904399604,0.7822848313614693,0.7507261561365963,0.878925,0.779036265060241,0.5450677966101695,0.0172964835069066,0.7316004261088513,0.122,0.919485432130232,0.1342796854982542,0.8500340119013621,0.6952416280267903,0.6988497851397419,0.2262794378174087,0.9125366242038218,0.720590773536122,0.2705,0.1506711393594741,0.8983165621757507,0.1672717481851577,0.9396820664405824,0.4396789968013763,0.4396789968013763,0.4396789968013763,0.1084644719958305,0.8720792531967163,0.3502269685268402,0.8492254614830017,0.7253407835960388,0.8912654519081116,0.1286432743072509,0.9299744963645936,0.2288587540388107,0.8587972521781921,0.1776105612516403,0.8433473110198975,0.7874068021774292,0.7874068021774292,0.7874068021774292,0.4484013020992279,0.8481242060661316,0.1706474870443344,0.7997617721557617,0.5594064593315125,0.5594064593315125,0.5594064593315125,0.3661205470561981,0.8286926746368408,0.81,0.81,0.81,0.82,0.82,0.82,0.86,0.87,0.88,0.9,0.9,0.87,0.87,0.87,0.9,0.9,0.9,0.89,0.87,0.9,0.91,0.88,0.8,0.8,0.81,0.8,0.8,0.8,0.81,0.81,0.85,0.84,0.85,0.85,0.85,0.85,0.87,0.81,0.81,0.81,0.81,0.81,0.81,0.81,0.79,0.79,0.79,0.79,0.79,0.78,0.79,0.79,0.8,0.8,0.79,0.79,0.79,0.92,0.92,0.92,0.92,0.92,0.9200000166893004,0.92,0.88,0.89,0.9200000166893004,0.92,0.9,0.9200000166893004,0.91,0.89,0.7400000095367432,0.74,0.7400000095367432,0.74,0.74,0.76,0.74,0.75,0.7400000095367432,0.74,0.75,0.74,0.74,0.92,0.92,0.93,0.92,0.93,0.81,0.82,0.82,0.79,0.81,0.82,0.83,0.82,0.79,0.81
0.2796805105547373,0.6514390272285125,0.6960970708009189,0.885731578763117,0.1075714600258742,0.6928672523397494,0.7653480040941658,0.821725,0.7529066867469879,0.8331581920903955,0.0127789010414397,0.7958957647362644,0.322,0.8908733896818393,0.0911736541987992,0.816712211652489,0.6862805255023184,0.7650461145413117,0.208287291838904,0.8931257961783442,0.9588508218992604,0.513,0.1456099450588226,0.875554621219635,0.2155957669019699,0.9281838536262512,0.4512377679347992,0.4512377679347992,0.4512377679347992,0.1454375386238098,0.8761774897575378,0.4280395209789276,0.8187635540962219,0.7577304840087891,0.8622871041297913,0.1356444358825683,0.9309186339378356,0.2722140252590179,0.8342657685279846,0.206388458609581,0.8403348326683044,0.7990456819534302,0.7990456819534302,0.7990456819534302,0.5339696407318115,0.8198251724243164,0.1916946917772293,0.7924582362174988,0.5198608636856079,0.5198608636856079,0.5198608636856079,0.4015649557113647,0.8289986252784729,0.82,0.81,0.81,0.83,0.82,0.83,0.87,0.88,0.89,0.9,0.91,0.88,0.88,0.88,0.9,0.9,0.9,0.9,0.88,0.91,0.92,0.89,0.81,0.81,0.81,0.81,0.81,0.81,0.83,0.82,0.86,0.85,0.86,0.86,0.86,0.86,0.88,0.81,0.82,0.82,0.82,0.82,0.82,0.82,0.8,0.8,0.8,0.81,0.8,0.79,0.8,0.8,0.81,0.81,0.8,0.8,0.8,0.93,0.93,0.93,0.93,0.93,0.9300000071525574,0.93,0.89,0.9,0.9300000071525574,0.93,0.91,0.9300000071525574,0.92,0.9,0.7599999904632568,0.76,0.7599999904632568,0.76,0.76,0.77,0.76,0.76,0.7599999904632568,0.76,0.76,0.76,0.76,0.93,0.92,0.93,0.92,0.93,0.82,0.83,0.82,0.8,0.82,0.83,0.82,0.83,0.8,0.82
0.3084785468826706,0.7051858946931252,0.7207309561656863,0.8609974155792293,0.1517212130413238,0.7667995541232564,0.7767938959709686,0.8538000000000001,0.6867004819277107,0.8773615819209039,0.1547170682818423,0.8318995093292012,0.195,0.8287343698115379,0.0675991358737973,0.7478063906829031,0.7261877897990726,0.78226249950617,0.2387990138183536,0.8835512208067942,0.9422284321417698,0.188,0.1508097946643829,0.8536468148231506,0.2661257684230804,0.9151519536972046,0.4617801010608673,0.4617801010608673,0.4617801010608673,0.1949946880340576,0.8843411803245544,0.5086079239845276,0.7817627191543579,0.7966081500053406,0.8480038046836853,0.1730742752552032,0.9273757934570312,0.3549830615520477,0.8008952736854553,0.2421768605709076,0.8388661742210388,0.7929300665855408,0.7929300665855408,0.7929300665855408,0.5987480878829956,0.7963849902153015,0.2153228819370269,0.7744281888008118,0.514492392539978,0.514492392539978,0.514492392539978,0.4497166275978088,0.8368675112724304,0.83,0.82,0.82,0.84,0.83,0.84,0.88,0.89,0.9,0.91,0.91,0.89,0.89,0.89,0.9,0.9,0.91,0.9,0.89,0.92,0.92,0.89,0.82,0.82,0.82,0.82,0.82,0.82,0.84,0.84,0.86,0.85,0.86,0.87,0.86,0.86,0.89,0.82,0.82,0.82,0.82,0.82,0.82,0.83,0.82,0.82,0.82,0.82,0.82,0.8,0.82,0.82,0.82,0.82,0.8,0.81,0.81,0.94,0.94,0.94,0.94,0.94,0.9399999976158142,0.94,0.9,0.9,0.9399999976158142,0.94,0.91,0.9399999976158142,0.92,0.91,0.7799999713897705,0.78,0.7799999713897705,0.78,0.78,0.78,0.78,0.77,0.7799999713897705,0.78,0.77,0.77,0.77,0.93,0.92,0.93,0.92,0.93,0.83,0.83,0.83,0.81,0.83,0.83,0.83,0.83,0.81,0.82
0.3745445262641139,0.8067197244686122,0.7405292638410995,0.8170369386912659,0.2551145934485134,0.7191658793925483,0.7855545733693123,0.8004,0.6802169879518072,0.8926016949152542,0.1234553139570351,0.8284675899025113,0.0,0.8468590366570615,0.08679017307644,0.8178316298256811,0.6907658423493045,0.8159087764602545,0.2404808964214007,0.8887914012738856,0.9518107866908648,0.5945,0.1756874322891235,0.8075872659683228,0.3282903432846069,0.907624363899231,0.4832252860069275,0.4832252860069275,0.4832252860069275,0.2457756549119949,0.8866034746170044,0.5817117094993591,0.7360968589782715,0.8238133192062378,0.8158045411109924,0.2106053531169891,0.9077911972999572,0.4501491189002991,0.7564783096313477,0.2793312072753906,0.8321101665496826,0.810461699962616,0.810461699962616,0.810461699962616,0.6678282618522644,0.7617065906524658,0.2332611829042434,0.7723943591117859,0.5070160627365112,0.5070160627365112,0.5070160627365112,0.4710264205932617,0.8313767910003662,0.83,0.82,0.82,0.84,0.83,0.84,0.89,0.9,0.9,0.91,0.91,0.9,0.9,0.9,0.91,0.91,0.91,0.9,0.9,0.92,0.92,0.89,0.83,0.82,0.83,0.82,0.82,0.82,0.85,0.85,0.87,0.86,0.87,0.88,0.86,0.87,0.9,0.83,0.83,0.83,0.83,0.83,0.83,0.83,0.83,0.83,0.83,0.83,0.83,0.81,0.83,0.82,0.83,0.83,0.81,0.81,0.82,0.95,0.95,0.95,0.95,0.95,0.949999988079071,0.95,0.9,0.91,0.949999988079071,0.95,0.92,0.949999988079071,0.93,0.91,0.7900000214576721,0.79,0.7900000214576721,0.79,0.79,0.8,0.79,0.79,0.7900000214576721,0.79,0.78,0.78,0.78,0.93,0.92,0.93,0.92,0.93,0.85,0.85,0.85,0.84,0.85,0.84,0.84,0.85,0.84,0.83
0.5157099656357389,0.7571474226208744,0.7722060674494311,0.7556957270548155,0.3923810410238698,0.6737879215963273,0.7795031171489718,0.690725,0.6391472891566264,0.8152457627118643,0.2629121094601072,0.7512940796694427,0.558,0.6770143617411378,0.12181474038534,0.7709168165308858,0.7496154044307058,0.786454849253202,0.277605173024684,0.8875910297239917,0.907962921526383,0.513,0.2003716677427292,0.7763681411743164,0.3898344039916992,0.8940814733505249,0.5108680725097656,0.5108680725097656,0.5108680725097656,0.3121649324893951,0.8584752082824707,0.6437888741493225,0.6879099607467651,0.8414114117622375,0.7837172150611877,0.2347206324338913,0.8747196197509766,0.5120847225189209,0.7111945748329163,0.3036408722400665,0.8238312005996704,0.817402720451355,0.817402720451355,0.817402720451355,0.661505937576294,0.7219961285591125,0.2520647644996643,0.7574912309646606,0.5303931832313538,0.5303931832313538,0.5303931832313538,0.5335755348205566,0.804939329624176,0.83,0.83,0.83,0.84,0.84,0.84,0.89,0.9,0.91,0.92,0.92,0.9,0.9,0.9,0.91,0.91,0.92,0.9,0.9,0.93,0.93,0.9,0.83,0.83,0.83,0.83,0.83,0.83,0.87,0.87,0.87,0.86,0.88,0.89,0.87,0.88,0.91,0.84,0.84,0.84,0.84,0.84,0.84,0.84,0.83,0.83,0.83,0.83,0.83,0.81,0.83,0.83,0.83,0.84,0.82,0.82,0.83,0.94,0.94,0.94,0.94,0.94,0.9399999976158142,0.94,0.91,0.91,0.9399999976158142,0.94,0.92,0.9399999976158142,0.93,0.92,0.8100000023841858,0.81,0.8100000023841858,0.81,0.81,0.82,0.81,0.8,0.8100000023841858,0.81,0.8,0.79,0.8,0.93,0.92,0.93,0.92,0.93,0.86,0.86,0.86,0.85,0.86,0.85,0.87,0.86,0.85,0.83
0.5749588610702013,0.507604925317771,0.8127432050557839,0.667952076310066,0.3392491488824584,0.752779776620166,0.7835604354703638,0.6467,0.6921742168674698,0.566454802259887,0.2268661379580809,0.6353559300148492,0.983,0.5991926061192653,0.1730462960637042,0.7616985099033657,0.7610466254507986,0.5899104655450402,0.3150761781032243,0.8937460191082804,0.947947048247003,0.4925,0.231615275144577,0.7221732139587402,0.4367313086986542,0.856677770614624,0.5388099551200867,0.5388099551200867,0.5388099551200867,0.3911446928977966,0.7987838983535767,0.6755300164222717,0.6330430507659912,0.8557496666908264,0.7328430414199829,0.2462815791368484,0.8127317428588867,0.5947690606117249,0.6407175660133362,0.3254069685935974,0.8070634603500366,0.8393915891647339,0.8393915891647339,0.8393915891647339,0.6775301098823547,0.6778152585029602,0.2742234468460083,0.7222834825515747,0.5804974436759949,0.5804974436759949,0.5804974436759949,0.5525384545326233,0.7488993406295776,0.84,0.83,0.83,0.84,0.84,0.85,0.9,0.91,0.91,0.92,0.92,0.91,0.91,0.9,0.91,0.91,0.92,0.9,0.91,0.93,0.93,0.9,0.81,0.81,0.81,0.81,0.8,0.81,0.86,0.86,0.87,0.86,0.87,0.88,0.86,0.87,0.9,0.83,0.82,0.82,0.82,0.83,0.82,0.82,0.83,0.83,0.83,0.83,0.83,0.82,0.83,0.83,0.84,0.84,0.82,0.82,0.83,0.94,0.94,0.94,0.94,0.94,0.9399999976158142,0.94,0.91,0.91,0.9399999976158142,0.94,0.92,0.9399999976158142,0.93,0.92,0.800000011920929,0.8,0.800000011920929,0.8,0.8,0.8,0.8,0.8,0.800000011920929,0.8,0.8,0.79,0.79,0.92,0.92,0.93,0.92,0.93,0.83,0.83,0.83,0.83,0.83,0.82,0.83,0.83,0.83,0.81
0.5763140893470791,0.430137923814364,0.8382955351672681,0.5312812680967689,0.3449088707966301,0.5847465565954443,0.8192971061691634,0.4822999999999999,0.7827722289156627,0.3454830508474576,0.3126084796723169,0.508958002453354,0.513,0.4548366459661127,0.2447685699213745,0.6993292658378285,0.8004902112313241,0.3895391818869142,0.3064407700484233,0.8492210721868367,0.8056930354335503,0.3329999999999999,0.25285804271698,0.6312848925590515,0.4599696099758148,0.8142102360725403,0.567417562007904,0.567417562007904,0.567417562007904,0.4108587205410003,0.6563774943351746,0.7018219232559204,0.5665084719657898,0.8758621215820312,0.6420561075210571,0.2571993470191955,0.6997671723365784,0.6359541416168213,0.5723021030426025,0.3370884656906128,0.780863881111145,0.8475821018218994,0.8475821018218994,0.8475821018218994,0.6317293047904968,0.5945143103599548,0.2930501997470855,0.6770445704460144,0.6418806314468384,0.6418806314468384,0.6418806314468384,0.6228236556053162,0.6165798306465149,0.8,0.8,0.8,0.82,0.81,0.82,0.88,0.89,0.89,0.9,0.9,0.89,0.89,0.88,0.9,0.9,0.9,0.89,0.89,0.91,0.91,0.88,0.75,0.75,0.75,0.75,0.75,0.75,0.83,0.83,0.83,0.82,0.84,0.85,0.83,0.84,0.87,0.78,0.78,0.78,0.78,0.78,0.78,0.78,0.81,0.81,0.81,0.82,0.81,0.79,0.81,0.81,0.82,0.82,0.8,0.8,0.81,0.92,0.92,0.92,0.92,0.92,0.9200000166893004,0.92,0.89,0.89,0.9200000166893004,0.92,0.9,0.9200000166893004,0.91,0.9,0.7599999904632568,0.76,0.7599999904632568,0.76,0.76,0.76,0.76,0.76,0.7599999904632568,0.76,0.76,0.76,0.76,0.92,0.92,0.92,0.92,0.92,0.79,0.79,0.79,0.8,0.79,0.77,0.8,0.78,0.8,0.77
0.6001809523809525,0.1072849419713383,0.8649980271537798,0.2664882451655885,0.4873867214984244,0.1670871446229913,0.8049293756397135,0.170825,0.8463237951807229,0.1328615819209039,0.3997973332171337,0.1171483310736651,0.0,0.1376695988276932,0.311596247079806,0.6339431962548119,0.7904425553838229,0.1167080132427867,0.3364640959017362,0.7060636942675161,0.8350211959057562,0.0209999999999999,0.2981943190097809,0.3629527688026428,0.4669157862663269,0.6800538897514343,0.5997605323791504,0.5997605323791504,0.5997605323791504,0.4325237274169922,0.3130833804607391,0.7333637475967407,0.4231561124324798,0.895798921585083,0.3860303163528442,0.2628227174282074,0.3578077852725982,0.6703513264656067,0.3893471956253052,0.3445527255535126,0.6821542978286743,0.8532529473304749,0.8532529473304749,0.8532529473304749,0.640220046043396,0.3851308226585388,0.3059883117675781,0.5615645051002502,0.6885959506034851,0.6885959506034851,0.6885959506034851,0.6898187398910522,0.290013313293457,0.75,0.75,0.74,0.77,0.76,0.77,0.83,0.85,0.85,0.87,0.87,0.84,0.84,0.84,0.86,0.86,0.87,0.86,0.84,0.88,0.88,0.85,0.69,0.69,0.69,0.69,0.68,0.68,0.79,0.79,0.81,0.8,0.81,0.82,0.8,0.81,0.85,0.73,0.72,0.71,0.72,0.72,0.71,0.71,0.76,0.76,0.76,0.77,0.76,0.74,0.76,0.76,0.77,0.79,0.74,0.75,0.76,0.88,0.88,0.88,0.88,0.88,0.8799999952316284,0.88,0.84,0.85,0.8799999952316284,0.88,0.86,0.8799999952316284,0.88,0.86,0.6899999976158142,0.69,0.6899999976158142,0.69,0.69,0.7,0.69,0.7,0.6899999976158142,0.69,0.71,0.71,0.71,0.91,0.91,0.91,0.91,0.91,0.75,0.74,0.74,0.76,0.74,0.71,0.75,0.73,0.76,0.7
0.574646440844379,0.0,0.8997181602747051,0.0519783891193892,0.3887996151641758,0.0,0.7393511677677492,0.0,0.7852316265060242,0.0,0.5355547954159223,0.0,0.926,0.0005399440229964,0.4267444798914818,0.3069622965213724,0.7524052035033488,0.0,0.3801672670367309,0.376479033970276,0.7074230338987063,0.0,0.4007883369922638,0.0491723641753196,0.4611648321151733,0.3131792545318603,0.6354682445526123,0.6354682445526123,0.6354682445526123,0.4312240779399872,0.0292644072324037,0.7196090817451477,0.1364487558603286,0.8701826930046082,0.0639504864811897,0.3171557784080505,0.0314025580883026,0.6570046544075012,0.1009241268038749,0.3497427701950073,0.3586666882038116,0.8762080073356628,0.8762080073356628,0.8762080073356628,0.5538881421089172,0.0782205611467361,0.317947655916214,0.2645982801914215,0.7184736132621765,0.7184736132621765,0.7184736132621765,0.700215220451355,0.0329668670892715,0.73,0.72,0.72,0.73,0.73,0.74,0.79,0.81,0.82,0.83,0.83,0.8,0.8,0.8,0.83,0.83,0.83,0.82,0.8,0.84,0.85,0.81,0.66,0.65,0.66,0.65,0.65,0.65,0.76,0.76,0.79,0.78,0.79,0.8,0.78,0.79,0.83,0.7,0.69,0.68,0.69,0.69,0.68,0.68,0.74,0.74,0.74,0.74,0.74,0.72,0.74,0.74,0.74,0.75,0.71,0.72,0.73,0.84,0.84,0.84,0.84,0.84,0.8399999737739563,0.84,0.8,0.81,0.8399999737739563,0.84,0.82,0.8399999737739563,0.84,0.82,0.6499999761581421,0.65,0.6499999761581421,0.65,0.65,0.66,0.65,0.67,0.6499999761581421,0.65,0.68,0.68,0.68,0.9,0.9,0.9,0.9,0.9,0.72,0.71,0.71,0.73,0.71,0.68,0.73,0.71,0.73,0.67
0.7172858124693177,0.0,0.9230280479872988,0.0035866961783286,0.389421230369197,0.0,0.7810100493160881,0.0,0.7695516867469879,0.0,0.4089644864699987,0.0,0.025,0.0,0.5119058755557789,0.0589058606357576,0.7967264296754251,0.0,0.4309206330459431,0.0619612526539278,0.6984295691874465,0.0,0.5125038623809814,0.0,0.5130867958068848,0.0324601344764232,0.6756515502929688,0.6756515502929688,0.6756515502929688,0.4386940896511078,0.0,0.7180256247520447,0.0053577669896185,0.853830873966217,4.579842789098621e-5,0.3898890912532806,0.0,0.6049441695213318,0.0009746860014274,0.3908849060535431,0.0617529265582561,0.9002445340156555,0.9002445340156555,0.9002445340156555,0.5089282393455505,5.521032653632574e-5,0.3715074062347412,0.0373367592692375,0.7354391813278198,0.7354391813278198,0.7354391813278198,0.7119064927101135,0.0,0.7,0.7,0.7,0.71,0.7,0.72,0.74,0.76,0.77,0.8,0.8,0.76,0.75,0.75,0.8,0.79,0.8,0.79,0.75,0.8,0.82,0.78,0.63,0.63,0.63,0.63,0.62,0.62,0.74,0.74,0.77,0.75,0.77,0.78,0.76,0.77,0.82,0.67,0.66,0.65,0.66,0.66,0.65,0.65,0.72,0.72,0.72,0.72,0.72,0.69,0.72,0.72,0.71,0.72,0.69,0.69,0.7,0.79,0.79,0.79,0.79,0.79,0.7900000214576721,0.79,0.77,0.78,0.7900000214576721,0.79,0.79,0.7900000214576721,0.82,0.79,0.6299999952316284,0.63,0.6299999952316284,0.63,0.63,0.64,0.63,0.65,0.6299999952316284,0.63,0.65,0.65,0.65,0.88,0.88,0.88,0.88,0.88,0.7,0.69,0.69,0.71,0.69,0.66,0.71,0.69,0.71,0.64
0.6111452135493373,0.0,0.9313805214297204,0.0,0.4919698508403134,0.0,0.7852997115474085,0.0,0.6349826506024097,0.0,0.2021554316092204,0.0,0.113,0.0,0.5786233766233767,0.0,0.5386579082946935,0.0,0.4802798216605646,0.0,0.6321312815836055,0.0,0.542102038860321,0.0,0.5240604281425476,0.0,0.6954457759857178,0.6954457759857178,0.6954457759857178,0.5168615579605103,0.0,0.7186852097511292,0.0,0.818713366985321,0.0,0.4302691221237182,0.0,0.5667260885238647,0.0,0.4479450583457947,0.0,0.9149304032325744,0.9149304032325744,0.9149304032325744,0.4385366141796112,0.0,0.4993429183959961,4.094031737622572e-6,0.727301836013794,0.727301836013794,0.727301836013794,0.7270503044128418,0.0,0.68,0.68,0.68,0.69,0.68,0.7,0.72,0.74,0.75,0.77,0.77,0.73,0.73,0.73,0.77,0.77,0.77,0.77,0.73,0.77,0.79,0.76,0.61,0.61,0.61,0.61,0.6,0.6,0.72,0.72,0.75,0.73,0.75,0.76,0.74,0.75,0.8,0.65,0.63,0.63,0.63,0.64,0.63,0.63,0.7,0.7,0.69,0.69,0.69,0.67,0.7,0.7,0.68,0.7,0.67,0.67,0.68,0.75,0.75,0.75,0.75,0.75,0.75,0.75,0.74,0.76,0.75,0.75,0.76,0.75,0.79,0.76,0.6200000047683716,0.62,0.6200000047683716,0.62,0.62,0.62,0.62,0.63,0.6200000047683716,0.62,0.63,0.63,0.63,0.86,0.86,0.87,0.86,0.87,0.69,0.68,0.68,0.7,0.68,0.64,0.7,0.68,0.7,0.62
0.5323284241531664,0.0,0.9296181104767316,0.0,0.4286511343975415,0.0,0.6885129803666139,0.0,0.6986660843373493,0.0,0.2822624079480588,0.0,0.044,0.0,0.535687281770454,0.0,0.1460378670788253,0.0,0.4425405692689264,0.0,0.5920701233535055,0.0,0.5429312586784363,0.0,0.4973601102828979,0.0,0.6927670836448669,0.6927670836448669,0.6927670836448669,0.5282267332077026,0.0,0.6634222865104675,0.0,0.8108834624290466,0.0,0.4092416167259216,0.0,0.5367254018783569,0.0,0.4209488332271576,0.0,0.9374836087226868,0.9374836087226868,0.9374836087226868,0.3842155635356903,0.0,0.4931001663208008,0.0,0.6811652779579163,0.6811652779579163,0.6811652779579163,0.7043588757514954,0.0,0.66,0.66,0.67,0.67,0.67,0.69,0.69,0.71,0.71,0.74,0.75,0.7,0.7,0.7,0.75,0.75,0.74,0.75,0.7,0.74,0.76,0.74,0.59,0.59,0.59,0.59,0.58,0.59,0.7,0.71,0.73,0.71,0.73,0.74,0.72,0.73,0.78,0.63,0.61,0.61,0.62,0.62,0.61,0.61,0.68,0.68,0.67,0.67,0.67,0.65,0.68,0.67,0.66,0.67,0.65,0.65,0.66,0.72,0.72,0.72,0.72,0.72,0.7200000286102295,0.72,0.72,0.74,0.7200000286102295,0.72,0.74,0.7200000286102295,0.77,0.74,0.6100000143051147,0.61,0.6100000143051147,0.61,0.61,0.61,0.61,0.62,0.6100000143051147,0.61,0.62,0.62,0.62,0.84,0.85,0.85,0.85,0.85,0.68,0.67,0.67,0.68,0.67,0.63,0.69,0.67,0.68,0.6
0.4752065783014236,0.0,0.9234426744650048,0.0,0.4818542296168493,0.0,0.4937205731832139,0.0,0.8260657228915662,0.0,0.4282591834066844,0.0,0.101,0.0,0.3878390564947626,0.0,0.2454907264296754,0.0,0.4340464745482462,0.0,0.4228018910159942,0.0,0.5107975006103516,0.0,0.4265221357345581,0.0,0.6812827587127686,0.6812827587127686,0.6812827587127686,0.4500951468944549,0.0,0.6006467342376709,0.0,0.8166207671165466,0.0,0.3747719526290893,0.0,0.5135983824729919,0.0,0.3739265501499176,0.0,0.9445896744728088,0.9445896744728088,0.9445896744728088,0.3778619468212127,0.0,0.413068562746048,0.0,0.6483902335166931,0.6483902335166931,0.6483902335166931,0.7085118889808655,0.0,0.64,0.64,0.65,0.65,0.65,0.67,0.67,0.68,0.69,0.72,0.73,0.68,0.68,0.68,0.73,0.73,0.72,0.73,0.68,0.71,0.74,0.72,0.58,0.58,0.58,0.58,0.57,0.57,0.69,0.69,0.71,0.7,0.72,0.72,0.71,0.71,0.77,0.61,0.6,0.6,0.6,0.61,0.6,0.6,0.66,0.66,0.65,0.65,0.65,0.64,0.66,0.65,0.64,0.65,0.64,0.64,0.64,0.7,0.7,0.7,0.7,0.7,0.699999988079071,0.7,0.7,0.72,0.699999988079071,0.7,0.72,0.699999988079071,0.75,0.72,0.6100000143051147,0.61,0.6100000143051147,0.61,0.61,0.61,0.61,0.61,0.6100000143051147,0.61,0.61,0.61,0.61,0.83,0.83,0.84,0.83,0.84,0.67,0.66,0.66,0.68,0.66,0.62,0.68,0.66,0.68,0.59
0.528407560137457,0.0,0.9178417880228028,0.0,0.3087441666719128,0.0,0.5209109518935516,0.0,0.8599297590361445,0.0,0.2712581811843653,0.0,0.0,0.0,0.2931944283955889,0.0,0.5580417310664606,0.0,0.3571776603283336,0.0,0.5529144643293445,0.0,0.4529106020927429,0.0,0.354647159576416,0.0,0.6679637432098389,0.6679637432098389,0.6679637432098389,0.4194225966930389,0.0,0.529349684715271,0.0,0.8269787430763245,0.0,0.3541899621486664,0.0,0.4830191135406494,0.0,0.3011787235736847,0.0,0.9388373494148254,0.9388373494148254,0.9388373494148254,0.3496198654174804,0.0,0.3337877690792084,0.0,0.5984356999397278,0.5984356999397278,0.5984356999397278,0.6819941997528076,0.0,0.63,0.63,0.64,0.64,0.64,0.66,0.65,0.66,0.66,0.7,0.72,0.66,0.66,0.65,0.71,0.72,0.7,0.72,0.66,0.68,0.73,0.71,0.58,0.57,0.58,0.57,0.57,0.57,0.69,0.68,0.7,0.69,0.71,0.72,0.7,0.71,0.76,0.61,0.6,0.59,0.6,0.6,0.59,0.6,0.64,0.64,0.63,0.64,0.63,0.63,0.64,0.63,0.63,0.64,0.63,0.63,0.63,0.69,0.69,0.69,0.69,0.69,0.6899999976158142,0.69,0.69,0.71,0.6899999976158142,0.69,0.71,0.6899999976158142,0.74,0.71,0.6000000238418579,0.6,0.6000000238418579,0.6,0.6,0.61,0.6,0.61,0.6000000238418579,0.6,0.6,0.6,0.6,0.83,0.83,0.83,0.83,0.83,0.67,0.66,0.66,0.67,0.66,0.61,0.68,0.66,0.67,0.58
0.4607018163966617,0.0,0.9107134344940212,0.0,0.1939553123136159,0.0,0.4820092118730808,0.0,0.9180157228915662,0.0,0.1897959823957471,0.0,0.0,0.0,0.1851141701625261,0.0,0.7302042761463164,0.0,0.3289925298216606,0.0,0.6430343562387009,0.0,0.3786476850509643,0.0,0.3071117699146271,0.0,0.6537063717842102,0.6537063717842102,0.6537063717842102,0.3756905198097229,0.0,0.4525562226772308,0.0,0.8261375427246094,0.0,0.3448205292224884,0.0,0.4193584024906158,0.0,0.2306044399738311,0.0,0.9375966787338256,0.9375966787338256,0.9375966787338256,0.3123401403427124,0.0,0.2627884745597839,0.0,0.5540867447853088,0.5540867447853088,0.5540867447853088,0.6075246334075928,0.0,0.63,0.63,0.64,0.64,0.64,0.66,0.64,0.65,0.65,0.69,0.72,0.65,0.65,0.64,0.71,0.72,0.7,0.72,0.65,0.67,0.73,0.71,0.58,0.58,0.58,0.58,0.57,0.57,0.68,0.68,0.69,0.68,0.7,0.71,0.69,0.7,0.76,0.61,0.6,0.6,0.6,0.61,0.6,0.6,0.62,0.62,0.61,0.62,0.61,0.62,0.62,0.62,0.62,0.63,0.62,0.62,0.62,0.69,0.69,0.69,0.69,0.69,0.6899999976158142,0.69,0.68,0.71,0.6899999976158142,0.69,0.71,0.6899999976158142,0.74,0.7,0.5899999737739563,0.59,0.5899999737739563,0.59,0.59,0.61,0.59,0.6,0.5899999737739563,0.59,0.6,0.59,0.59,0.82,0.82,0.82,0.82,0.82,0.67,0.66,0.66,0.67,0.66,0.61,0.68,0.65,0.67,0.58
0.4884943544428081,0.0,0.9017457267844052,0.0,0.2796880021976707,0.0,0.4161269191402252,0.0,0.9088859638554216,0.0,0.1878704518715412,0.0,0.368,0.0,0.1848531236655028,0.0,0.4511251931993818,0.0,0.3031323373095548,0.0,0.5500498241777912,0.0,0.3132222294807434,0.0,0.2657909095287323,0.0,0.635048508644104,0.635048508644104,0.635048508644104,0.3489328622817993,0.0,0.3673478066921234,0.0,0.813452959060669,0.0,0.3052033483982086,0.0,0.3584613800048828,0.0,0.1950451433658599,0.0,0.9312683343887328,0.9312683343887328,0.9312683343887328,0.2925874292850494,0.0,0.2153768837451934,0.0,0.4833274781703949,0.4833274781703949,0.4833274781703949,0.5700310468673706,0.0,0.63,0.63,0.64,0.64,0.64,0.65,0.63,0.64,0.65,0.69,0.72,0.64,0.64,0.64,0.71,0.72,0.7,0.72,0.64,0.67,0.73,0.71,0.59,0.59,0.59,0.59,0.58,0.59,0.68,0.68,0.7,0.69,0.7,0.71,0.69,0.7,0.76,0.62,0.61,0.61,0.61,0.62,0.61,0.61,0.6,0.6,0.6,0.62,0.6,0.62,0.6,0.6,0.62,0.62,0.62,0.62,0.62,0.7,0.7,0.7,0.7,0.7,0.699999988079071,0.7,0.69,0.71,0.699999988079071,0.7,0.71,0.699999988079071,0.74,0.7,0.5899999737739563,0.59,0.5899999737739563,0.59,0.59,0.61,0.59,0.6,0.5899999737739563,0.59,0.6,0.59,0.59,0.82,0.82,0.82,0.82,0.82,0.67,0.66,0.66,0.67,0.66,0.62,0.68,0.66,0.67,0.59
0.4523273441335297,0.0,0.8910590838397826,0.0,0.2190700239225019,0.0,0.3826687447659812,0.0,0.9205287349397592,0.0,0.2354530480630964,0.0,0.941,0.0,0.1775624858700294,0.0,0.3003884595569294,0.0,0.2997688378410299,0.0,0.6072323817240532,0.0,0.2499886602163314,0.0,0.2247217148542404,0.0,0.6112858653068542,0.6112858653068542,0.6112858653068542,0.3853474259376526,0.0,0.2837155163288116,0.0,0.7830707430839539,0.0,0.25504270195961,0.0,0.3027406632900238,0.0,0.1606464087963104,0.0,0.9274489879608154,0.9274489879608154,0.9274489879608154,0.2610480487346649,0.0,0.1855698823928833,0.0,0.4237595796585083,0.4237595796585083,0.4237595796585083,0.5640547275543213,0.0,0.64,0.64,0.65,0.65,0.64,0.66,0.63,0.65,0.65,0.7,0.73,0.65,0.64,0.64,0.72,0.73,0.71,0.73,0.64,0.68,0.74,0.72,0.61,0.61,0.61,0.61,0.6,0.6,0.69,0.69,0.71,0.7,0.72,0.73,0.7,0.72,0.77,0.63,0.63,0.62,0.63,0.63,0.62,0.62,0.6,0.6,0.6,0.62,0.6,0.62,0.6,0.6,0.63,0.62,0.63,0.62,0.62,0.71,0.71,0.71,0.71,0.71,0.7099999785423279,0.71,0.69,0.72,0.7099999785423279,0.71,0.72,0.7099999785423279,0.75,0.71,0.5899999737739563,0.59,0.5899999737739563,0.59,0.59,0.61,0.59,0.61,0.5899999737739563,0.59,0.6,0.6,0.6,0.82,0.82,0.82,0.82,0.82,0.69,0.68,0.68,0.69,0.68,0.63,0.7,0.67,0.69,0.6
0.4641980363279332,0.0,0.8771201417595756,0.0,0.2628944395864165,0.0,0.3462437889643621,0.0,0.9099801807228916,0.0,0.3228399494531352,0.0,0.771,0.0,0.1400448893466301,0.0,0.1565558990211231,0.0,0.2512293905751742,0.0,0.6628507387668868,0.0,0.1982791870832443,0.0,0.1970586776733398,0.0,0.5839188694953918,0.5839188694953918,0.5839188694953918,0.4124359786510467,0.0002947215980384,0.2240497022867202,0.0,0.7658341526985168,3.17056378662528e-6,0.2242410033941269,0.0,0.271547257900238,0.0,0.1360858827829361,0.0,0.9258201122283936,0.9258201122283936,0.9258201122283936,0.2394545674324035,0.0,0.1515126079320907,0.0,0.3689168691635132,0.3689168691635132,0.3689168691635132,0.5522400736808777,0.0004163109406363,0.66,0.65,0.66,0.66,0.66,0.67,0.64,0.66,0.67,0.72,0.75,0.65,0.65,0.65,0.74,0.74,0.73,0.74,0.65,0.69,0.76,0.73,0.63,0.63,0.63,0.63,0.63,0.63,0.71,0.71,0.73,0.72,0.74,0.75,0.73,0.74,0.79,0.65,0.66,0.65,0.66,0.66,0.65,0.65,0.6,0.6,0.61,0.64,0.61,0.63,0.6,0.61,0.64,0.63,0.64,0.63,0.63,0.73,0.73,0.73,0.73,0.73,0.7300000190734863,0.73,0.71,0.73,0.7300000190734863,0.73,0.73,0.7300000190734863,0.76,0.73,0.6000000238418579,0.6,0.6000000238418579,0.6,0.6,0.63,0.6,0.62,0.6000000238418579,0.6,0.61,0.61,0.61,0.83,0.83,0.83,0.83,0.83,0.7,0.7,0.7,0.7,0.69,0.66,0.72,0.69,0.7,0.63
0.4523108492881689,0.0077344299730049,0.8563998873652443,0.0,0.4384730228976852,0.1714877273529931,0.2804552898483297,0.039925,0.8876231325301205,0.1938587570621469,0.3657719726349732,0.0971261540448059,0.723,0.0047644122027822,0.0900017332763948,0.0034298984572974,0.1320213807315816,0.0767782351330081,0.2027863765206094,0.0014243630573248,0.653508211852964,0.0735,0.1554587185382843,0.0156816784292459,0.179963082075119,0.0,0.545287013053894,0.545287013053894,0.545287013053894,0.3939303457736969,0.0884617790579795,0.1715812385082245,0.0123641910031437,0.7574642896652222,0.0786864310503006,0.197211667895317,0.0447961948812007,0.2354635745286941,0.0065649319440126,0.1201423108577728,0.0022108682896941,0.9227926135063172,0.9227926135063172,0.9227926135063172,0.2296554446220398,0.0349010825157165,0.1141900718212127,0.0060403593815863,0.3300381004810333,0.3300381004810333,0.3300381004810333,0.5757657289505005,0.0977083593606948,0.68,0.67,0.68,0.69,0.68,0.69,0.66,0.68,0.69,0.75,0.77,0.68,0.67,0.67,0.76,0.76,0.75,0.76,0.67,0.72,0.79,0.76,0.68,0.68,0.68,0.68,0.67,0.68,0.73,0.73,0.77,0.76,0.77,0.78,0.77,0.77,0.82,0.71,0.71,0.71,0.71,0.72,0.71,0.71,0.62,0.62,0.63,0.66,0.63,0.65,0.62,0.63,0.67,0.66,0.66,0.65,0.65,0.76,0.76,0.76,0.76,0.76,0.7599999904632568,0.76,0.74,0.76,0.7599999904632568,0.76,0.76,0.7599999904632568,0.78,0.75,0.6299999952316284,0.63,0.6299999952316284,0.63,0.63,0.65,0.63,0.65,0.6299999952316284,0.63,0.64,0.64,0.64,0.84,0.84,0.84,0.84,0.84,0.74,0.73,0.73,0.74,0.73,0.7,0.75,0.73,0.74,0.67
0.4853130093274423,0.1900884137734478,0.822186526002725,0.1831597124630044,0.5006405808866234,0.4792813438107012,0.2099685493626127,0.2696499999999999,0.8745872289156627,0.2259463276836158,0.3909369035687829,0.4277244173284266,0.896,0.227040595997572,0.0610178602828506,0.1512177544031945,0.1760309119010819,0.2597138943753553,0.1720687374512814,0.1284434713375796,0.5857428529544404,0.0235,0.1272587329149246,0.2899477779865265,0.1684061735868454,0.1279758214950561,0.5131677389144897,0.5131677389144897,0.5131677389144897,0.3145186305046081,0.3676280081272125,0.1311063170433044,0.2275420129299163,0.7399102449417114,0.3707170486450195,0.1648287326097488,0.321731835603714,0.2138184905052185,0.2240721136331558,0.1105865091085434,0.1782643795013427,0.9212350845336914,0.9212350845336914,0.9212350845336914,0.2043819427490234,0.315814197063446,0.0877610743045806,0.2091783136129379,0.2969028055667877,0.2969028055667877,0.2969028055667877,0.5276753306388855,0.3844141364097595,0.73,0.73,0.73,0.73,0.73,0.73,0.71,0.73,0.74,0.79,0.81,0.72,0.72,0.72,0.8,0.81,0.79,0.81,0.72,0.76,0.83,0.8,0.72,0.72,0.72,0.72,0.71,0.72,0.79,0.79,0.82,0.81,0.82,0.83,0.82,0.82,0.85,0.76,0.76,0.75,0.76,0.76,0.75,0.75,0.66,0.66,0.67,0.71,0.67,0.7,0.66,0.67,0.71,0.7,0.7,0.7,0.7,0.8,0.8,0.8,0.8,0.8,0.800000011920929,0.8,0.78,0.8,0.800000011920929,0.8,0.8,0.800000011920929,0.82,0.79,0.6899999976158142,0.69,0.6899999976158142,0.69,0.69,0.71,0.69,0.7,0.6899999976158142,0.69,0.69,0.69,0.69,0.86,0.86,0.85,0.86,0.85,0.81,0.79,0.79,0.82,0.8,0.75,0.81,0.79,0.82,0.73
0.2867346097201767,0.3275786645048639,0.7120197414701439,0.5170934109689134,0.365434489165405,0.5643290658661487,0.0884980924909276,0.5992249999999999,0.8463469879518073,0.3116016949152542,0.2389137217307944,0.5670893537349087,0.866,0.4792348531232033,0.0339834710743801,0.5258342772088427,0.0359157650695517,0.4009449206099841,0.0937245187197354,0.5356799363057326,0.43792534397865,0.138,0.0726739093661308,0.6608101725578308,0.1354982852935791,0.5298587083816528,0.485437661409378,0.485437661409378,0.485437661409378,0.2015269845724105,0.6118882298469543,0.0654540657997131,0.5445170998573303,0.7034950852394104,0.6555679440498352,0.0941120088100433,0.6266941428184509,0.1532572507858276,0.5575520992279053,0.0980433523654937,0.535359263420105,0.9241928458213806,0.9241928458213806,0.9241928458213806,0.1274154782295227,0.6339362859725952,0.0524503774940967,0.5296714305877686,0.2812389731407165,0.2812389731407165,0.2812389731407165,0.4130706191062927,0.6018993258476257,0.75,0.74,0.74,0.75,0.74,0.75,0.75,0.77,0.78,0.83,0.85,0.77,0.76,0.76,0.85,0.85,0.84,0.85,0.76,0.81,0.87,0.84,0.73,0.73,0.74,0.73,0.73,0.73,0.83,0.83,0.86,0.85,0.86,0.86,0.86,0.86,0.88,0.8,0.78,0.77,0.78,0.79,0.77,0.77,0.71,0.71,0.72,0.75,0.72,0.73,0.71,0.72,0.76,0.75,0.74,0.74,0.75,0.85,0.85,0.85,0.85,0.85,0.8500000238418579,0.85,0.84,0.85,0.8500000238418579,0.85,0.85,0.8500000238418579,0.86,0.85,0.7200000286102295,0.72,0.7200000286102295,0.72,0.72,0.74,0.72,0.73,0.7200000286102295,0.72,0.72,0.71,0.71,0.87,0.88,0.88,0.88,0.88,0.83,0.82,0.82,0.83,0.82,0.78,0.85,0.82,0.83,0.75
0.1677719194894452,0.4290235594006228,0.5658212431825652,0.712330189972415,0.3742264595268798,0.2435878509623875,0.0256830743463292,0.722275,0.8364147590361446,0.1798559322033898,0.1964929626563248,0.5566579185228226,0.594,0.4898164583488461,0.00930910095707,0.7972782382749237,0.0827704791344667,0.5197289329587786,0.042678723278611,0.8231040339702761,0.453275776766635,0.438,0.0546725392341613,0.7959227561950684,0.0663375928997993,0.8242207765579224,0.4500684142112732,0.4500684142112732,0.4500684142112732,0.1773159503936767,0.7271856069564819,0.0332718566060066,0.6981458067893982,0.706861674785614,0.7929091453552246,0.0652906894683837,0.7926750183105469,0.1058981642127037,0.6995642185211182,0.059240385890007,0.7802919745445251,0.9288923144340516,0.9288923144340516,0.9288923144340516,0.0972263291478157,0.7534565925598145,0.0232037492096424,0.7332858443260193,0.2649790048599243,0.2649790048599243,0.2649790048599243,0.3891707062721252,0.6992644667625427,0.76,0.75,0.75,0.77,0.76,0.76,0.8,0.82,0.82,0.86,0.88,0.81,0.81,0.81,0.87,0.87,0.86,0.87,0.81,0.85,0.89,0.86,0.75,0.75,0.75,0.75,0.75,0.75,0.85,0.85,0.88,0.87,0.88,0.89,0.88,0.88,0.9,0.81,0.8,0.79,0.8,0.81,0.79,0.79,0.74,0.74,0.75,0.78,0.75,0.76,0.74,0.75,0.78,0.79,0.76,0.76,0.77,0.87,0.87,0.87,0.87,0.87,0.8700000047683716,0.87,0.86,0.87,0.8700000047683716,0.87,0.88,0.8700000047683716,0.89,0.87,0.7400000095367432,0.74,0.7400000095367432,0.74,0.74,0.77,0.74,0.75,0.7400000095367432,0.74,0.74,0.73,0.73,0.89,0.89,0.89,0.89,0.89,0.84,0.83,0.83,0.83,0.83,0.8,0.87,0.83,0.83,0.77
0.1062112911143839,0.4454436152337631,0.4509233992006052,0.8208124561694314,0.3284339017995856,0.2638744702454529,0.0091080301479482,0.73295,0.8089821686746987,0.238183615819209,0.1266607695324415,0.5503251662470139,0.491,0.5671148661878119,0.0045152352483106,0.8904345706764728,0.0817328696548171,0.5327895392995673,0.0032956478091413,0.9108389065817412,0.468933430661586,0.0485,0.0594387799501419,0.8301858305931091,0.0439669266343116,0.9013838768005372,0.4120725989341736,0.4120725989341736,0.4120725989341736,0.1947787851095199,0.8042869567871094,0.0181186236441135,0.7502939105033875,0.6912319660186768,0.8337275981903076,0.0546911247074604,0.8597577810287476,0.0994787067174911,0.7435495257377625,0.0449485406279563,0.8387682437896729,0.9368542432785034,0.9368542432785034,0.9368542432785034,0.084616519510746,0.784786581993103,0.0133533328771591,0.7840337753295898,0.2555045187473297,0.2555045187473297,0.2555045187473297,0.3917137086391449,0.7632783055305481,0.77,0.76,0.76,0.78,0.77,0.78,0.83,0.84,0.85,0.88,0.89,0.84,0.84,0.84,0.88,0.88,0.88,0.88,0.84,0.87,0.9,0.87,0.77,0.76,0.77,0.77,0.76,0.76,0.86,0.86,0.9,0.89,0.9,0.91,0.9,0.9,0.91,0.82,0.81,0.8,0.81,0.81,0.8,0.8,0.78,0.78,0.78,0.81,0.78,0.78,0.78,0.79,0.8,0.81,0.78,0.79,0.79,0.9,0.9,0.9,0.9,0.9,0.8999999761581421,0.9,0.88,0.88,0.8999999761581421,0.9,0.89,0.8999999761581421,0.9,0.89,0.7599999904632568,0.76,0.7599999904632568,0.76,0.76,0.78,0.76,0.77,0.7599999904632568,0.76,0.75,0.74,0.74,0.89,0.9,0.9,0.9,0.9,0.85,0.85,0.85,0.83,0.84,0.81,0.88,0.84,0.83,0.79
0.091554442808051,0.4626288406281759,0.3191270643240903,0.8414310843923434,0.3443089148905206,0.2856510021190182,0.0073902484414255,0.74495,0.7828180120481927,0.4009689265536723,0.0683324327857423,0.6153572858157401,0.344,0.664956319273754,0.0019446356351578,0.9163300757776288,0.0819466769706337,0.6089208505710018,0.002088992559348,0.925910031847134,0.4765351201969998,0.0955,0.0657170414924621,0.8415770530700684,0.0330874696373939,0.9279783964157104,0.3707073926925659,0.3707073926925659,0.3707073926925659,0.1846475750207901,0.8593502640724182,0.0113981207832694,0.7803422212600708,0.6627553701400757,0.8504047393798828,0.0489366203546524,0.8843404650688171,0.1012528464198112,0.7704216837882996,0.0435753799974918,0.8627755045890808,0.9451101422309875,0.9451101422309875,0.9451101422309875,0.0820350423455238,0.8027113676071167,0.0101509941741824,0.8060162663459778,0.2640460431575775,0.2640460431575775,0.2640460431575775,0.3752458989620209,0.8107523322105408,0.78,0.77,0.77,0.79,0.78,0.79,0.84,0.86,0.86,0.89,0.9,0.85,0.85,0.85,0.89,0.89,0.89,0.88,0.85,0.89,0.91,0.88,0.78,0.78,0.78,0.78,0.78,0.78,0.87,0.87,0.91,0.91,0.92,0.92,0.91,0.92,0.92,0.83,0.82,0.81,0.82,0.82,0.81,0.81,0.8,0.8,0.8,0.83,0.8,0.79,0.8,0.81,0.82,0.84,0.79,0.8,0.81,0.91,0.91,0.91,0.91,0.91,0.9100000262260436,0.91,0.89,0.9,0.9100000262260436,0.91,0.91,0.9100000262260436,0.91,0.9,0.7799999713897705,0.78,0.7799999713897705,0.78,0.78,0.8,0.78,0.78,0.7799999713897705,0.78,0.77,0.76,0.76,0.9,0.91,0.9,0.91,0.9,0.86,0.86,0.86,0.84,0.86,0.83,0.87,0.86,0.84,0.8
0.1193052528227786,0.5270475691058124,0.2203067869988262,0.8496328173697513,0.2833643087103901,0.3369900891753488,0.0072321578114822,0.746175,0.748030843373494,0.4063644067796609,0.0225683907795546,0.7783157724836981,0.166,0.5553312751110456,0.0001112311286392,0.9023105925119924,0.0879031427099433,0.625555715013052,0.0009971949923231,0.9134689490445862,0.4584266097008737,0.201,0.0666846930980682,0.8593399524688721,0.0252778269350528,0.9429365992546082,0.3367473185062408,0.3367473185062408,0.3367473185062408,0.167573019862175,0.8923945426940918,0.0086881844326853,0.8033021688461304,0.6317138671875,0.8520728349685669,0.0490717589855194,0.909979283809662,0.0944817438721656,0.7932612895965576,0.0454494282603263,0.8737762570381165,0.9539110064506532,0.9539110064506532,0.9539110064506532,0.1035861223936081,0.8062081933021545,0.0111684817820787,0.8370962738990784,0.2733305692672729,0.2733305692672729,0.2733305692672729,0.3419622480869293,0.8413781523704529,0.79,0.78,0.78,0.8,0.79,0.8,0.85,0.86,0.87,0.89,0.9,0.86,0.86,0.86,0.9,0.9,0.9,0.89,0.86,0.89,0.91,0.88,0.79,0.79,0.79,0.79,0.79,0.79,0.88,0.88,0.93,0.93,0.93,0.93,0.93,0.93,0.93,0.84,0.83,0.82,0.83,0.83,0.82,0.82,0.81,0.82,0.82,0.84,0.82,0.8,0.81,0.83,0.84,0.85,0.81,0.82,0.83,0.92,0.92,0.92,0.92,0.92,0.9200000166893004,0.92,0.9,0.9,0.9200000166893004,0.92,0.91,0.9200000166893004,0.92,0.91,0.7900000214576721,0.79,0.7900000214576721,0.79,0.79,0.8,0.79,0.79,0.7900000214576721,0.79,0.78,0.77,0.77,0.91,0.91,0.91,0.91,0.91,0.87,0.87,0.87,0.85,0.87,0.84,0.88,0.87,0.85,0.82
0.1587846833578792,0.5211171170767194,0.1677250431063517,0.8368149308131074,0.2259138058952741,0.4334096989228325,0.0112391365032102,0.673425,0.6901457228915663,0.5506355932203391,0.0459842694670791,0.7146520433856285,0.03,0.6093995169068654,0.0001406717074028,0.8093750597926068,0.1341179804224626,0.6128137652673086,0.0021851600330695,0.891893312101911,0.472866206200699,0.349,0.0659340769052505,0.8428218960762024,0.0243138130754232,0.9488214254379272,0.3137458860874176,0.3137458860874176,0.3137458860874176,0.1634125560522079,0.907702624797821,0.0097216870635747,0.8034114241600037,0.5955907106399536,0.8374556303024292,0.0682311952114105,0.9055201411247252,0.0902905613183975,0.7939966917037964,0.0478167571127414,0.8766950964927673,0.9613440036773682,0.9613440036773682,0.9613440036773682,0.1542588621377945,0.7823979258537292,0.0160025507211685,0.8533270359039307,0.3080216348171234,0.3080216348171234,0.3080216348171234,0.325832337141037,0.8532516956329346,0.79,0.79,0.78,0.8,0.8,0.81,0.86,0.87,0.88,0.9,0.9,0.87,0.87,0.87,0.9,0.9,0.9,0.89,0.87,0.9,0.92,0.88,0.8,0.8,0.8,0.8,0.8,0.8,0.9,0.9,0.93,0.93,0.94,0.94,0.93,0.94,0.94,0.84,0.83,0.83,0.83,0.84,0.83,0.83,0.83,0.84,0.84,0.85,0.84,0.81,0.83,0.85,0.85,0.86,0.82,0.83,0.84,0.94,0.94,0.94,0.94,0.94,0.9399999976158142,0.94,0.91,0.91,0.9399999976158142,0.94,0.92,0.9399999976158142,0.93,0.92,0.800000011920929,0.8,0.800000011920929,0.8,0.8,0.81,0.8,0.8,0.800000011920929,0.8,0.79,0.79,0.79,0.91,0.91,0.91,0.91,0.91,0.87,0.88,0.87,0.85,0.87,0.85,0.89,0.88,0.85,0.83
0.1431450171821305,0.6963903695621068,0.1672961531620767,0.8221637014491632,0.3025816278958327,0.3124731811760551,0.014885642504885,0.7763,0.6014959638554217,0.7745508474576271,0.0373265066015948,0.7633435341209891,0.0,0.7995707554372219,0.0003086236780627,0.7898006631763133,0.127736991241628,0.6969235441031286,0.0051483701429077,0.880971337579618,0.5489500332491926,0.615,0.0670974403619766,0.8075453639030457,0.0345314256846904,0.9443749189376832,0.2997876405715942,0.2997876405715942,0.2997876405715942,0.1910153925418853,0.9080021977424622,0.0155307399109005,0.791214644908905,0.547422468662262,0.8161185383796692,0.1077059209346771,0.8989658951759338,0.092249110341072,0.7901780009269714,0.053455650806427,0.8750660419464111,0.9693275094032288,0.9693275094032288,0.9693275094032288,0.2108408659696579,0.7530364990234375,0.0212854500859975,0.8503870368003845,0.3573901355266571,0.3573901355266571,0.3573901355266571,0.3299365937709808,0.8480753898620605,0.8,0.8,0.78,0.81,0.81,0.81,0.86,0.87,0.88,0.91,0.91,0.87,0.87,0.87,0.91,0.91,0.91,0.9,0.87,0.9,0.92,0.89,0.8,0.8,0.8,0.8,0.8,0.8,0.91,0.91,0.94,0.94,0.94,0.95,0.94,0.94,0.94,0.84,0.83,0.83,0.83,0.83,0.83,0.83,0.84,0.85,0.85,0.86,0.85,0.82,0.84,0.86,0.86,0.87,0.83,0.84,0.85,0.94,0.94,0.94,0.94,0.94,0.9399999976158142,0.94,0.92,0.92,0.9399999976158142,0.94,0.93,0.9399999976158142,0.93,0.92,0.8100000023841858,0.81,0.8100000023841858,0.81,0.81,0.81,0.81,0.81,0.8100000023841858,0.81,0.8,0.8,0.8,0.91,0.91,0.91,0.91,0.91,0.88,0.88,0.88,0.86,0.88,0.85,0.89,0.89,0.86,0.83
0.1272243495336278,0.7626053511461576,0.2313287987166637,0.8253777317051781,0.2972034134992574,0.3151671154864913,0.0202683539592444,0.7859750000000001,0.5472334939759036,0.4740790960451977,0.4977805568870102,0.779865969397637,0.0,0.8164115449682388,9.289356678138113e-5,0.8385038647745269,0.1220407006697578,0.7723976560633574,0.0070012696350537,0.8850416666666667,0.5965715245222545,0.8665,0.0789923295378685,0.7576805949211121,0.0507086813449859,0.937876522541046,0.2976832389831543,0.2976832389831543,0.2976832389831543,0.2785451710224151,0.904624044895172,0.0254014357924461,0.7699003219604492,0.501618504524231,0.7818796038627625,0.131328135728836,0.8745940327644348,0.0987952202558517,0.7760456204414368,0.0599717684090137,0.8697056770324707,0.9727144241333008,0.9727144241333008,0.9727144241333008,0.2603374123573303,0.7265182733535767,0.0280844550579786,0.8361936807632446,0.4056058526039123,0.4056058526039123,0.4056058526039123,0.3510413765907287,0.8449155688285828,0.8,0.8,0.79,0.82,0.81,0.82,0.86,0.87,0.88,0.91,0.91,0.87,0.87,0.87,0.91,0.91,0.91,0.9,0.87,0.9,0.92,0.89,0.81,0.81,0.81,0.81,0.81,0.81,0.92,0.92,0.94,0.94,0.95,0.95,0.94,0.95,0.95,0.84,0.83,0.83,0.83,0.84,0.83,0.83,0.86,0.87,0.87,0.87,0.87,0.83,0.86,0.88,0.87,0.88,0.84,0.84,0.86,0.95,0.95,0.95,0.95,0.95,0.949999988079071,0.95,0.93,0.93,0.949999988079071,0.95,0.94,0.949999988079071,0.94,0.93,0.8100000023841858,0.81,0.8100000023841858,0.81,0.81,0.82,0.81,0.82,0.8100000023841858,0.81,0.82,0.81,0.81,0.91,0.91,0.92,0.91,0.92,0.89,0.89,0.89,0.87,0.89,0.86,0.9,0.9,0.87,0.84
0.1680699067255768,0.6699662235181698,0.376813197298177,0.8021760201299767,0.266340943042967,0.3952687842133146,0.0287435563413045,0.6683999999999999,0.4923529518072289,0.6287175141242937,0.2876034685607215,0.6655185615598167,0.0,0.7875355909211356,0.0002858650054007,0.8085069346273703,0.059850592478104,0.7221870735765654,0.0076892642021967,0.8968858811040341,0.6227788048884134,0.3939999999999999,0.0831237956881523,0.6994724273681641,0.0633129477500915,0.9252021908760072,0.3112238645553589,0.3112238645553589,0.3112238645553589,0.3395699262619018,0.8874584436416626,0.0358623228967189,0.7473462820053101,0.4699076116085052,0.7421694397926331,0.1524833440780639,0.8446325659751892,0.1022118553519249,0.7494267225265503,0.0678582414984703,0.8659185171127319,0.9765703678131104,0.9765703678131104,0.9765703678131104,0.2596540153026581,0.6708788275718689,0.0342594273388385,0.8255124688148499,0.4539446532726288,0.4539446532726288,0.4539446532726288,0.3424596786499023,0.8265862464904785,0.81,0.81,0.79,0.82,0.82,0.82,0.86,0.87,0.88,0.91,0.91,0.87,0.87,0.87,0.92,0.91,0.91,0.91,0.87,0.9,0.93,0.9,0.81,0.81,0.81,0.81,0.81,0.81,0.93,0.93,0.95,0.95,0.96,0.96,0.95,0.96,0.95,0.84,0.83,0.83,0.83,0.84,0.83,0.83,0.87,0.88,0.88,0.88,0.88,0.84,0.87,0.89,0.87,0.89,0.85,0.85,0.87,0.95,0.95,0.95,0.95,0.95,0.949999988079071,0.95,0.94,0.94,0.949999988079071,0.95,0.94,0.949999988079071,0.94,0.94,0.8199999928474426,0.82,0.8199999928474426,0.82,0.82,0.82,0.82,0.83,0.8199999928474426,0.82,0.83,0.83,0.83,0.92,0.92,0.92,0.92,0.92,0.9,0.9,0.9,0.88,0.9,0.87,0.9,0.9,0.88,0.85
0.1869447226313206,0.6282389647138485,0.5468869207864838,0.7298345245961995,0.1827802662839582,0.5552100256048031,0.0392719828789429,0.5560750000000001,0.5046515662650602,0.5562711864406779,0.3109943352651531,0.6910817354251404,0.0,0.7506003515307306,0.0007115476399809,0.8276378069707855,0.03672076249356,0.626310526528504,0.0081273768749261,0.8949761146496816,0.5936097207466781,0.5599999999999999,0.0859354585409164,0.650414228439331,0.0768228769302368,0.9055611491203308,0.3371832966804504,0.3371832966804504,0.3371832966804504,0.4032837450504303,0.8432144522666931,0.0475942529737949,0.7233986258506775,0.4367796182632446,0.6916860342025757,0.1754527539014816,0.7821378707885742,0.1110527738928794,0.7264451384544373,0.0766767784953117,0.8569533228874207,0.9761573076248168,0.9761573076248168,0.9761573076248168,0.2786374986171722,0.6451314091682434,0.0426103100180625,0.8184491991996765,0.5044124722480774,0.5044124722480774,0.5044124722480774,0.3009836077690124,0.7665233612060547,0.81,0.81,0.79,0.82,0.82,0.82,0.86,0.87,0.88,0.91,0.91,0.87,0.87,0.87,0.92,0.91,0.91,0.91,0.87,0.9,0.93,0.9,0.79,0.79,0.79,0.79,0.79,0.79,0.92,0.92,0.93,0.93,0.94,0.94,0.93,0.94,0.94,0.82,0.81,0.81,0.81,0.81,0.81,0.81,0.88,0.89,0.89,0.88,0.89,0.85,0.88,0.89,0.88,0.89,0.85,0.86,0.87,0.95,0.95,0.95,0.95,0.95,0.949999988079071,0.95,0.94,0.94,0.949999988079071,0.95,0.94,0.949999988079071,0.95,0.94,0.8299999833106995,0.83,0.8299999833106995,0.83,0.83,0.82,0.83,0.83,0.8299999833106995,0.83,0.83,0.83,0.83,0.92,0.92,0.92,0.92,0.92,0.89,0.89,0.89,0.88,0.89,0.86,0.9,0.89,0.88,0.84
0.2022589101620029,0.56972874190537,0.6660856367961927,0.5671911253437228,0.2870178020861749,0.4053135926187534,0.0558415371731646,0.470425,0.5458843975903613,0.5016468926553672,0.593221273258094,0.4617903673574794,0.616,0.5850507513700383,0.0007807279760858,0.7381146282840008,0.0182964966512107,0.5536245657220218,0.0088329396480453,0.8598930467091297,0.4508642687137494,0.665,0.0740159824490547,0.5828396081924438,0.0866372138261795,0.8676799535751343,0.359601229429245,0.359601229429245,0.359601229429245,0.4770233035087585,0.6853861808776855,0.0582915805280208,0.671087920665741,0.4038052260875702,0.5899195671081543,0.1630436778068542,0.6571893095970154,0.1138733699917793,0.6694668531417847,0.0852517783641815,0.8185068368911743,0.9762617349624634,0.9762617349624634,0.9762617349624634,0.2572572231292724,0.5666269063949585,0.0532080642879009,0.7816411852836609,0.57147616147995,0.57147616147995,0.57147616147995,0.2698002159595489,0.6149708032608032,0.78,0.79,0.77,0.8,0.8,0.8,0.84,0.86,0.86,0.9,0.9,0.85,0.85,0.85,0.9,0.9,0.9,0.89,0.85,0.89,0.91,0.88,0.75,0.74,0.74,0.74,0.74,0.74,0.89,0.89,0.9,0.91,0.9,0.9,0.9,0.91,0.9,0.77,0.76,0.76,0.76,0.77,0.76,0.76,0.85,0.86,0.86,0.86,0.86,0.83,0.85,0.87,0.85,0.87,0.82,0.83,0.84,0.92,0.92,0.92,0.92,0.92,0.9200000166893004,0.92,0.91,0.92,0.9200000166893004,0.92,0.92,0.9200000166893004,0.93,0.92,0.8199999928474426,0.82,0.8199999928474426,0.82,0.82,0.8,0.82,0.81,0.8199999928474426,0.82,0.81,0.81,0.81,0.9,0.9,0.9,0.9,0.9,0.85,0.84,0.84,0.82,0.84,0.82,0.88,0.84,0.82,0.8
0.1840671575846834,0.2259619830697281,0.7427352738160997,0.2737009733305326,0.5827353295722495,0.0812808582023662,0.0697764027170373,0.15765,0.4980265662650602,0.1999632768361582,0.3584081223582726,0.0794845051326748,0.0,0.2514642491402752,0.0006024014670049,0.5584707993652117,0.0279162802679031,0.1958306073584028,0.0245241525924176,0.7230167197452231,0.2959799175962041,0.3195,0.091486245393753,0.3430770933628082,0.1027318835258483,0.7207008600234985,0.3752349317073822,0.3752349317073822,0.3752349317073822,0.5035974383354187,0.3204759657382965,0.07096828520298,0.5167359709739685,0.3716865181922912,0.3601551353931427,0.1859898716211319,0.3252057433128357,0.1136543974280357,0.4692927896976471,0.0905899107456207,0.699629545211792,0.9737460613250732,0.9737460613250732,0.9737460613250732,0.2326402068138122,0.3696832358837127,0.0631166100502014,0.6462069749832153,0.6431351900100708,0.6431351900100708,0.6431351900100708,0.2986260652542114,0.2828556895256042,0.74,0.74,0.72,0.75,0.74,0.75,0.8,0.82,0.83,0.86,0.86,0.81,0.81,0.81,0.86,0.86,0.86,0.85,0.81,0.85,0.88,0.85,0.7,0.7,0.7,0.7,0.69,0.69,0.86,0.86,0.87,0.87,0.87,0.87,0.87,0.87,0.86,0.72,0.71,0.7,0.71,0.71,0.7,0.71,0.8,0.81,0.81,0.82,0.81,0.77,0.8,0.82,0.81,0.83,0.77,0.78,0.79,0.87,0.87,0.87,0.87,0.87,0.8700000047683716,0.87,0.87,0.88,0.8700000047683716,0.87,0.88,0.8700000047683716,0.89,0.88,0.800000011920929,0.8,0.800000011920929,0.8,0.8,0.76,0.8,0.77,0.800000011920929,0.8,0.78,0.78,0.78,0.88,0.88,0.88,0.88,0.88,0.81,0.81,0.8,0.8,0.8,0.77,0.83,0.8,0.8,0.76
0.1824443789887089,0.0,0.7631510397581522,0.0490481581721136,0.3079777300232532,0.0,0.0825689959988834,0.0,0.3917221084337349,0.0,0.1065465161880691,0.0,0.613,0.002665159135428,0.0023753171393403,0.3093722559769071,0.036027563111798,0.0018121498475731,0.0505045175386795,0.3923094479830149,0.1933995749132831,0.0,0.122569553554058,0.0535486564040184,0.1252114921808242,0.3381903767585754,0.3811095356941223,0.3811095356941223,0.3811095356941223,0.5136851072311401,0.0291886869817972,0.0946824848651886,0.1868639141321182,0.3027141094207763,0.0674539357423782,0.2111803293228149,0.0298173762857913,0.1386736780405044,0.1358809024095535,0.1012854129076004,0.3758862018585205,0.964806318283081,0.964806318283081,0.964806318283081,0.2147452682256698,0.085318773984909,0.0758886188268661,0.3189166784286499,0.6933051943778992,0.6933051943778992,0.6933051943778992,0.3202400803565979,0.0332650393247604,0.7,0.7,0.7,0.71,0.71,0.72,0.74,0.76,0.77,0.81,0.81,0.76,0.75,0.75,0.81,0.81,0.81,0.81,0.75,0.8,0.83,0.8,0.67,0.67,0.67,0.67,0.66,0.66,0.83,0.83,0.83,0.83,0.83,0.83,0.83,0.83,0.83,0.69,0.68,0.67,0.68,0.68,0.67,0.68,0.76,0.76,0.77,0.78,0.77,0.74,0.76,0.77,0.77,0.8,0.73,0.75,0.75,0.84,0.84,0.84,0.84,0.84,0.8399999737739563,0.84,0.82,0.82,0.8399999737739563,0.84,0.83,0.8399999737739563,0.84,0.82,0.7599999904632568,0.76,0.7599999904632568,0.76,0.76,0.72,0.76,0.73,0.7599999904632568,0.76,0.74,0.75,0.74,0.85,0.84,0.84,0.84,0.84,0.78,0.77,0.77,0.78,0.77,0.74,0.8,0.77,0.78,0.73
0.2084796269023073,0.0,0.8430856114389681,0.003207578442262,0.4596752573034047,0.0,0.1795006048199497,0.0,0.3886709638554216,0.0,0.1337409037430824,0.0,0.117,0.0,0.0038340325052123,0.0586789350926285,0.1200842349304482,0.0,0.0702586512342033,0.0669280785562632,0.2811699920987242,0.0,0.1771022528409958,0.0,0.2061323225498199,0.0324931405484676,0.3777830004692077,0.3777830004692077,0.3777830004692077,0.4804514348506927,0.0,0.1645523458719253,0.0065172659233212,0.3293074369430542,2.3411226720781997e-5,0.2513819634914398,0.0,0.2233915328979492,0.001094821607694,0.1523513048887252,0.0628658980131149,0.959713578224182,0.959713578224182,0.959713578224182,0.2625987231731415,3.119049142696895e-5,0.1311750710010528,0.0398661531507968,0.740058422088623,0.740058422088623,0.740058422088623,0.3515357077121734,0.0,0.68,0.68,0.68,0.68,0.68,0.69,0.71,0.72,0.73,0.76,0.76,0.72,0.72,0.72,0.76,0.76,0.76,0.77,0.72,0.75,0.79,0.76,0.65,0.65,0.65,0.65,0.64,0.64,0.8,0.8,0.8,0.79,0.8,0.8,0.8,0.79,0.8,0.66,0.65,0.65,0.65,0.65,0.65,0.65,0.74,0.74,0.74,0.74,0.74,0.7,0.74,0.74,0.74,0.76,0.7,0.71,0.72,0.8,0.8,0.8,0.8,0.8,0.800000011920929,0.8,0.77,0.78,0.800000011920929,0.8,0.78,0.800000011920929,0.79,0.78,0.7200000286102295,0.72,0.7200000286102295,0.72,0.72,0.69,0.72,0.7,0.7200000286102295,0.72,0.71,0.71,0.71,0.82,0.82,0.82,0.82,0.82,0.75,0.74,0.74,0.76,0.74,0.71,0.76,0.74,0.76,0.7
0.3289760432007855,0.0,0.8605880811264138,0.0,0.4669899655211436,0.0,0.2347970596445519,0.0,0.2595956024096386,0.0,0.263835940563859,0.0,0.013,0.0,0.0063535883845361,0.0,0.0779783616692426,0.0,0.0785237982756584,0.0,0.2496393853689922,0.0,0.2106844335794448,0.0,0.2398048937320709,0.0,0.355987012386322,0.355987012386322,0.355987012386322,0.4537419378757477,0.0,0.195643275976181,0.0,0.3187194168567657,0.0,0.2495450377464294,0.0,0.2543139159679413,0.0,0.1671594083309173,0.0,0.9577934741973876,0.9577934741973876,0.9577934741973876,0.2596912682056427,0.0,0.2073698490858078,1.3734697859035805e-6,0.8061597347259521,0.8061597347259521,0.8061597347259521,0.3722071945667267,0.0,0.66,0.65,0.66,0.66,0.66,0.67,0.67,0.68,0.69,0.72,0.73,0.68,0.68,0.68,0.73,0.73,0.72,0.74,0.68,0.71,0.75,0.73,0.63,0.63,0.63,0.63,0.62,0.62,0.77,0.77,0.76,0.76,0.76,0.76,0.76,0.76,0.77,0.64,0.63,0.62,0.63,0.63,0.63,0.63,0.71,0.71,0.71,0.71,0.71,0.67,0.71,0.72,0.7,0.72,0.67,0.68,0.69,0.75,0.75,0.75,0.75,0.75,0.75,0.75,0.73,0.74,0.75,0.75,0.74,0.75,0.76,0.74,0.6800000071525574,0.68,0.6800000071525574,0.68,0.68,0.66,0.68,0.67,0.6800000071525574,0.68,0.68,0.68,0.68,0.8,0.8,0.8,0.8,0.79,0.72,0.71,0.71,0.73,0.71,0.68,0.74,0.71,0.73,0.67
0.3233714285714286,0.0,0.8541617664947501,0.0,0.3698598252109641,0.0,0.2304777147110821,0.0,0.329608734939759,0.0,0.3101905965401542,0.0,0.115,0.0,0.0068470948780426,0.0,0.0111962905718701,0.0,0.0744310853903389,0.0,0.2467167000973086,0.0,0.2274058610200882,0.0,0.2360214591026306,0.0,0.329083651304245,0.329083651304245,0.329083651304245,0.4222752749919891,0.0,0.1784973442554474,0.0,0.2905830144882202,0.0,0.1959089636802673,0.0,0.2532607913017273,0.0,0.1344819217920303,0.0,0.9500158429145812,0.9500158429145812,0.9500158429145812,0.2220755815505981,0.0,0.2224168628454208,0.0,0.8721901178359985,0.8721901178359985,0.8721901178359985,0.3269997537136078,0.0,0.64,0.63,0.64,0.64,0.64,0.65,0.65,0.66,0.66,0.69,0.71,0.66,0.66,0.65,0.7,0.71,0.7,0.71,0.66,0.68,0.71,0.7,0.61,0.61,0.61,0.61,0.61,0.61,0.74,0.74,0.73,0.73,0.73,0.73,0.73,0.73,0.74,0.62,0.62,0.61,0.61,0.62,0.61,0.61,0.69,0.69,0.69,0.68,0.69,0.65,0.69,0.7,0.67,0.69,0.65,0.66,0.67,0.7,0.7,0.7,0.7,0.7,0.699999988079071,0.7,0.7,0.71,0.699999988079071,0.7,0.7,0.699999988079071,0.73,0.7,0.6499999761581421,0.65,0.6499999761581421,0.65,0.65,0.63,0.65,0.65,0.6499999761581421,0.65,0.65,0.66,0.65,0.78,0.78,0.78,0.78,0.78,0.7,0.69,0.69,0.71,0.69,0.66,0.71,0.69,0.71,0.65
0.3021163475699558,0.0,0.8565360469751133,0.0,0.2598065949119644,0.0,0.224398622871499,0.0,0.348185843373494,0.0,0.269678765959301,0.0,0.525,0.0,0.0054483659473988,0.0,0.0556182380216383,0.0,0.0783587457186725,0.0,0.2116402614709057,0.0,0.2097247093915939,0.0,0.2106652557849884,0.0,0.2980708181858063,0.2980708181858063,0.2980708181858063,0.4202362298965454,0.0,0.1350937783718109,0.0,0.2859859764575958,0.0,0.1482209265232086,0.0,0.2293637543916702,0.0,0.1096978262066841,0.0,0.945286750793457,0.945286750793457,0.945286750793457,0.1895386278629303,0.0,0.1925950646400451,0.0,0.9028527736663818,0.9028527736663818,0.9028527736663818,0.2746890783309936,0.0,0.62,0.62,0.63,0.63,0.63,0.64,0.63,0.63,0.64,0.67,0.68,0.63,0.63,0.63,0.68,0.68,0.67,0.69,0.63,0.65,0.69,0.68,0.6,0.6,0.6,0.6,0.6,0.6,0.72,0.72,0.7,0.7,0.7,0.7,0.7,0.7,0.72,0.61,0.61,0.6,0.61,0.61,0.61,0.61,0.67,0.67,0.67,0.66,0.67,0.62,0.67,0.68,0.65,0.67,0.63,0.64,0.65,0.66,0.66,0.66,0.66,0.66,0.6600000262260437,0.66,0.67,0.69,0.6600000262260437,0.66,0.68,0.6600000262260437,0.7,0.68,0.6299999952316284,0.63,0.6299999952316284,0.63,0.63,0.62,0.63,0.63,0.6299999952316284,0.63,0.64,0.64,0.64,0.77,0.77,0.76,0.77,0.76,0.68,0.67,0.67,0.7,0.67,0.64,0.69,0.67,0.7,0.63
0.2871075110456553,0.0,0.8597909909666532,0.0,0.2990180970521134,0.0,0.2055320554573369,0.0,0.3996351204819277,0.0,0.2347472656760643,0.0,0.483,0.0,0.0108800271295435,0.0,0.1360953116950025,0.0,0.0807960316522971,0.0,0.1911523181426079,0.0,0.178241342306137,0.0,0.1882981359958648,0.0,0.2598669528961181,0.2598669528961181,0.2598669528961181,0.379138708114624,0.0,0.0957749485969543,0.0,0.3069709837436676,0.0,0.1414204984903335,0.0,0.1984154880046844,0.0,0.0940338000655174,0.0,0.9455286860466005,0.9455286860466005,0.9455286860466005,0.1544804126024246,0.0,0.1661565601825714,0.0,0.903391420841217,0.903391420841217,0.903391420841217,0.2467119991779327,0.0,0.61,0.61,0.62,0.62,0.61,0.63,0.61,0.62,0.62,0.65,0.67,0.62,0.62,0.61,0.67,0.67,0.66,0.68,0.62,0.64,0.67,0.67,0.6,0.6,0.6,0.6,0.59,0.59,0.7,0.7,0.69,0.69,0.69,0.69,0.69,0.68,0.7,0.61,0.62,0.61,0.61,0.61,0.61,0.61,0.66,0.66,0.66,0.64,0.66,0.61,0.66,0.66,0.63,0.65,0.61,0.62,0.63,0.63,0.63,0.63,0.63,0.63,0.6299999952316284,0.63,0.65,0.67,0.6299999952316284,0.63,0.66,0.6299999952316284,0.69,0.66,0.6100000143051147,0.61,0.6100000143051147,0.61,0.61,0.61,0.61,0.62,0.6100000143051147,0.61,0.62,0.62,0.62,0.76,0.76,0.75,0.76,0.75,0.67,0.66,0.66,0.69,0.66,0.64,0.68,0.66,0.69,0.62
0.2926179675994108,0.0,0.8565676605141027,0.0,0.3228500575262846,0.0,0.207623150646692,0.0,0.3969299397590361,0.0,0.2392363501677633,0.0,0.615,0.0,0.010482579316235,0.0,0.0888650180319423,0.0,0.091928870910594,0.0,0.1495405358659671,0.0,0.1472517102956771,0.0,0.1705871820449829,0.0,0.2205287814140319,0.2205287814140319,0.2205287814140319,0.3579613268375397,0.0,0.072403997182846,0.0,0.3276573121547699,0.0,0.1771092116832733,0.0,0.168340802192688,0.0,0.0834676325321197,0.0,0.9426738023757936,0.9426738023757936,0.9426738023757936,0.1304931491613388,0.0,0.1574689596891403,0.0,0.8877038955688477,0.8877038955688477,0.8877038955688477,0.2432315051555633,0.0,0.61,0.6,0.62,0.62,0.61,0.63,0.61,0.61,0.62,0.64,0.67,0.61,0.61,0.61,0.66,0.66,0.65,0.67,0.61,0.63,0.67,0.67,0.6,0.6,0.6,0.6,0.6,0.6,0.69,0.69,0.68,0.68,0.68,0.68,0.68,0.67,0.69,0.62,0.63,0.62,0.62,0.63,0.62,0.62,0.64,0.64,0.64,0.62,0.64,0.59,0.64,0.64,0.61,0.63,0.6,0.6,0.61,0.61,0.61,0.61,0.61,0.61,0.6100000143051147,0.61,0.64,0.66,0.6100000143051147,0.61,0.65,0.6100000143051147,0.67,0.65,0.6000000238418579,0.6,0.6000000238418579,0.6,0.6,0.6,0.6,0.61,0.6000000238418579,0.6,0.61,0.61,0.61,0.75,0.75,0.74,0.75,0.74,0.67,0.66,0.66,0.69,0.66,0.63,0.68,0.66,0.69,0.62
0.2823731958762887,0.0,0.8506289731256198,0.0,0.2701438808019105,0.0,0.2128631245929096,0.0,0.3625373493975904,0.0,0.2088642642380931,0.0,0.407,0.0,0.0063634605240021,0.0,0.1204670273055126,0.0,0.0859206920987362,0.0,0.1774146994622133,0.0,0.1220373809337616,0.0,0.1523090004920959,0.0,0.1845782399177551,0.1845782399177551,0.1845782399177551,0.2963184416294098,0.0,0.0611195862293243,0.0,0.3465403020381927,0.0,0.2015083581209182,0.0,0.1320302784442901,0.0,0.0708009004592895,0.0,0.942185401916504,0.942185401916504,0.942185401916504,0.1198071017861366,0.0,0.1555831283330917,0.0,0.8748372197151184,0.8748372197151184,0.8748372197151184,0.2373651415109634,0.0,0.61,0.6,0.62,0.62,0.61,0.63,0.6,0.61,0.61,0.64,0.67,0.61,0.61,0.61,0.66,0.66,0.65,0.67,0.61,0.63,0.67,0.67,0.61,0.61,0.61,0.61,0.61,0.61,0.68,0.68,0.67,0.67,0.67,0.67,0.67,0.67,0.69,0.64,0.64,0.63,0.64,0.64,0.64,0.64,0.63,0.63,0.63,0.61,0.63,0.59,0.63,0.63,0.61,0.62,0.59,0.6,0.61,0.6,0.6,0.6,0.6,0.6,0.6000000238418579,0.6,0.63,0.66,0.6000000238418579,0.6,0.64,0.6000000238418579,0.67,0.65,0.5899999737739563,0.59,0.5899999737739563,0.59,0.59,0.6,0.59,0.61,0.5899999737739563,0.59,0.61,0.61,0.61,0.75,0.75,0.74,0.75,0.74,0.68,0.67,0.67,0.69,0.67,0.64,0.69,0.66,0.69,0.63
0.1761753559155621,0.0,0.8387323117172281,0.0,0.2511214998391774,0.0,0.2083574020656927,0.0,0.2939112650602409,0.0,0.237886574578413,0.0,0.27,0.0,0.0084324901404205,0.0,0.0666867594023699,0.0,0.0909450809023266,0.0,0.1654476265202106,0.0,0.1003281623125076,0.0,0.132429227232933,0.0,0.1645085960626602,0.1645085960626602,0.1645085960626602,0.2416465133428573,0.0,0.0522947832942009,0.0,0.3695053160190582,0.0,0.204732745885849,0.0,0.0998494401574134,0.0,0.0633978098630905,0.0,0.9377431273460388,0.9377431273460388,0.9377431273460388,0.1024193167686462,0.0,0.1400843411684036,0.0,0.8734971284866333,0.8734971284866333,0.8734971284866333,0.2369479238986969,0.0,0.62,0.61,0.62,0.62,0.62,0.63,0.61,0.62,0.62,0.65,0.68,0.62,0.62,0.61,0.67,0.67,0.66,0.68,0.62,0.64,0.68,0.67,0.62,0.62,0.62,0.62,0.62,0.62,0.68,0.68,0.67,0.67,0.67,0.67,0.67,0.67,0.69,0.66,0.66,0.65,0.66,0.66,0.66,0.66,0.63,0.63,0.63,0.61,0.63,0.59,0.63,0.63,0.61,0.62,0.6,0.6,0.61,0.6,0.6,0.6,0.6,0.6,0.6000000238418579,0.6,0.64,0.66,0.6000000238418579,0.6,0.65,0.6000000238418579,0.67,0.65,0.5899999737739563,0.59,0.5899999737739563,0.59,0.59,0.61,0.59,0.61,0.5899999737739563,0.59,0.61,0.61,0.61,0.75,0.76,0.75,0.76,0.74,0.69,0.68,0.68,0.69,0.67,0.65,0.7,0.67,0.69,0.64
0.1645978399607265,0.0,0.822200178454459,0.0,0.2919168151815796,0.0,0.2171275704847864,0.0,0.2836938554216867,0.0,0.2613575319186021,0.0,0.355,0.0,0.0345030269537039,0.0,0.0701617722823287,0.0,0.0884017952049131,0.0,0.301745846615861,0.0,0.0744989290833473,0.0,0.1190143153071403,0.0,0.1445488631725311,0.1445488631725311,0.1445488631725311,0.2187278568744659,0.0003592009888961,0.0476868711411953,0.0,0.3835809230804443,1.728932943478867e-7,0.2078140079975128,0.0,0.077818639576435,0.0,0.0630550682544708,0.0,0.9384928941726683,0.9384928941726683,0.9384928941726683,0.0874748900532722,0.0,0.1273827850818634,0.0,0.878511369228363,0.878511369228363,0.878511369228363,0.2540507316589355,0.0006218557246029,0.63,0.62,0.63,0.64,0.63,0.64,0.61,0.63,0.63,0.67,0.69,0.63,0.62,0.62,0.68,0.69,0.67,0.69,0.62,0.66,0.69,0.69,0.64,0.64,0.64,0.64,0.64,0.64,0.69,0.69,0.69,0.69,0.68,0.68,0.69,0.68,0.7,0.7,0.69,0.68,0.68,0.69,0.68,0.68,0.64,0.64,0.64,0.62,0.63,0.6,0.64,0.64,0.62,0.63,0.6,0.61,0.62,0.61,0.61,0.61,0.61,0.61,0.6100000143051147,0.61,0.65,0.67,0.6100000143051147,0.61,0.66,0.6100000143051147,0.68,0.66,0.6000000238418579,0.6,0.6000000238418579,0.6,0.6,0.62,0.6,0.62,0.6000000238418579,0.6,0.62,0.62,0.62,0.76,0.77,0.76,0.77,0.75,0.71,0.7,0.7,0.71,0.69,0.67,0.72,0.69,0.71,0.66
0.1691673048600883,0.0058073668075785,0.7564117079715038,0.0,0.2492871223222247,0.1865373697686738,0.2130447566762817,0.030525,0.3597440963855421,0.1432457627118643,0.3136563684692143,0.0921836787397508,0.691,0.0019748680023752,0.0449779949257705,0.0033745055316978,0.0162017001545595,0.0364611334488223,0.0910880772410535,0.0021409235668789,0.3993191809230103,0.103,0.0583529695868492,0.0133465528488159,0.1050622463226318,0.0,0.138933315873146,0.138933315873146,0.138933315873146,0.2248284071683883,0.0999602824449539,0.0460639633238315,0.0126024615019559,0.3800012767314911,0.0808963775634765,0.2015649080276489,0.0394571870565414,0.0630352571606636,0.0059758820571005,0.0609601438045501,0.0024450055789202,0.9396260380744934,0.9396260380744934,0.9396260380744934,0.0736176222562789,0.032026506960392,0.1174544319510459,0.007575586438179,0.8502386808395386,0.8502386808395386,0.8502386808395386,0.2776295244693756,0.0937546342611312,0.65,0.65,0.65,0.66,0.65,0.66,0.64,0.65,0.66,0.69,0.72,0.65,0.65,0.65,0.71,0.71,0.7,0.72,0.65,0.68,0.72,0.71,0.67,0.67,0.67,0.67,0.67,0.67,0.72,0.72,0.72,0.73,0.72,0.71,0.72,0.71,0.73,0.74,0.72,0.72,0.72,0.73,0.72,0.72,0.65,0.65,0.65,0.64,0.64,0.62,0.65,0.65,0.63,0.64,0.62,0.63,0.63,0.63,0.63,0.63,0.63,0.63,0.6299999952316284,0.63,0.67,0.69,0.6299999952316284,0.63,0.68,0.6299999952316284,0.7,0.68,0.6299999952316284,0.63,0.6299999952316284,0.63,0.63,0.66,0.63,0.66,0.6299999952316284,0.63,0.65,0.65,0.65,0.78,0.78,0.77,0.78,0.77,0.73,0.73,0.73,0.73,0.72,0.71,0.75,0.73,0.73,0.71
0.0380754050073637,0.326103360120214,0.7005631156859439,0.1847162732900486,0.1633529679365603,0.6437291188416034,0.2137429049967432,0.3748999999999999,0.3631898192771084,0.5565367231638416,0.2512992287245632,0.4344757247078571,0.707,0.2876678362033563,0.0619845009922379,0.1605820067959306,0.0137782071097372,0.4183933045111679,0.1011747962678634,0.1290047770700637,0.3122240055654698,0.5565,0.0469028316438198,0.2862463891506195,0.100178524851799,0.1302773654460907,0.1426644325256347,0.1426644325256347,0.1426644325256347,0.1258963048458099,0.4277651906013489,0.0487571135163307,0.2546805441379547,0.3243725895881653,0.3706446290016174,0.1318632960319519,0.3286916315555572,0.0543071404099464,0.2447135597467422,0.0599653162062168,0.1861821860074997,0.9414185881614684,0.9414185881614684,0.9414185881614684,0.0615636296570301,0.3101568520069122,0.1118737310171127,0.2351940721273422,0.8172487020492554,0.8172487020492554,0.8172487020492554,0.2063834965229034,0.3919198513031006,0.7,0.69,0.7,0.7,0.7,0.7,0.69,0.7,0.71,0.75,0.77,0.7,0.7,0.7,0.76,0.76,0.75,0.76,0.7,0.73,0.77,0.76,0.7,0.7,0.7,0.7,0.7,0.7,0.77,0.77,0.76,0.79,0.76,0.76,0.76,0.76,0.77,0.77,0.75,0.75,0.75,0.76,0.75,0.75,0.69,0.69,0.68,0.68,0.68,0.68,0.69,0.69,0.68,0.68,0.68,0.68,0.68,0.7,0.7,0.7,0.7,0.7,0.699999988079071,0.7,0.72,0.74,0.699999988079071,0.7,0.73,0.699999988079071,0.75,0.73,0.6899999976158142,0.69,0.6899999976158142,0.69,0.69,0.71,0.69,0.71,0.6899999976158142,0.69,0.7,0.7,0.7,0.81,0.81,0.8,0.81,0.79,0.76,0.77,0.77,0.75,0.76,0.75,0.76,0.77,0.75,0.75
0.049227295041728,0.7934910142606661,0.6087356714234964,0.5716061395418832,0.1897116659128955,0.925308317146389,0.070854471015167,0.7447999999999999,0.2615720481927711,0.8871525423728811,0.0548162011416619,0.7390621085931952,0.39,0.7092556977603639,0.0695072973448215,0.5523755527604459,0.0178232869654817,0.8135609442963116,0.0879707393409708,0.545498142250531,0.1056120237696301,0.9185,0.028843205422163,0.6638506054878235,0.0841352865099906,0.550074577331543,0.1576439142227172,0.1576439142227172,0.1576439142227172,0.0757995843887329,0.6946471929550171,0.0329419039189815,0.6272197365760803,0.1882141232490539,0.6504402756690979,0.0564682148396968,0.6431711912155151,0.040555041283369,0.6498159170150757,0.0538440756499767,0.562235951423645,0.9403125047683716,0.9403125047683716,0.9403125047683716,0.0388855449855327,0.6520397067070007,0.0875273570418357,0.5843099355697632,0.7736456990242004,0.7736456990242004,0.7736456990242004,0.1372739523649215,0.6340161561965942,0.71,0.71,0.71,0.72,0.72,0.72,0.72,0.74,0.75,0.8,0.82,0.74,0.73,0.73,0.8,0.8,0.8,0.8,0.73,0.79,0.81,0.79,0.72,0.72,0.72,0.72,0.72,0.72,0.79,0.78,0.79,0.81,0.79,0.78,0.79,0.79,0.79,0.79,0.76,0.77,0.77,0.78,0.77,0.77,0.72,0.72,0.71,0.71,0.71,0.7,0.72,0.71,0.71,0.72,0.7,0.71,0.71,0.76,0.76,0.76,0.76,0.76,0.7599999904632568,0.76,0.76,0.78,0.7599999904632568,0.76,0.77,0.7599999904632568,0.79,0.77,0.7099999785423279,0.71,0.7099999785423279,0.71,0.71,0.72,0.71,0.72,0.7099999785423279,0.71,0.72,0.72,0.72,0.84,0.84,0.83,0.84,0.83,0.77,0.78,0.78,0.76,0.78,0.77,0.77,0.78,0.76,0.78
0.0039764359351988,0.9255648820866964,0.3877614226919522,0.8092604130204974,0.2795142778014667,0.9810223600565074,0.0128299990695077,0.91215,0.26891,0.9735423728813556,0.0295006318358098,0.8487186067531796,0.311,0.9147635976644598,0.0187820342133688,0.8291038645020833,0.0453516228748068,0.9446590580590044,0.0578940592890043,0.8072375265392782,0.1337683249480797,0.994,0.0145960068330168,0.8379277586936951,0.0358303189277648,0.8508791327476501,0.1734766513109207,0.1734766513109207,0.1734766513109207,0.0708574801683425,0.7952442765235901,0.014242123812437,0.8215961456298828,0.1684648394584655,0.7901445031166077,0.029596596956253,0.7953118085861206,0.0206696260720491,0.8407792448997498,0.0325127802789211,0.7992366552352905,0.9395268559455872,0.9395268559455872,0.9395268559455872,0.0194978229701519,0.807113766670227,0.0398427471518516,0.7859503626823425,0.778417706489563,0.778417706489563,0.778417706489563,0.1477864235639572,0.7430326342582703,0.73,0.73,0.72,0.74,0.73,0.74,0.74,0.76,0.77,0.82,0.83,0.76,0.75,0.75,0.82,0.82,0.82,0.82,0.75,0.81,0.84,0.81,0.74,0.74,0.74,0.74,0.75,0.75,0.8,0.8,0.81,0.83,0.81,0.81,0.81,0.81,0.81,0.8,0.78,0.78,0.78,0.79,0.78,0.78,0.73,0.73,0.72,0.73,0.72,0.72,0.73,0.72,0.73,0.74,0.72,0.73,0.73,0.79,0.79,0.79,0.79,0.79,0.7900000214576721,0.79,0.79,0.8,0.7900000214576721,0.79,0.8,0.7900000214576721,0.82,0.8,0.7200000286102295,0.72,0.7200000286102295,0.72,0.72,0.73,0.72,0.73,0.7200000286102295,0.72,0.73,0.73,0.73,0.85,0.86,0.85,0.86,0.84,0.78,0.79,0.79,0.77,0.79,0.78,0.78,0.79,0.77,0.79
0.0028571428571428,0.9705679333991224,0.1979827938021136,0.9003766690109674,0.2757053722632887,0.9844717905703694,0.0478849911603238,0.943875,0.2535113855421687,0.985963276836158,0.0101224454224584,0.8543578345922912,0.208,0.925474274501748,0.0069432037981361,0.8968471152105514,0.0214927872230808,0.9705533658007324,0.0362673910475965,0.8783423566878983,0.2317645978328961,1.0,0.013480425812304,0.8890359997749329,0.0202314462512731,0.9233424067497252,0.1924147009849548,0.1924147009849548,0.1924147009849548,0.0800588801503181,0.8511332273483276,0.0121335843577981,0.8631155490875244,0.1598582565784454,0.8540047407150269,0.0157140661031007,0.8620733022689819,0.0134432138875126,0.8733628988265991,0.025573493912816,0.857562243938446,0.940815269947052,0.940815269947052,0.940815269947052,0.0184572748839855,0.8577345609664917,0.037029430270195,0.8485920429229736,0.7494122385978699,0.7494122385978699,0.7494122385978699,0.1705067455768585,0.7989813089370728,0.74,0.74,0.73,0.76,0.75,0.75,0.75,0.78,0.79,0.83,0.84,0.77,0.77,0.77,0.82,0.83,0.83,0.82,0.77,0.82,0.85,0.82,0.76,0.76,0.76,0.76,0.76,0.76,0.81,0.81,0.82,0.84,0.82,0.82,0.82,0.82,0.82,0.81,0.79,0.79,0.79,0.8,0.79,0.79,0.74,0.74,0.74,0.74,0.73,0.73,0.74,0.74,0.75,0.75,0.73,0.74,0.75,0.81,0.81,0.81,0.81,0.81,0.8100000023841858,0.81,0.81,0.82,0.8100000023841858,0.81,0.81,0.8100000023841858,0.83,0.81,0.7300000190734863,0.73,0.7300000190734863,0.73,0.73,0.74,0.73,0.74,0.7300000190734863,0.73,0.74,0.74,0.74,0.86,0.87,0.86,0.87,0.85,0.8,0.81,0.81,0.79,0.81,0.8,0.79,0.81,0.79,0.81
0.0029561119293078,0.9517089386989888,0.0607202782682003,0.9282926563815058,0.2660569937149444,0.9782980090058276,0.1063347911044942,0.904225,0.2162513253012048,0.9665338983050846,0.0052224497799468,0.8171503002130545,0.064,0.9353746730685808,0.0033039262478334,0.9215009826043132,0.0280512622359608,0.9517842023376802,0.0346228002834534,0.9081510084925692,0.2987907164682214,0.982,0.0137826520949602,0.9080294370651244,0.0177995841950178,0.9450206160545348,0.2208307832479477,0.2208307832479477,0.2208307832479477,0.0865872651338577,0.8800917863845825,0.0132216429337859,0.8751469850540161,0.1557958722114563,0.8774972558021545,0.0103593515232205,0.8943876028060913,0.0131055349484086,0.8837133646011353,0.028651125729084,0.8745530247688293,0.942661464214325,0.942661464214325,0.942661464214325,0.0275955442339181,0.8736989498138428,0.0443149581551551,0.871150016784668,0.7373992204666138,0.7373992204666138,0.7373992204666138,0.180818885564804,0.8242526650428772,0.75,0.75,0.74,0.77,0.76,0.76,0.77,0.79,0.8,0.84,0.84,0.79,0.78,0.78,0.83,0.83,0.83,0.82,0.78,0.83,0.85,0.82,0.78,0.77,0.78,0.78,0.78,0.78,0.83,0.83,0.82,0.83,0.83,0.83,0.82,0.83,0.83,0.81,0.8,0.8,0.8,0.81,0.8,0.8,0.75,0.75,0.75,0.76,0.75,0.74,0.75,0.75,0.76,0.76,0.74,0.76,0.76,0.84,0.84,0.84,0.84,0.84,0.8399999737739563,0.84,0.82,0.83,0.8399999737739563,0.84,0.82,0.8399999737739563,0.84,0.82,0.7300000190734863,0.73,0.7300000190734863,0.73,0.73,0.75,0.73,0.75,0.7300000190734863,0.73,0.75,0.75,0.75,0.87,0.87,0.87,0.87,0.86,0.81,0.82,0.82,0.8,0.82,0.82,0.8,0.82,0.8,0.82
0.0046829651448208,0.9435187300805072,0.0430842245078131,0.9210466999224882,0.2434456439958295,0.9552345708988168,0.1409971154740857,0.8007,0.2753967469879518,0.9190338983050846,0.0007796853893415,0.8836707017883658,0.0,0.9245744139997316,0.0028241854856941,0.906238887099123,0.0601911385883565,0.9144909050715558,0.0431585567497342,0.8951411889596604,0.3149361913540063,0.944,0.0142120299860835,0.9080891013145448,0.0183851029723882,0.9521849155426024,0.2323325723409652,0.2323325723409652,0.2323325723409652,0.0899571925401687,0.8892581462860107,0.0180983021855354,0.8711832761764526,0.1680878102779388,0.8865117430686951,0.0165345445275306,0.9101521372795104,0.0149920005351305,0.8808884024620056,0.0365047082304954,0.8808902502059937,0.9425058364868164,0.9425058364868164,0.9425058364868164,0.0489250309765338,0.8738442659378052,0.071464866399765,0.872887372970581,0.7512036561965942,0.7512036561965942,0.7512036561965942,0.187694102525711,0.8358047008514404,0.76,0.76,0.75,0.77,0.77,0.77,0.79,0.81,0.82,0.84,0.84,0.8,0.8,0.8,0.83,0.83,0.84,0.83,0.8,0.84,0.86,0.82,0.8,0.79,0.79,0.79,0.8,0.79,0.84,0.84,0.83,0.83,0.83,0.83,0.83,0.83,0.84,0.81,0.81,0.81,0.81,0.81,0.81,0.81,0.77,0.77,0.77,0.77,0.76,0.75,0.77,0.77,0.77,0.77,0.75,0.77,0.77,0.84,0.84,0.84,0.84,0.84,0.8399999737739563,0.84,0.82,0.83,0.8399999737739563,0.84,0.83,0.8399999737739563,0.85,0.83,0.7400000095367432,0.74,0.7400000095367432,0.74,0.74,0.75,0.74,0.75,0.7400000095367432,0.74,0.75,0.75,0.75,0.87,0.88,0.87,0.88,0.87,0.82,0.83,0.83,0.82,0.84,0.83,0.81,0.83,0.82,0.83
0.0065048600883652,0.9166340329679444,0.0743387613970239,0.8920091578860906,0.1607936070732921,0.931197708811584,0.1216638131571601,0.8587,0.3085381325301204,0.8852429378531073,0.0196177611224889,0.8604661695396733,0.0,0.8973415334677186,0.0028089879173051,0.8792912733127101,0.0526908809891808,0.8815537607317031,0.0479180051966458,0.8739432059447985,0.3441461529467671,0.6855,0.0176242813467979,0.895698606967926,0.0234676022082567,0.9431778192520142,0.2473378628492355,0.2473378628492355,0.2473378628492355,0.0943410769104957,0.891514241695404,0.0247132703661918,0.8600727915763855,0.1891055405139923,0.8784690499305725,0.036812886595726,0.9198046326637268,0.0193108916282653,0.8687134981155396,0.0499635711312294,0.8744618892669678,0.9470987319946288,0.9470987319946288,0.9470987319946288,0.0838057771325111,0.8580905795097351,0.1009003967046737,0.8576831817626953,0.7467296719551086,0.7467296719551086,0.7467296719551086,0.1943168193101883,0.835792064666748,0.77,0.77,0.77,0.78,0.78,0.78,0.8,0.82,0.82,0.84,0.84,0.82,0.81,0.81,0.83,0.83,0.84,0.83,0.81,0.85,0.86,0.83,0.81,0.8,0.81,0.81,0.81,0.8,0.85,0.85,0.84,0.83,0.84,0.84,0.83,0.84,0.84,0.82,0.82,0.81,0.82,0.82,0.82,0.82,0.78,0.78,0.78,0.78,0.77,0.76,0.78,0.78,0.78,0.78,0.76,0.78,0.78,0.83,0.83,0.83,0.83,0.83,0.8299999833106995,0.83,0.83,0.84,0.8299999833106995,0.83,0.83,0.8299999833106995,0.85,0.83,0.7400000095367432,0.74,0.7400000095367432,0.74,0.74,0.75,0.74,0.76,0.7400000095367432,0.74,0.76,0.76,0.76,0.88,0.89,0.88,0.89,0.88,0.83,0.84,0.83,0.81,0.84,0.84,0.82,0.84,0.81,0.84
0.0277034855179185,0.8800057068176694,0.1126246568260889,0.8640879031006352,0.1130476293802153,0.8886110497969276,0.116962035917,0.861375,0.3438443975903614,0.8704915254237289,0.3724457710575624,0.8356008134805346,0.0,0.8796057387766147,0.0059982918435529,0.8462228960885756,0.0364804224626481,0.8647885933789615,0.0737628735089169,0.8600390127388536,0.3910689703947544,0.882,0.0364602766931057,0.8606289029121399,0.0360097847878932,0.9318154454231262,0.2798162698745727,0.2798162698745727,0.2798162698745727,0.1272294521331787,0.8893334865570068,0.0339423418045043,0.8440669775009155,0.2131574749946594,0.8664669394493103,0.0824532955884933,0.9192546010017396,0.0363472253084182,0.8552342653274536,0.0639966204762458,0.8593361377716064,0.951376736164093,0.951376736164093,0.951376736164093,0.1401062160730362,0.8322000503540039,0.1270886808633804,0.8368361592292786,0.7644132971763611,0.7644132971763611,0.7644132971763611,0.1964083611965179,0.8289936780929565,0.78,0.78,0.77,0.79,0.78,0.79,0.8,0.82,0.82,0.84,0.84,0.82,0.81,0.81,0.84,0.84,0.84,0.83,0.81,0.85,0.86,0.83,0.82,0.82,0.82,0.82,0.82,0.82,0.86,0.86,0.85,0.84,0.85,0.85,0.84,0.85,0.85,0.83,0.82,0.82,0.82,0.83,0.82,0.82,0.8,0.8,0.79,0.79,0.79,0.78,0.8,0.79,0.79,0.79,0.78,0.79,0.79,0.84,0.84,0.84,0.84,0.84,0.8399999737739563,0.84,0.83,0.84,0.8399999737739563,0.84,0.84,0.8399999737739563,0.85,0.84,0.7599999904632568,0.76,0.7599999904632568,0.76,0.76,0.76,0.76,0.77,0.7599999904632568,0.76,0.77,0.78,0.77,0.89,0.89,0.89,0.89,0.88,0.84,0.85,0.85,0.82,0.85,0.85,0.83,0.85,0.82,0.86
0.0538499754540991,0.8821186597533106,0.1324245026604941,0.824361383310601,0.100748115744926,0.8233397933957268,0.0852041499953475,0.8035749999999999,0.3403515662650602,0.8685423728813558,0.1829726785480848,0.840048841113048,0.395,0.8569838898629206,0.032397498053204,0.8313394301224073,0.043017001545595,0.8663352856249638,0.1191432916026928,0.8601035031847135,0.4173915074760042,0.88,0.0460677444934845,0.8265748023986816,0.0537392683327198,0.9219921231269836,0.3238834142684936,0.3238834142684936,0.3238834142684936,0.1425120681524276,0.881395161151886,0.0412228219211101,0.8207533955574036,0.2426359355449676,0.8514208197593689,0.1141627877950668,0.9138805866241456,0.0467224866151809,0.8289379477500916,0.0838735103607177,0.8522117137908936,0.9536053538322448,0.9536053538322448,0.9536053538322448,0.181926891207695,0.7832458019256592,0.152546539902687,0.8307206630706787,0.7848593592643738,0.7848593592643738,0.7848593592643738,0.2015684396028518,0.8168832063674927,0.79,0.79,0.79,0.8,0.79,0.79,0.81,0.82,0.83,0.84,0.84,0.82,0.82,0.82,0.84,0.84,0.84,0.84,0.82,0.85,0.87,0.83,0.83,0.83,0.83,0.83,0.83,0.83,0.87,0.87,0.85,0.84,0.85,0.86,0.85,0.85,0.86,0.83,0.83,0.83,0.83,0.83,0.83,0.83,0.81,0.81,0.8,0.8,0.8,0.79,0.81,0.81,0.8,0.8,0.8,0.8,0.8,0.84,0.84,0.84,0.84,0.84,0.8399999737739563,0.84,0.83,0.84,0.8399999737739563,0.84,0.84,0.8399999737739563,0.86,0.84,0.7799999713897705,0.78,0.7799999713897705,0.78,0.78,0.77,0.78,0.78,0.7799999713897705,0.78,0.79,0.79,0.79,0.9,0.9,0.89,0.9,0.89,0.85,0.86,0.85,0.83,0.86,0.86,0.84,0.86,0.83,0.86
0.0178277859597447,0.8455035369886001,0.2069864428443104,0.8051498037112006,0.1941813488051314,0.8519814806639592,0.0754832046152414,0.7726500000000001,0.3677951204819277,0.8458248587570621,0.5431240576931456,0.7784989347278714,0.043,0.8174985872122811,0.0933283177170991,0.8797896950549406,0.0335659453889747,0.8292296405894879,0.1791172493208929,0.864059447983015,0.4092078510770967,0.8394999999999999,0.0431659631431102,0.7880363464355469,0.0708320438861846,0.9075382351875304,0.3818200826644897,0.3818200826644897,0.3818200826644897,0.1746991872787475,0.8534380197525024,0.0491275712847709,0.7895903587341309,0.2614960968494415,0.8219927549362183,0.1464744806289672,0.8924583196640015,0.04282808303833,0.796923816204071,0.1086374670267105,0.8407524228096008,0.9580424427986144,0.9580424427986144,0.9580424427986144,0.2089584469795227,0.7469043731689453,0.1726372390985489,0.8247523307800293,0.7967728972434998,0.7967728972434998,0.7967728972434998,0.2080187499523162,0.7881447076797485,0.8,0.8,0.8,0.8,0.8,0.8,0.8,0.81,0.82,0.84,0.84,0.81,0.81,0.81,0.84,0.83,0.84,0.84,0.81,0.84,0.87,0.83,0.84,0.84,0.84,0.84,0.84,0.84,0.88,0.88,0.87,0.85,0.87,0.87,0.87,0.86,0.87,0.84,0.84,0.84,0.84,0.84,0.84,0.84,0.82,0.82,0.81,0.81,0.81,0.81,0.82,0.82,0.81,0.81,0.81,0.81,0.81,0.85,0.85,0.85,0.85,0.85,0.8500000238418579,0.85,0.84,0.85,0.8500000238418579,0.85,0.84,0.8500000238418579,0.86,0.84,0.800000011920929,0.8,0.800000011920929,0.8,0.8,0.78,0.8,0.79,0.800000011920929,0.8,0.8,0.8,0.8,0.9,0.9,0.9,0.9,0.89,0.85,0.86,0.86,0.84,0.86,0.87,0.85,0.86,0.84,0.87
0.0261417771232204,0.762008794021443,0.2429361298791502,0.7266862440646682,0.323756240855364,0.7485934133851317,0.0666829812971061,0.6789000000000001,0.3859978915662651,0.7732005649717514,0.4354638546341888,0.6645048744270127,0.0,0.7347993269895308,0.2109967092868447,0.8633935503384491,0.0244348274085523,0.7454897511928932,0.284090616511161,0.8559124203821658,0.4354634242445137,0.7484999999999999,0.0583716966211795,0.7422978281974792,0.0968774110078811,0.8828749060630798,0.4455126523971557,0.4455126523971557,0.4455126523971557,0.2319484204053878,0.794615626335144,0.0562245473265647,0.7564373016357422,0.2820599973201751,0.7685675621032715,0.2048895508050918,0.827694296836853,0.0504391640424728,0.7668029069900513,0.1485859006643295,0.8235719203948975,0.9576154351234436,0.9576154351234436,0.9576154351234436,0.2083088904619217,0.6956557631492615,0.1921110153198242,0.8166618943214417,0.8534543514251709,0.8534543514251709,0.8534543514251709,0.2447167038917541,0.7318086624145508,0.81,0.8,0.81,0.81,0.8,0.81,0.8,0.81,0.81,0.83,0.83,0.81,0.81,0.81,0.84,0.83,0.83,0.84,0.81,0.83,0.86,0.84,0.82,0.82,0.82,0.82,0.82,0.82,0.87,0.87,0.86,0.85,0.86,0.86,0.86,0.86,0.86,0.82,0.83,0.82,0.82,0.82,0.82,0.82,0.83,0.83,0.82,0.82,0.82,0.81,0.83,0.83,0.82,0.82,0.82,0.82,0.82,0.86,0.86,0.86,0.86,0.86,0.8600000143051147,0.86,0.84,0.85,0.8600000143051147,0.86,0.85,0.8600000143051147,0.86,0.85,0.8100000023841858,0.81,0.8100000023841858,0.81,0.81,0.79,0.81,0.8,0.8100000023841858,0.81,0.81,0.81,0.81,0.9,0.91,0.9,0.9,0.9,0.85,0.85,0.85,0.85,0.85,0.85,0.85,0.84,0.85,0.85
0.0314071674030436,0.5818452456004858,0.6320206493991122,0.5842591650485645,0.2856519900031898,0.5394697819177116,0.0590809528240439,0.4328,0.3893633734939759,0.6261949152542372,0.3347837378535012,0.4627265801536574,0.334,0.5730821053948421,0.355481775477907,0.7886674228932642,0.0155427614631633,0.5759652645557939,0.3280398015826148,0.8066629511677282,0.401396878962232,0.5720000000000001,0.068240076303482,0.6483974456787109,0.1149146482348442,0.8302728533744812,0.5178268551826477,0.5178268551826477,0.5178268551826477,0.359842836856842,0.6372641324996948,0.0647143870592117,0.6857994794845581,0.3012928068637848,0.638062059879303,0.2791158556938171,0.6666151881217957,0.0660228133201599,0.687585711479187,0.1979342103004455,0.7917404770851135,0.9621968269348145,0.9621968269348145,0.9621968269348145,0.190176174044609,0.5884069800376892,0.2133718580007553,0.7609502673149109,0.8907822966575623,0.8907822966575623,0.8907822966575623,0.2930679023265838,0.5831353068351746,0.78,0.78,0.77,0.78,0.78,0.78,0.79,0.8,0.8,0.82,0.82,0.8,0.8,0.8,0.82,0.82,0.82,0.83,0.8,0.82,0.85,0.82,0.78,0.78,0.78,0.78,0.78,0.78,0.84,0.83,0.83,0.83,0.83,0.83,0.83,0.83,0.83,0.79,0.78,0.78,0.78,0.79,0.78,0.79,0.8,0.8,0.8,0.8,0.8,0.78,0.8,0.8,0.8,0.8,0.79,0.79,0.79,0.82,0.82,0.82,0.82,0.82,0.8199999928474426,0.82,0.82,0.83,0.8199999928474426,0.82,0.83,0.8199999928474426,0.84,0.83,0.7900000214576721,0.79,0.7900000214576721,0.79,0.79,0.77,0.79,0.78,0.7900000214576721,0.79,0.79,0.79,0.79,0.89,0.89,0.89,0.89,0.88,0.82,0.81,0.81,0.82,0.81,0.81,0.83,0.81,0.82,0.81
0.0329885125184094,0.2269022198402605,0.8228287423206636,0.2903056200849053,0.3052985121155387,0.1610667711460356,0.042133711733507,0.1723249999999999,0.409799156626506,0.3009802259887005,0.391224759248769,0.131972399767577,0.207,0.2483681275419436,0.508554472606697,0.6422647909436289,0.0181553323029366,0.2099964180574924,0.3382666824140782,0.6858020169851381,0.3783906163397125,0.2475,0.0895058438181877,0.378279834985733,0.2130569815635681,0.6809188723564148,0.5871769785881042,0.5871769785881042,0.5871769785881042,0.4267670214176178,0.2943764925003052,0.0797690078616142,0.5124431252479553,0.299407422542572,0.390324592590332,0.268326997756958,0.3326201438903808,0.0797507613897323,0.4797745943069458,0.2364153265953064,0.6819453835487366,0.964077651500702,0.964077651500702,0.964077651500702,0.1823236644268036,0.3845258057117462,0.2335297763347625,0.6383712887763977,0.927705943584442,0.927705943584442,0.927705943584442,0.3315989077091217,0.2638040482997894,0.72,0.72,0.71,0.73,0.73,0.73,0.75,0.76,0.76,0.77,0.78,0.76,0.76,0.76,0.78,0.78,0.77,0.79,0.76,0.77,0.81,0.78,0.72,0.72,0.71,0.72,0.73,0.72,0.8,0.79,0.77,0.77,0.77,0.77,0.77,0.77,0.77,0.75,0.74,0.74,0.74,0.75,0.74,0.74,0.77,0.77,0.77,0.76,0.77,0.73,0.77,0.77,0.75,0.76,0.73,0.74,0.75,0.78,0.78,0.78,0.78,0.78,0.7799999713897705,0.78,0.78,0.8,0.7799999713897705,0.78,0.79,0.7799999713897705,0.81,0.79,0.75,0.75,0.75,0.75,0.75,0.71,0.75,0.72,0.75,0.75,0.74,0.74,0.74,0.87,0.87,0.86,0.87,0.85,0.76,0.76,0.76,0.77,0.76,0.75,0.77,0.75,0.77,0.75
0.126646735395189,0.0,0.7452656240535129,0.0551266484144655,0.397111786072638,0.0,0.0521745603424211,0.0,0.2935831927710843,0.0,0.2719153775763649,0.0,0.004,0.0020808136470027,0.6343227159687508,0.3088119627145537,0.0608745492014425,0.0007138772126803,0.3571353194756111,0.3685360934182591,0.3525369861898829,0.0,0.1573595702648162,0.0594960823655128,0.2380521744489669,0.323668509721756,0.6396006941795349,0.6396006941795349,0.6396006941795349,0.4164080619812011,0.0283704418689012,0.1119311302900314,0.1878014653921127,0.2821391224861145,0.0796621888875961,0.2419982105493545,0.031567744910717,0.0963833406567573,0.1407837122678756,0.2792209386825561,0.3643160164356231,0.9642158150672911,0.9642158150672911,0.9642158150672911,0.1713694781064987,0.0923207551240921,0.2554968297481537,0.3186889886856079,0.9280899167060852,0.9280899167060852,0.9280899167060852,0.3804043233394623,0.0319944955408573,0.68,0.68,0.68,0.69,0.69,0.69,0.71,0.71,0.71,0.71,0.72,0.71,0.71,0.71,0.73,0.72,0.71,0.73,0.71,0.71,0.76,0.73,0.67,0.67,0.67,0.67,0.68,0.68,0.75,0.75,0.74,0.74,0.74,0.74,0.74,0.74,0.74,0.72,0.7,0.7,0.7,0.71,0.7,0.7,0.69,0.69,0.69,0.69,0.69,0.68,0.69,0.69,0.69,0.7,0.68,0.68,0.68,0.68,0.68,0.68,0.68,0.68,0.6800000071525574,0.68,0.71,0.73,0.6800000071525574,0.68,0.72,0.6800000071525574,0.76,0.72,0.699999988079071,0.7,0.699999988079071,0.7,0.7,0.67,0.7,0.68,0.699999988079071,0.7,0.69,0.69,0.69,0.84,0.84,0.83,0.84,0.82,0.72,0.72,0.72,0.73,0.72,0.71,0.73,0.71,0.73,0.71
0.1771902798232695,0.0,0.8639072274894982,0.0029215284094815,0.3945665366011965,0.0,0.0906867032660277,0.0,0.3211919277108434,0.0,0.0930336398100135,0.0,0.187,0.0,0.6812835288502601,0.0551392153289401,0.1921045852653271,0.0,0.3582333471123184,0.0602998938428874,0.3484160053080446,0.0,0.2643594145774841,0.0,0.3266438841819763,0.030772341415286,0.6709409952163696,0.6709409952163696,0.6709409952163696,0.3972738683223724,0.0,0.1688113957643509,0.0063014556653797,0.321559876203537,1.6976693586912006e-5,0.2499747723340988,0.0,0.1476086527109146,0.0011140182614326,0.3769514560699463,0.0611759759485721,0.959892511367798,0.959892511367798,0.959892511367798,0.2207776308059692,3.079102680203505e-5,0.3319194614887237,0.0407955087721347,0.9345530271530152,0.9345530271530152,0.9345530271530152,0.4459345042705536,0.0,0.65,0.65,0.65,0.66,0.66,0.67,0.67,0.67,0.68,0.68,0.68,0.67,0.67,0.67,0.69,0.68,0.68,0.69,0.67,0.68,0.71,0.69,0.64,0.64,0.64,0.64,0.64,0.64,0.72,0.71,0.71,0.71,0.71,0.71,0.71,0.71,0.71,0.7,0.67,0.67,0.67,0.68,0.67,0.67,0.66,0.66,0.66,0.66,0.66,0.64,0.66,0.66,0.65,0.66,0.64,0.65,0.65,0.63,0.63,0.63,0.63,0.63,0.6299999952316284,0.63,0.68,0.7,0.6299999952316284,0.63,0.69,0.6299999952316284,0.72,0.69,0.6600000262260437,0.66,0.6600000262260437,0.66,0.66,0.64,0.66,0.65,0.6600000262260437,0.66,0.65,0.66,0.65,0.81,0.82,0.81,0.82,0.8,0.69,0.69,0.69,0.7,0.69,0.68,0.69,0.69,0.7,0.68
0.1816772704958272,0.0,0.8317584113958287,0.0,0.4383085933471282,0.0,0.1222829626872615,0.0,0.3041165060240964,0.0,0.1519389951631879,0.0,0.041,0.0,0.7678559119797032,0.0,0.2637990726429675,0.0,0.4511474548246132,0.0,0.2806194599940564,0.0,0.2431076169013977,0.0,0.3015637397766113,0.0,0.6761855483055115,0.6761855483055115,0.6761855483055115,0.3569163382053375,0.0,0.1800349503755569,0.0,0.3187709152698517,0.0,0.2538350820541382,0.0,0.190209075808525,0.0,0.4380103051662445,0.0,0.959163784980774,0.959163784980774,0.959163784980774,0.1999579071998596,0.0,0.4354386031627655,0.0,0.9305940270423888,0.9305940270423888,0.9305940270423888,0.4508920311927795,0.0,0.62,0.62,0.62,0.63,0.63,0.64,0.65,0.65,0.64,0.64,0.65,0.65,0.65,0.65,0.65,0.65,0.64,0.66,0.65,0.64,0.67,0.66,0.61,0.61,0.61,0.61,0.61,0.61,0.69,0.69,0.69,0.68,0.68,0.68,0.69,0.68,0.69,0.69,0.65,0.65,0.65,0.67,0.65,0.65,0.64,0.64,0.64,0.63,0.64,0.62,0.64,0.64,0.63,0.64,0.62,0.62,0.62,0.61,0.61,0.61,0.61,0.61,0.6100000143051147,0.61,0.65,0.68,0.6100000143051147,0.61,0.66,0.6100000143051147,0.69,0.66,0.6299999952316284,0.63,0.6299999952316284,0.63,0.63,0.61,0.63,0.62,0.6299999952316284,0.63,0.63,0.63,0.63,0.8,0.8,0.79,0.8,0.78,0.67,0.66,0.66,0.68,0.66,0.66,0.67,0.66,0.68,0.65
0.1424346588119784,0.0,0.8262407754210828,0.0,0.4602940989043442,0.0,0.2024827393691262,0.0,0.2440760843373494,0.0,0.3467889232646302,0.0,0.0,0.0,0.7853320354693663,0.0,0.2899580113343638,0.0,0.4844622357387506,0.0,0.1848705911356779,0.0,0.2113982737064361,0.0,0.2701651453971863,0.0,0.6759657859802246,0.6759657859802246,0.6759657859802246,0.3422303199768066,0.0,0.1605050265789032,0.0,0.3056593537330627,0.0,0.2741456031799316,0.0,0.1796919405460357,0.0,0.4056000113487243,0.0,0.9472315311431884,0.9472315311431884,0.9472315311431884,0.1808746457099914,0.0,0.4413402080535888,0.0,0.9155809283256532,0.9155809283256532,0.9155809283256532,0.4425401091575622,0.0,0.6,0.6,0.6,0.62,0.61,0.62,0.63,0.62,0.62,0.61,0.63,0.62,0.62,0.62,0.63,0.63,0.62,0.65,0.62,0.61,0.64,0.64,0.59,0.59,0.59,0.59,0.59,0.59,0.66,0.66,0.66,0.66,0.66,0.66,0.66,0.66,0.67,0.69,0.64,0.65,0.65,0.66,0.64,0.64,0.61,0.61,0.61,0.61,0.61,0.6,0.61,0.61,0.6,0.61,0.6,0.6,0.6,0.58,0.58,0.58,0.58,0.58,0.5799999833106995,0.58,0.63,0.65,0.5799999833106995,0.58,0.63,0.5799999833106995,0.67,0.64,0.6000000238418579,0.6,0.6000000238418579,0.6,0.6,0.59,0.6,0.59,0.6000000238418579,0.6,0.6,0.6,0.6,0.78,0.79,0.78,0.79,0.77,0.65,0.64,0.64,0.66,0.64,0.64,0.64,0.64,0.66,0.63
0.0603797741777123,0.0,0.8587429042099379,0.0,0.5849447648117824,0.0,0.2338395831394807,0.0,0.1311495180722891,0.0,0.4114956642990979,0.0,0.021,0.0,0.8004659247908766,0.0,0.0858897475528078,0.0,0.5301176331640487,0.0,0.1265228473150084,0.0,0.2085881382226944,0.0,0.258556067943573,0.0,0.6737409234046936,0.6737409234046936,0.6737409234046936,0.3340612947940826,0.0,0.1347588151693344,0.0,0.2935853004455566,0.0,0.2357068210840225,0.0,0.169789046049118,0.0,0.3642655909061432,0.0,0.9434572458267212,0.9434572458267212,0.9434572458267212,0.1593754142522812,0.0,0.4584193229675293,0.0,0.8868805170059204,0.8868805170059204,0.8868805170059204,0.437089204788208,0.0,0.59,0.59,0.58,0.6,0.6,0.61,0.61,0.6,0.6,0.59,0.61,0.6,0.6,0.6,0.61,0.61,0.59,0.63,0.6,0.58,0.62,0.63,0.57,0.57,0.57,0.57,0.57,0.57,0.64,0.64,0.64,0.64,0.64,0.64,0.64,0.64,0.65,0.71,0.65,0.65,0.66,0.68,0.64,0.65,0.59,0.59,0.59,0.58,0.59,0.58,0.59,0.59,0.58,0.59,0.58,0.58,0.58,0.56,0.56,0.56,0.56,0.56,0.5600000023841858,0.56,0.61,0.63,0.5600000023841858,0.56,0.61,0.5600000023841858,0.65,0.62,0.5799999833106995,0.58,0.5799999833106995,0.58,0.58,0.57,0.58,0.58,0.5799999833106995,0.58,0.58,0.58,0.58,0.78,0.78,0.77,0.78,0.76,0.63,0.63,0.63,0.65,0.63,0.62,0.63,0.62,0.65,0.61
0.1763834069710358,0.0,0.8771163606929786,0.0,0.4980623363488468,0.0,0.3305911417139666,0.0,0.1470526506024096,0.0,0.1605165366682644,0.0,0.182,0.0,0.7846459343364566,0.0,0.0347212776919113,0.0,0.5390527046179284,0.0,0.0910615080179481,0.0,0.1887113600969314,0.0,0.2199686616659164,0.0,0.6698223352432251,0.6698223352432251,0.6698223352432251,0.3781090974807739,0.0,0.116957351565361,0.0,0.2781889736652374,0.0,0.1894364207983017,0.0,0.1765324771404266,0.0,0.3312572836875915,0.0,0.9343871474266052,0.9343871474266052,0.9343871474266052,0.1409070491790771,0.0,0.4306993782520294,0.0,0.8756968379020691,0.8756968379020691,0.8756968379020691,0.412980169057846,0.0,0.58,0.58,0.57,0.59,0.59,0.6,0.59,0.58,0.58,0.58,0.61,0.58,0.58,0.59,0.6,0.6,0.58,0.62,0.58,0.56,0.61,0.62,0.56,0.56,0.56,0.56,0.56,0.56,0.62,0.62,0.63,0.63,0.63,0.63,0.63,0.63,0.64,0.74,0.67,0.67,0.68,0.71,0.66,0.66,0.58,0.58,0.57,0.57,0.57,0.56,0.58,0.57,0.57,0.57,0.56,0.56,0.57,0.54,0.54,0.54,0.54,0.54,0.5400000214576721,0.54,0.59,0.62,0.5400000214576721,0.54,0.6,0.5400000214576721,0.64,0.6,0.5600000023841858,0.56,0.5600000023841858,0.56,0.56,0.56,0.56,0.57,0.5600000023841858,0.56,0.57,0.57,0.57,0.77,0.78,0.76,0.77,0.75,0.63,0.62,0.62,0.64,0.62,0.61,0.63,0.61,0.64,0.6
0.2460655866470299,0.0,0.906905799441988,0.0,0.480115488008953,0.0,0.4419460314506374,0.0,0.1562455421686747,0.0,0.2715800252734324,0.0,0.121,0.0,0.7498407395312618,0.0,0.0372946934569809,0.0,0.7528955946616276,0.0,0.1772354776338978,0.0,0.1595134288072586,0.0,0.214371845126152,0.0,0.6669207215309143,0.6669207215309143,0.6669207215309143,0.3551749587059021,0.0,0.0986458286643028,0.0,0.2586162388324737,0.0,0.1614929884672165,0.0,0.1835785657167434,0.0,0.3184102177619934,0.0,0.923868715763092,0.923868715763092,0.923868715763092,0.1187044009566307,0.0,0.4040119349956512,0.0,0.8345000147819519,0.8345000147819519,0.8345000147819519,0.4007997512817383,0.0,0.57,0.57,0.57,0.59,0.58,0.59,0.58,0.57,0.56,0.56,0.6,0.57,0.57,0.57,0.59,0.6,0.57,0.61,0.57,0.54,0.6,0.61,0.55,0.56,0.56,0.56,0.56,0.56,0.61,0.61,0.62,0.62,0.61,0.61,0.62,0.61,0.63,0.76,0.69,0.69,0.7,0.73,0.67,0.68,0.56,0.56,0.56,0.55,0.56,0.55,0.56,0.56,0.55,0.55,0.55,0.55,0.55,0.53,0.53,0.53,0.53,0.53,0.5299999713897705,0.53,0.58,0.61,0.5299999713897705,0.53,0.59,0.5299999713897705,0.63,0.59,0.550000011920929,0.55,0.550000011920929,0.55,0.55,0.56,0.55,0.56,0.550000011920929,0.55,0.56,0.56,0.56,0.77,0.77,0.76,0.77,0.75,0.63,0.62,0.62,0.64,0.62,0.6,0.63,0.61,0.64,0.59
0.2412007854688267,0.0,0.9085972739609796,0.0,0.5207929498841647,0.0,0.4736394342607238,0.0,0.1300831325301205,0.0,0.0760986535361017,0.0,0.028,0.0,0.7457301866412118,0.0,0.0409850592478104,0.0,0.7818550253927011,0.0,0.2015180210785741,0.0,0.1247165873646736,0.0,0.2036229819059372,0.0,0.6556379795074463,0.6556379795074463,0.6556379795074463,0.3352617919445038,0.0,0.095145396888256,0.0,0.2568661272525787,0.0,0.1449953913688659,0.0,0.1540751457214355,0.0,0.3094216883182525,0.0,0.909868597984314,0.909868597984314,0.909868597984314,0.0917321369051933,0.0,0.3534345924854278,0.0,0.8264855742454529,0.8264855742454529,0.8264855742454529,0.3978532552719116,0.0,0.58,0.58,0.57,0.59,0.58,0.59,0.58,0.57,0.56,0.56,0.6,0.57,0.57,0.57,0.59,0.6,0.57,0.62,0.57,0.54,0.6,0.62,0.56,0.56,0.57,0.56,0.57,0.57,0.6,0.61,0.62,0.62,0.61,0.61,0.62,0.61,0.63,0.78,0.71,0.71,0.71,0.74,0.69,0.69,0.55,0.55,0.55,0.55,0.55,0.55,0.55,0.55,0.55,0.55,0.55,0.55,0.55,0.53,0.53,0.53,0.53,0.53,0.5299999713897705,0.53,0.58,0.61,0.5299999713897705,0.53,0.59,0.5299999713897705,0.62,0.59,0.550000011920929,0.55,0.550000011920929,0.55,0.55,0.56,0.55,0.57,0.550000011920929,0.55,0.56,0.56,0.56,0.77,0.78,0.76,0.78,0.75,0.63,0.62,0.62,0.63,0.61,0.61,0.64,0.61,0.63,0.59
0.2740874815905744,0.0,0.90830189138332,0.0,0.4994931584222468,0.0,0.5213058527961292,0.0,0.136648313253012,0.0,0.0574082966578064,0.0,0.0,0.0,0.7291380592328367,0.0,0.0523266357547655,0.0,0.8158442777843392,0.0,0.2243784908074018,0.0,0.0920804366469383,0.0,0.195006638765335,0.0,0.6443542838096619,0.6443542838096619,0.6443542838096619,0.3226993978023529,0.0,0.1005569174885749,0.0,0.253234714269638,0.0,0.1248596832156181,0.0,0.12404665350914,0.0,0.2939351797103882,0.0,0.9052835702896118,0.9052835702896118,0.9052835702896118,0.0671063736081123,0.0,0.313544750213623,0.0,0.8216303586959839,0.8216303586959839,0.8216303586959839,0.3975534737110138,0.0,0.58,0.58,0.58,0.59,0.59,0.6,0.59,0.57,0.57,0.57,0.61,0.57,0.58,0.58,0.6,0.6,0.57,0.62,0.58,0.54,0.61,0.62,0.58,0.58,0.58,0.58,0.58,0.58,0.61,0.61,0.62,0.62,0.61,0.61,0.62,0.61,0.63,0.79,0.73,0.73,0.73,0.76,0.71,0.72,0.55,0.55,0.55,0.55,0.55,0.55,0.55,0.55,0.55,0.55,0.55,0.55,0.55,0.53,0.53,0.53,0.53,0.53,0.5299999713897705,0.53,0.58,0.61,0.5299999713897705,0.53,0.6,0.5299999713897705,0.63,0.6,0.5600000023841858,0.56,0.5600000023841858,0.56,0.56,0.57,0.56,0.58,0.5600000023841858,0.56,0.57,0.57,0.57,0.78,0.79,0.77,0.79,0.76,0.63,0.63,0.63,0.64,0.63,0.62,0.64,0.63,0.64,0.6
0.2290810996563573,0.0,0.9036496071601764,0.0,0.5297790580878143,0.0,0.3932182004280263,0.0,0.2441134939759036,0.0,0.0364228942437579,0.0,0.0,0.0,0.762330553392449,0.0,0.042817362184441,0.0,0.8213708220148813,0.0,0.3398457271402633,0.0,0.0708589330315589,0.0,0.1858628392219543,0.0,0.6417827606201172,0.6417827606201172,0.6417827606201172,0.312666118144989,0.0002876588550861,0.1027616038918495,0.0,0.2550742924213409,0.0,0.1055192649364471,0.0,0.1040574684739112,0.0,0.2851916253566742,0.0,0.9059501886367798,0.9059501886367798,0.9059501886367798,0.0593463033437728,0.0,0.2924255132675171,0.0,0.8396994471549988,0.8396994471549988,0.8396994471549988,0.393559843301773,0.0005396588239818,0.6,0.6,0.6,0.61,0.61,0.61,0.59,0.58,0.57,0.58,0.62,0.58,0.58,0.58,0.62,0.62,0.59,0.64,0.58,0.55,0.64,0.64,0.6,0.6,0.61,0.6,0.61,0.61,0.62,0.62,0.63,0.63,0.63,0.63,0.63,0.63,0.64,0.8,0.75,0.75,0.75,0.78,0.74,0.74,0.56,0.56,0.55,0.55,0.55,0.56,0.56,0.55,0.56,0.55,0.57,0.56,0.56,0.56,0.56,0.56,0.56,0.56,0.5600000023841858,0.56,0.59,0.62,0.5600000023841858,0.56,0.61,0.5600000023841858,0.65,0.61,0.5799999833106995,0.58,0.5799999833106995,0.58,0.58,0.59,0.58,0.59,0.5799999833106995,0.58,0.59,0.59,0.59,0.79,0.8,0.78,0.8,0.77,0.66,0.66,0.66,0.67,0.66,0.64,0.66,0.66,0.67,0.62
0.2279852724594992,0.0064996676416646,0.893136713649247,0.0,0.5374162982616266,0.156872571958326,0.3861234763189727,0.028425,0.2892553012048193,0.0717966101694915,0.0670874983659418,0.0613318806895216,0.0,0.0013604739349756,0.780758044663267,0.0028043439502452,0.0453408037094281,0.0486557729093126,0.7716056454470298,0.0020122080679405,0.3089104511158014,0.094,0.0599275529384613,0.0128115722909569,0.1737138479948043,0.0,0.6356262564659119,0.6356262564659119,0.6356262564659119,0.2884973883628845,0.1048351004719734,0.1042203828692436,0.0126097276806831,0.2643197774887085,0.0868771746754646,0.1022437587380409,0.039668969810009,0.0863982737064361,0.0054800547659397,0.2838794887065887,0.0020894750487059,0.9039509892463684,0.9039509892463684,0.9039509892463684,0.0510656386613845,0.0321134179830551,0.2788808047771454,0.0063997590914368,0.822833240032196,0.822833240032196,0.822833240032196,0.3712312281131744,0.1021542176604271,0.63,0.62,0.63,0.63,0.63,0.64,0.61,0.6,0.6,0.61,0.65,0.6,0.6,0.6,0.65,0.65,0.62,0.67,0.6,0.58,0.67,0.67,0.67,0.66,0.67,0.67,0.67,0.67,0.66,0.66,0.67,0.68,0.67,0.67,0.67,0.66,0.68,0.82,0.78,0.78,0.78,0.8,0.77,0.77,0.57,0.57,0.57,0.57,0.57,0.58,0.57,0.57,0.57,0.57,0.59,0.58,0.58,0.59,0.59,0.59,0.59,0.59,0.5899999737739563,0.59,0.62,0.65,0.5899999737739563,0.59,0.64,0.5899999737739563,0.68,0.64,0.6100000143051147,0.61,0.6100000143051147,0.61,0.61,0.63,0.61,0.63,0.6100000143051147,0.61,0.63,0.62,0.62,0.81,0.82,0.8,0.82,0.79,0.7,0.7,0.7,0.69,0.7,0.69,0.7,0.7,0.69,0.68
0.1900994599901816,0.3269898664327746,0.876811567978347,0.1855880153484624,0.4137467431415048,0.5965128465477663,0.3765431283148785,0.36515,0.3074013253012048,0.4963898305084745,0.0631509869711098,0.3577057589256892,0.0,0.2775592070771756,0.7691572006330228,0.1530138196214485,0.0456259659969088,0.3996295343499964,0.7219268631156255,0.124380042462845,0.3301023399112758,0.5155000000000001,0.0562816634774208,0.3093090057373047,0.1599020361900329,0.1197655126452446,0.649251401424408,0.649251401424408,0.649251401424408,0.1990320384502411,0.458200603723526,0.1107236742973327,0.2477901726961136,0.2543152272701263,0.4104467332363128,0.0909956991672515,0.3626543879508972,0.0778196081519126,0.2450459897518158,0.2723798751831054,0.1685586124658584,0.8988317847251892,0.8988317847251892,0.8988317847251892,0.0466971695423126,0.327533483505249,0.2750705480575561,0.2107182145118713,0.7760190963745117,0.7760190963745117,0.7760190963745117,0.2507333159446716,0.4230380058288574,0.68,0.68,0.68,0.68,0.68,0.69,0.65,0.65,0.64,0.67,0.71,0.65,0.65,0.65,0.71,0.71,0.68,0.72,0.65,0.64,0.73,0.72,0.71,0.7,0.71,0.71,0.71,0.71,0.71,0.7,0.71,0.73,0.71,0.7,0.71,0.7,0.71,0.83,0.8,0.8,0.8,0.81,0.79,0.8,0.6,0.6,0.6,0.62,0.6,0.63,0.6,0.6,0.62,0.61,0.63,0.63,0.63,0.66,0.66,0.66,0.66,0.66,0.6600000262260437,0.66,0.68,0.7,0.6600000262260437,0.66,0.7,0.6600000262260437,0.73,0.69,0.6899999976158142,0.69,0.6899999976158142,0.69,0.69,0.71,0.69,0.7,0.6899999976158142,0.69,0.69,0.69,0.69,0.84,0.85,0.83,0.85,0.82,0.72,0.73,0.73,0.7,0.73,0.72,0.71,0.74,0.7,0.72
0.1663630829651448,0.7357613908528152,0.840639278223791,0.5674121089633285,0.2255333661949014,0.7627062952498678,0.2218132502093607,0.7154499999999999,0.2298630722891566,0.849864406779661,0.0099969497581593,0.642843534120989,0.0,0.6927145204465595,0.792864377402095,0.5444304271597583,0.0445,0.7507500907145995,0.6301317172552262,0.540947983014862,0.2000048385490717,0.8705,0.0370841659605503,0.708370566368103,0.134317472577095,0.5126370191574097,0.6547144055366516,0.6547144055366516,0.6547144055366516,0.060803685337305,0.736651599407196,0.085554651916027,0.5979011058807373,0.1640553623437881,0.7116771936416626,0.0463295802474021,0.6987659931182861,0.0617112852632999,0.6342771649360657,0.2303353995084762,0.5215116143226624,0.8841924071311951,0.8841924071311951,0.8841924071311951,0.0343903265893459,0.6636943817138672,0.2327030897140503,0.540931224822998,0.7630557417869568,0.7630557417869568,0.7630557417869568,0.1139637306332588,0.6755295395851135,0.7,0.7,0.7,0.71,0.7,0.71,0.68,0.69,0.7,0.74,0.77,0.69,0.69,0.69,0.76,0.76,0.74,0.77,0.69,0.72,0.79,0.77,0.73,0.72,0.73,0.73,0.73,0.73,0.73,0.72,0.73,0.74,0.73,0.72,0.72,0.72,0.73,0.84,0.81,0.81,0.81,0.82,0.81,0.81,0.62,0.62,0.62,0.65,0.62,0.67,0.62,0.62,0.65,0.64,0.67,0.66,0.65,0.73,0.73,0.73,0.73,0.73,0.7300000190734863,0.73,0.73,0.76,0.7300000190734863,0.73,0.75,0.7300000190734863,0.79,0.75,0.7099999785423279,0.71,0.7099999785423279,0.71,0.71,0.72,0.71,0.71,0.7099999785423279,0.71,0.71,0.71,0.71,0.87,0.88,0.87,0.88,0.86,0.73,0.75,0.75,0.71,0.74,0.74,0.72,0.75,0.71,0.74
0.0523374570446735,0.9173032755415512,0.7637195975806796,0.808200553844143,0.0990491319905754,0.8871134999117076,0.0722803573090164,0.83285,0.2593469879518072,0.9432005649717512,0.0041757375049021,0.7722897540189813,0.0,0.8780690273350046,0.7986046371423549,0.80948089785196,0.0381200412158681,0.902975609613096,0.5976210877524508,0.8137247876857752,0.2125361569004103,0.9685,0.0237638391554355,0.8680959343910217,0.0941915214061737,0.8063060641288757,0.6554816365242004,0.6554816365242004,0.6554816365242004,0.0241564437747001,0.8587188720703125,0.0535317324101924,0.7621750235557556,0.1050582900643348,0.8453521728515625,0.0312237497419118,0.8515676259994507,0.0341672673821449,0.8014975786209106,0.1767610162496566,0.761902391910553,0.8754059672355652,0.8754059672355652,0.8754059672355652,0.0205888282507658,0.8037324547767639,0.1668777614831924,0.7164053916931152,0.7405699491500854,0.7405699491500854,0.7405699491500854,0.080428197979927,0.7980453968048096,0.72,0.71,0.72,0.73,0.72,0.73,0.7,0.72,0.72,0.77,0.79,0.72,0.71,0.71,0.78,0.78,0.77,0.79,0.71,0.75,0.81,0.79,0.75,0.74,0.74,0.74,0.75,0.75,0.74,0.73,0.74,0.76,0.74,0.74,0.74,0.74,0.74,0.84,0.82,0.82,0.82,0.83,0.82,0.82,0.63,0.63,0.64,0.68,0.64,0.69,0.63,0.64,0.68,0.67,0.69,0.68,0.67,0.77,0.77,0.77,0.77,0.77,0.7699999809265137,0.77,0.76,0.79,0.7699999809265137,0.77,0.78,0.7699999809265137,0.81,0.78,0.7300000190734863,0.73,0.7300000190734863,0.73,0.73,0.72,0.73,0.72,0.7300000190734863,0.73,0.72,0.72,0.72,0.88,0.89,0.88,0.89,0.87,0.74,0.76,0.76,0.72,0.76,0.76,0.73,0.77,0.72,0.76
0.1976557682866961,0.9464343623410342,0.6956951654247236,0.8924625021206158,0.0621511970743988,0.911551055094473,0.0430386154275611,0.8933,0.3313418072289157,0.9503559322033898,0.0053573140441849,0.8032582800697268,0.0,0.9260849293870248,0.7773927001431838,0.8895301801437643,0.0309603297269448,0.9207835652835196,0.6080743474666352,0.8927924628450108,0.3472624463558766,0.9835,0.0204392969608306,0.9073097109794616,0.1516997665166854,0.8875279426574707,0.6566832661628723,0.6566832661628723,0.6566832661628723,0.0113669941201806,0.9071691036224364,0.0580558888614177,0.7975954413414001,0.1183598414063453,0.8983456492424011,0.0204884335398674,0.913979709148407,0.0437550246715545,0.8308712840080261,0.1711035370826721,0.823391318321228,0.8748598098754883,0.8748598098754883,0.8748598098754883,0.0186539553105831,0.855730414390564,0.1752289980649948,0.7635944485664368,0.705193281173706,0.705193281173706,0.705193281173706,0.0784045830368995,0.8406026363372803,0.74,0.73,0.74,0.75,0.74,0.75,0.72,0.74,0.74,0.79,0.81,0.74,0.73,0.73,0.8,0.8,0.79,0.8,0.73,0.77,0.83,0.8,0.76,0.75,0.76,0.76,0.76,0.76,0.75,0.74,0.75,0.76,0.75,0.75,0.75,0.75,0.75,0.85,0.83,0.83,0.83,0.84,0.83,0.83,0.65,0.65,0.66,0.7,0.66,0.71,0.65,0.66,0.7,0.69,0.71,0.7,0.69,0.8,0.8,0.8,0.8,0.8,0.800000011920929,0.8,0.78,0.81,0.800000011920929,0.8,0.8,0.800000011920929,0.83,0.8,0.7300000190734863,0.73,0.7300000190734863,0.73,0.73,0.73,0.73,0.73,0.7300000190734863,0.73,0.73,0.73,0.73,0.89,0.9,0.89,0.9,0.88,0.75,0.76,0.76,0.73,0.76,0.77,0.73,0.77,0.73,0.78
0.222253117329406,0.9347126891580846,0.5888176159307071,0.918681491982794,0.0255893219235419,0.9108890826417096,0.0323384200241928,0.8437749999999999,0.353036265060241,0.932734463276836,0.0050248812584426,0.846927852024017,0.0,0.91821091969126,0.7765748700042705,0.91225349655754,0.0163098918083462,0.918072779917974,0.6609266859572458,0.899281847133758,0.4255584223939928,0.9685,0.0211919602006673,0.913172960281372,0.1811510175466537,0.9128524661064148,0.6438071131706238,0.6438071131706238,0.6438071131706238,0.0095238359645009,0.918465495109558,0.0737219974398613,0.8107289671897888,0.1571465581655502,0.9096408486366272,0.014949926175177,0.931377112865448,0.0570551492273807,0.8488752245903015,0.210412710905075,0.8453473448753357,0.8740403652191162,0.8740403652191162,0.8740403652191162,0.0224332157522439,0.871614933013916,0.1855772286653518,0.7702854871749878,0.6771441698074341,0.6771441698074341,0.6771441698074341,0.0718128830194473,0.8553191423416138,0.75,0.75,0.75,0.76,0.76,0.76,0.75,0.76,0.76,0.8,0.82,0.76,0.76,0.76,0.81,0.81,0.8,0.81,0.76,0.78,0.84,0.81,0.77,0.76,0.77,0.76,0.77,0.77,0.76,0.75,0.76,0.76,0.76,0.76,0.75,0.76,0.76,0.85,0.83,0.83,0.83,0.84,0.83,0.83,0.67,0.67,0.69,0.72,0.69,0.72,0.67,0.68,0.72,0.72,0.72,0.71,0.71,0.82,0.82,0.82,0.82,0.82,0.8199999928474426,0.82,0.8,0.82,0.8199999928474426,0.82,0.81,0.8199999928474426,0.84,0.81,0.7400000095367432,0.74,0.7400000095367432,0.74,0.74,0.73,0.74,0.74,0.7400000095367432,0.74,0.73,0.73,0.73,0.9,0.9,0.9,0.9,0.89,0.76,0.77,0.77,0.74,0.77,0.79,0.74,0.78,0.74,0.8
0.2466580265095729,0.91299715252712,0.5270327038498063,0.9063994254607356,0.0148806759123694,0.9300630407911004,0.0103660556434353,0.825225,0.3633371686746988,0.9052683615819208,0.0025728354176652,0.8599645232100199,0.014,0.88758366770809,0.7909884197040871,0.9122397895146486,0.0,0.8917424958401082,0.6887947029644503,0.8711382696390659,0.3906351337279403,0.9465,0.0282087419182062,0.91873037815094,0.1885325908660888,0.9204971194267272,0.6448764801025391,0.6448764801025391,0.6448764801025391,0.0158848129212856,0.9191245436668396,0.1006641015410423,0.8211305737495422,0.2250823378562927,0.9056255221366882,0.0161144714802503,0.9343762397766112,0.0822127386927604,0.8601011037826538,0.2695937752723694,0.8562995195388794,0.8744840621948242,0.8744840621948242,0.8744840621948242,0.0390964895486831,0.8797221183776855,0.204269602894783,0.782606840133667,0.6606812477111816,0.6606812477111816,0.6606812477111816,0.0717337653040885,0.8592164516448975,0.76,0.76,0.76,0.77,0.77,0.77,0.77,0.78,0.78,0.81,0.83,0.78,0.78,0.78,0.82,0.82,0.81,0.82,0.78,0.8,0.86,0.82,0.78,0.77,0.77,0.77,0.78,0.78,0.77,0.77,0.76,0.76,0.76,0.76,0.76,0.76,0.77,0.85,0.83,0.84,0.84,0.84,0.83,0.83,0.69,0.69,0.71,0.74,0.71,0.74,0.69,0.7,0.73,0.74,0.73,0.73,0.72,0.82,0.82,0.82,0.82,0.82,0.8199999928474426,0.82,0.8,0.82,0.8199999928474426,0.82,0.82,0.8199999928474426,0.85,0.82,0.7400000095367432,0.74,0.7400000095367432,0.74,0.74,0.73,0.74,0.74,0.7400000095367432,0.74,0.74,0.74,0.74,0.9,0.91,0.91,0.91,0.9,0.77,0.78,0.78,0.76,0.79,0.8,0.75,0.79,0.76,0.81
0.2546491899852725,0.9044228423163788,0.4817389246118181,0.882299977613872,0.0310264998036097,0.876459826946848,0.0050609472410905,0.8634,0.3907755421686747,0.8281949152542374,0.0032461980914201,0.7830806055910646,0.132,0.8857138025255902,0.8104654475118693,0.896255525540901,0.0463006182380216,0.8739351477807754,0.7057826857210346,0.8645873142250532,0.373513619610287,0.9245,0.0469182133674621,0.9126060009002686,0.2369985431432724,0.911454439163208,0.6491362452507019,0.6491362452507019,0.6491362452507019,0.0275514442473649,0.9132720232009888,0.1622468084096908,0.8206766247749329,0.3181329071521759,0.8905189037322998,0.034831877797842,0.9338102340698242,0.1430069804191589,0.8565760254859924,0.2887221872806549,0.8556450605392456,0.8748977184295654,0.8748977184295654,0.8748977184295654,0.0850941985845565,0.8701053857803345,0.2255995273590088,0.786409318447113,0.6412656903266907,0.6412656903266907,0.6412656903266907,0.0782601609826088,0.857971727848053,0.76,0.76,0.76,0.78,0.77,0.78,0.79,0.79,0.8,0.82,0.83,0.79,0.79,0.79,0.83,0.83,0.82,0.83,0.79,0.81,0.86,0.82,0.78,0.78,0.78,0.78,0.79,0.79,0.78,0.77,0.77,0.77,0.77,0.77,0.77,0.77,0.78,0.85,0.84,0.84,0.84,0.84,0.84,0.84,0.72,0.72,0.73,0.75,0.74,0.74,0.72,0.72,0.75,0.76,0.74,0.74,0.73,0.82,0.82,0.82,0.82,0.82,0.8199999928474426,0.82,0.81,0.83,0.8199999928474426,0.82,0.83,0.8199999928474426,0.85,0.82,0.7400000095367432,0.74,0.7400000095367432,0.74,0.74,0.73,0.74,0.74,0.7400000095367432,0.74,0.74,0.74,0.74,0.91,0.91,0.91,0.91,0.91,0.77,0.79,0.79,0.76,0.79,0.81,0.76,0.79,0.76,0.82
0.2865080019636721,0.8738324450701002,0.5185434384393093,0.8500913971864643,0.04287723746289,0.8149459650362,0.1251968921559505,0.8306999999999999,0.436865361445783,0.7700508474576272,0.0382762647609917,0.6917341339014784,0.871,0.8477348577127515,0.8341825969001985,0.88372668310203,0.0095419886656362,0.8533784130445841,0.7038388449273651,0.846866507430998,0.3695440674328008,0.914,0.088914506137371,0.8974059224128723,0.2328218668699264,0.8924317955970764,0.6581313610076904,0.6581313610076904,0.6581313610076904,0.0489293597638607,0.9042950868606568,0.2661618590354919,0.8127018809318542,0.4230287969112396,0.8726403713226318,0.0792147517204284,0.9213978052139282,0.2111341208219528,0.8458070755004883,0.335908442735672,0.8417928814888,0.8783566355705261,0.8783566355705261,0.8783566355705261,0.1517149060964584,0.8540367484092712,0.2469858080148697,0.7757609486579895,0.6233116388320923,0.6233116388320923,0.6233116388320923,0.0942660048604011,0.8481847643852234,0.77,0.77,0.77,0.79,0.78,0.79,0.8,0.81,0.81,0.83,0.84,0.81,0.81,0.81,0.84,0.84,0.83,0.83,0.81,0.82,0.87,0.83,0.79,0.79,0.79,0.79,0.79,0.79,0.79,0.78,0.78,0.78,0.78,0.79,0.78,0.78,0.79,0.85,0.84,0.84,0.84,0.84,0.84,0.84,0.74,0.74,0.75,0.77,0.75,0.75,0.74,0.74,0.76,0.77,0.75,0.75,0.75,0.82,0.82,0.82,0.82,0.82,0.8199999928474426,0.82,0.81,0.83,0.8199999928474426,0.82,0.83,0.8199999928474426,0.86,0.83,0.75,0.75,0.75,0.75,0.75,0.74,0.75,0.75,0.75,0.75,0.75,0.75,0.75,0.91,0.92,0.92,0.92,0.91,0.79,0.8,0.8,0.78,0.8,0.82,0.77,0.8,0.78,0.83
0.522313205694649,0.8396050237748569,0.5748719934297887,0.81112520562557,0.0503680611038599,0.7983923273883103,0.2280180515492695,0.7697499999999999,0.4691319879518072,0.8035903954802259,0.0275933591877641,0.6725606236684099,0.019,0.8402580204956682,0.8529196412871461,0.8788024113539286,0.2164144770736733,0.8403489884826632,0.7056727589464984,0.8495623673036096,0.3939236068599171,0.9065,0.1784818619489669,0.8754315376281738,0.2308792769908905,0.8624075055122375,0.6820449233055115,0.6820449233055115,0.6820449233055115,0.0510718412697315,0.888495922088623,0.4070414900779724,0.7966222167015076,0.5124213695526123,0.8561471700668335,0.1133414357900619,0.9020090699195862,0.3121702969074249,0.82423335313797,0.3951204717159271,0.8137201070785522,0.876616358757019,0.876616358757019,0.876616358757019,0.2151913046836853,0.8185362815856934,0.2717452943325043,0.7415893077850342,0.6278185844421387,0.6278185844421387,0.6278185844421387,0.1101296171545982,0.8332828879356384,0.78,0.78,0.78,0.79,0.79,0.79,0.8,0.81,0.81,0.83,0.85,0.81,0.81,0.81,0.84,0.84,0.83,0.84,0.81,0.82,0.87,0.83,0.8,0.8,0.8,0.8,0.8,0.8,0.8,0.79,0.79,0.78,0.79,0.8,0.79,0.79,0.8,0.84,0.84,0.84,0.84,0.84,0.84,0.84,0.76,0.76,0.77,0.77,0.77,0.76,0.76,0.76,0.77,0.78,0.75,0.75,0.75,0.82,0.82,0.82,0.82,0.82,0.8199999928474426,0.82,0.82,0.83,0.8199999928474426,0.82,0.83,0.8199999928474426,0.86,0.83,0.75,0.75,0.75,0.75,0.75,0.74,0.75,0.76,0.75,0.75,0.76,0.76,0.76,0.92,0.92,0.92,0.92,0.92,0.8,0.81,0.81,0.79,0.81,0.83,0.79,0.81,0.79,0.84
0.5074778595974472,0.8120247893632715,0.7002714881028229,0.7720326034514882,0.058497701786043,0.6998063967861559,0.3244197450451288,0.78045,0.4092839759036144,0.8423898305084745,0.2197959823957471,0.550601652785848,0.0,0.805883569657946,0.8646297319701576,0.8891210131147612,0.2689247810407007,0.8105157385897651,0.6819536140309438,0.8658373142250533,0.4132137604461975,0.883,0.2180247902870178,0.8430824279785156,0.2968690395355224,0.8149422407150269,0.7284096479415894,0.7284096479415894,0.7284096479415894,0.071837343275547,0.8601092100143433,0.5095206499099731,0.7496084570884705,0.5736409425735474,0.832129180431366,0.1703937649726867,0.8748367428779602,0.3450149893760681,0.7893079519271851,0.4359752833843231,0.7566545605659485,0.882982611656189,0.882982611656189,0.882982611656189,0.2670466899871826,0.7896530628204346,0.2923231124877929,0.6880970597267151,0.6241747736930847,0.6241747736930847,0.6241747736930847,0.1150403097271919,0.8040155172348022,0.79,0.79,0.79,0.8,0.8,0.8,0.81,0.81,0.82,0.84,0.85,0.81,0.81,0.81,0.84,0.84,0.84,0.84,0.81,0.83,0.88,0.83,0.81,0.81,0.81,0.81,0.81,0.81,0.81,0.81,0.81,0.79,0.81,0.81,0.81,0.81,0.82,0.84,0.83,0.84,0.84,0.84,0.83,0.84,0.78,0.78,0.78,0.78,0.79,0.76,0.78,0.77,0.78,0.79,0.76,0.76,0.76,0.83,0.83,0.83,0.83,0.83,0.8299999833106995,0.83,0.82,0.84,0.8299999833106995,0.83,0.84,0.8299999833106995,0.86,0.84,0.7599999904632568,0.76,0.7599999904632568,0.76,0.76,0.75,0.76,0.77,0.7599999904632568,0.76,0.77,0.77,0.77,0.92,0.92,0.92,0.92,0.92,0.81,0.81,0.81,0.8,0.82,0.84,0.8,0.82,0.8,0.85
0.5920290623465883,0.7518368649854054,0.8073024512446803,0.7119412246829921,0.0471092183527839,0.6410227794455238,0.6890289383083651,0.6751499999999999,0.4178963855421687,0.7802429378531074,0.2342152599241797,0.4405123313319129,0.491,0.7427726746801889,0.8728849506393026,0.888282209835209,0.4700028335909325,0.7393118178438849,0.6478628203614032,0.8604832802547773,0.3853696987070758,0.8165,0.2475398331880569,0.8027179837226868,0.3267818093299866,0.7709671258926392,0.7605310678482056,0.7605310678482056,0.7605310678482056,0.0420245081186294,0.7979524731636047,0.5094798803329468,0.6910111308097839,0.5876694321632385,0.7892106771469116,0.2331525981426239,0.8219684362411499,0.3948688805103302,0.7213932871818542,0.4948811829090118,0.7220399975776672,0.8810340762138367,0.8810340762138367,0.8810340762138367,0.2993659377098083,0.7414138913154602,0.3149959743022918,0.6546963453292847,0.6426814198493958,0.6426814198493958,0.6426814198493958,0.103233702480793,0.7489960789680481,0.79,0.79,0.79,0.81,0.8,0.81,0.81,0.81,0.82,0.84,0.85,0.81,0.81,0.81,0.84,0.84,0.84,0.84,0.81,0.83,0.88,0.83,0.79,0.79,0.8,0.79,0.79,0.79,0.81,0.81,0.81,0.8,0.8,0.81,0.81,0.8,0.81,0.83,0.82,0.82,0.82,0.83,0.82,0.82,0.8,0.79,0.79,0.78,0.8,0.77,0.8,0.79,0.78,0.79,0.76,0.77,0.77,0.85,0.85,0.85,0.85,0.85,0.8500000238418579,0.85,0.83,0.84,0.8500000238418579,0.85,0.84,0.8500000238418579,0.87,0.84,0.7599999904632568,0.76,0.7599999904632568,0.76,0.76,0.76,0.76,0.77,0.7599999904632568,0.76,0.77,0.78,0.78,0.92,0.92,0.92,0.92,0.92,0.8,0.8,0.8,0.8,0.81,0.82,0.8,0.8,0.8,0.82
0.573545704467354,0.5908676081477329,0.8777086583412652,0.5873091234325203,0.036219261822819,0.5387038451350875,0.3302656555317763,0.5482,0.4255948192771084,0.6490282485875706,0.3330836202013159,0.3735252760023242,0.195,0.5725227525865751,0.8802457484488433,0.8291213230733225,0.6326231324059765,0.5768252194324429,0.617959696468643,0.8059434713375798,0.1733459792347059,0.6719999999999999,0.2711002230644226,0.6966861486434937,0.3800868093967438,0.6873511672019958,0.7766456007957458,0.7766456007957458,0.7766456007957458,0.0562666319310665,0.6572292447090149,0.516022801399231,0.5910043716430664,0.5892508625984192,0.6857253909111023,0.2649357616901397,0.6961477994918823,0.4616248607635498,0.6207389831542969,0.4898242652416229,0.6665196418762207,0.8848474025726318,0.8848474025726318,0.8848474025726318,0.2913118898868561,0.6413990259170532,0.3345227241516113,0.5690522789955139,0.6572386622428894,0.6572386622428894,0.6572386622428894,0.0816486850380897,0.6068040728569031,0.77,0.77,0.76,0.78,0.78,0.78,0.79,0.79,0.8,0.82,0.83,0.79,0.79,0.79,0.83,0.83,0.82,0.82,0.79,0.81,0.87,0.82,0.74,0.75,0.75,0.74,0.74,0.74,0.77,0.77,0.77,0.77,0.77,0.77,0.77,0.77,0.77,0.81,0.79,0.79,0.79,0.8,0.78,0.79,0.79,0.78,0.78,0.76,0.78,0.75,0.79,0.78,0.76,0.77,0.75,0.75,0.75,0.82,0.82,0.82,0.82,0.82,0.8199999928474426,0.82,0.81,0.83,0.8199999928474426,0.82,0.83,0.8199999928474426,0.85,0.82,0.7400000095367432,0.74,0.7400000095367432,0.74,0.74,0.73,0.74,0.74,0.7400000095367432,0.74,0.75,0.75,0.75,0.91,0.92,0.92,0.91,0.91,0.77,0.76,0.76,0.77,0.76,0.78,0.77,0.76,0.77,0.78
0.5795819342169858,0.2456166904653467,0.91411865578795,0.2901730523446993,0.0490672817386593,0.2126393033727706,0.3008125988647995,0.209475,0.4317737951807229,0.3379350282485875,0.3321430127674408,0.1036439085802827,0.379,0.2652425236852281,0.8862973448215228,0.6715444350073752,0.1096202988150437,0.2254116246946163,0.6209060470060235,0.6764389596602973,0.093315925923747,0.325,0.3521957695484161,0.3921111226081848,0.3745612204074859,0.5577613115310669,0.7927119731903076,0.7927119731903076,0.7927119731903076,0.1041390150785446,0.3065886199474334,0.5277939438819885,0.408408373594284,0.5633342266082764,0.4133357107639313,0.2965526878833771,0.3487150073051452,0.5184282660484314,0.4108694493770599,0.471131831407547,0.5614880919456482,0.8922805190086365,0.8922805190086365,0.8922805190086365,0.3245990872383117,0.4055817723274231,0.3628326058387756,0.444556176662445,0.7126069068908691,0.7126069068908691,0.7126069068908691,0.0764025151729583,0.2777325809001922,0.72,0.72,0.72,0.73,0.73,0.73,0.74,0.75,0.76,0.78,0.79,0.75,0.75,0.75,0.79,0.79,0.79,0.79,0.75,0.78,0.83,0.78,0.68,0.68,0.68,0.68,0.68,0.68,0.73,0.72,0.73,0.73,0.73,0.73,0.73,0.73,0.73,0.75,0.73,0.73,0.73,0.74,0.73,0.73,0.75,0.74,0.74,0.72,0.74,0.71,0.75,0.73,0.72,0.73,0.71,0.71,0.71,0.77,0.77,0.77,0.77,0.77,0.7699999809265137,0.77,0.77,0.79,0.7699999809265137,0.77,0.79,0.7699999809265137,0.82,0.79,0.6800000071525574,0.68,0.6800000071525574,0.68,0.68,0.66,0.68,0.68,0.6800000071525574,0.68,0.69,0.7,0.7,0.9,0.9,0.91,0.9,0.9,0.71,0.71,0.71,0.72,0.7,0.71,0.72,0.71,0.72,0.72
0.5607171330387826,0.0,0.9203010809925288,0.0514163846009367,0.134227139047294,0.0,0.3285213547966874,0.0,0.3680494578313253,0.0,0.1288096213342629,0.0,0.011,0.0032112959137996,0.915404556758522,0.3149810805914917,0.1181383307573415,0.0014277544253606,0.5980196055273416,0.3596884288747347,0.0748632882352322,0.0,0.4070943892002105,0.0543630793690681,0.3731136918067932,0.2598683834075928,0.8145937323570251,0.8145937323570251,0.8145937323570251,0.2446743249893188,0.0300144422799348,0.4960389137268066,0.1257166117429733,0.5347684025764465,0.0737763345241546,0.2541179656982422,0.0327062048017978,0.5771158337593079,0.1018759384751319,0.5101622343063354,0.307276040315628,0.9004856944084167,0.9004856944084167,0.9004856944084167,0.3227349817752838,0.0805200114846229,0.4049652516841888,0.2217576205730438,0.7698748111724854,0.7698748111724854,0.7698748111724854,0.1591574847698211,0.0325819440186023,0.69,0.68,0.7,0.69,0.69,0.7,0.69,0.71,0.71,0.73,0.74,0.71,0.7,0.7,0.74,0.73,0.73,0.74,0.7,0.74,0.78,0.73,0.65,0.64,0.65,0.65,0.65,0.65,0.66,0.65,0.66,0.66,0.65,0.65,0.66,0.65,0.66,0.72,0.7,0.7,0.7,0.71,0.7,0.7,0.67,0.67,0.66,0.66,0.66,0.67,0.67,0.66,0.65,0.66,0.66,0.65,0.65,0.68,0.68,0.68,0.68,0.68,0.6800000071525574,0.68,0.7,0.73,0.6800000071525574,0.68,0.72,0.6800000071525574,0.77,0.72,0.6100000143051147,0.61,0.6100000143051147,0.61,0.61,0.61,0.61,0.62,0.6100000143051147,0.61,0.62,0.63,0.63,0.88,0.88,0.89,0.88,0.88,0.65,0.65,0.65,0.65,0.65,0.66,0.65,0.65,0.65,0.65
0.4885432498772705,0.0,0.9229213430598364,0.0027851987280991,0.2041220466878235,0.0,0.4800065134456127,0.0,0.3980351204819277,0.0,0.1077750228768138,0.0,0.161,0.0,0.94157331256751,0.0524948772710299,0.2158621844410098,0.0,0.5493746309200426,0.0558200636942675,0.0669260273459939,0.0,0.3668783009052276,0.0,0.3879309594631195,0.0280397720634937,0.8133977651596069,0.8133977651596069,0.8133977651596069,0.3594743907451629,0.0,0.4559213817119598,0.0047776256687939,0.5522353053092957,0.0,0.2592544257640838,0.0,0.5520776510238647,0.0007339348085224,0.5342023372650146,0.0587111376225948,0.9235791563987732,0.9235791563987732,0.9235791563987732,0.3482474982738495,2.0830748326261528e-5,0.502743661403656,0.0360850691795349,0.7771637439727783,0.7771637439727783,0.7771637439727783,0.3214181959629059,0.0,0.66,0.66,0.67,0.66,0.66,0.67,0.66,0.67,0.67,0.68,0.69,0.67,0.67,0.67,0.69,0.69,0.69,0.7,0.67,0.69,0.74,0.7,0.62,0.62,0.62,0.62,0.62,0.62,0.61,0.6,0.63,0.63,0.63,0.63,0.63,0.63,0.63,0.69,0.67,0.67,0.67,0.68,0.68,0.68,0.63,0.63,0.63,0.64,0.63,0.65,0.63,0.63,0.63,0.63,0.64,0.63,0.63,0.64,0.64,0.64,0.64,0.64,0.6399999856948853,0.64,0.67,0.7,0.6399999856948853,0.64,0.69,0.6399999856948853,0.74,0.69,0.5799999833106995,0.58,0.5799999833106995,0.58,0.58,0.58,0.58,0.58,0.5799999833106995,0.58,0.59,0.59,0.59,0.87,0.87,0.87,0.87,0.86,0.61,0.62,0.62,0.61,0.62,0.62,0.61,0.62,0.61,0.62
0.5122084437898871,0.0,0.922477390139666,0.0,0.327784040870036,0.0,0.225744765981204,0.0,0.3760445180722891,0.0,0.079224367074818,0.0,0.802,0.0,0.811091511969655,0.0,0.146301133436373,0.0,0.5835854198653596,0.0,0.0364493572957281,0.0,0.3861893713474273,0.0,0.3373111486434936,0.0,0.816632866859436,0.816632866859436,0.816632866859436,0.4121995866298675,0.0,0.4638918042182922,0.0,0.5392401814460754,0.0,0.296252965927124,0.0,0.5261071920394897,0.0,0.53322833776474,0.0,0.9319623112678528,0.9319623112678528,0.9319623112678528,0.3927082121372223,0.0,0.6179679036140442,0.0,0.7820537686347961,0.7820537686347961,0.7820537686347961,0.4924066960811615,0.0,0.64,0.64,0.65,0.64,0.64,0.65,0.64,0.64,0.64,0.64,0.65,0.64,0.64,0.64,0.66,0.66,0.65,0.67,0.64,0.64,0.7,0.67,0.59,0.59,0.6,0.59,0.59,0.59,0.58,0.57,0.61,0.61,0.6,0.6,0.61,0.6,0.61,0.67,0.65,0.65,0.66,0.66,0.65,0.66,0.61,0.61,0.61,0.61,0.61,0.63,0.61,0.6,0.61,0.61,0.62,0.61,0.61,0.61,0.61,0.61,0.61,0.61,0.6100000143051147,0.61,0.64,0.67,0.6100000143051147,0.61,0.66,0.6100000143051147,0.71,0.66,0.550000011920929,0.55,0.550000011920929,0.55,0.55,0.55,0.55,0.56,0.550000011920929,0.55,0.56,0.56,0.56,0.85,0.85,0.85,0.85,0.84,0.59,0.6,0.6,0.59,0.6,0.6,0.58,0.6,0.59,0.59
0.3364756013745704,0.0,0.9238846230344469,0.0,0.2756651973236018,0.0,0.221711361310133,0.0,0.5754158433734939,0.0,0.2702033639810013,0.0,0.139,0.0,0.8455011680775706,0.0,0.8370195775373519,0.0,0.5498146332821543,0.0,0.104667452158463,0.0,0.3482236266136169,0.0,0.3073713481426239,0.0,0.8127242922782898,0.8127242922782898,0.8127242922782898,0.4213808178901672,0.0,0.5152777433395386,0.0,0.4924059510231018,0.0,0.3012405335903168,0.0,0.4544942677021026,0.0,0.4809081554412842,0.0,0.924056351184845,0.924056351184845,0.924056351184845,0.3688463866710663,0.0,0.5770589709281921,0.0,0.7617982625961304,0.7617982625961304,0.7617982625961304,0.6083774566650391,0.0,0.62,0.62,0.64,0.63,0.62,0.64,0.62,0.61,0.61,0.6,0.62,0.61,0.61,0.61,0.63,0.63,0.61,0.64,0.61,0.59,0.66,0.64,0.57,0.57,0.57,0.57,0.57,0.57,0.55,0.55,0.59,0.59,0.58,0.58,0.58,0.58,0.6,0.66,0.64,0.64,0.64,0.65,0.64,0.64,0.58,0.58,0.58,0.6,0.58,0.61,0.58,0.58,0.59,0.6,0.6,0.59,0.59,0.58,0.58,0.58,0.58,0.58,0.5799999833106995,0.58,0.62,0.66,0.5799999833106995,0.58,0.64,0.5799999833106995,0.69,0.64,0.5400000214576721,0.54,0.5400000214576721,0.54,0.54,0.53,0.54,0.54,0.5400000214576721,0.54,0.54,0.54,0.54,0.83,0.84,0.83,0.83,0.82,0.57,0.58,0.58,0.57,0.58,0.58,0.57,0.58,0.57,0.57
0.2040824742268041,0.0,0.9404322432947412,0.0,0.3688872613442872,0.0,0.3906307806829813,0.0,0.5616668674698795,0.0,0.1784948799511961,0.0,0.0,0.0,0.7271350699590546,0.0,0.6053240597630088,0.0,0.6066116688319358,0.0,0.424914686437678,0.0,0.3020691573619842,0.0,0.3517884910106659,0.0,0.7969663143157959,0.7969663143157959,0.7969663143157959,0.406702846288681,0.0,0.453920841217041,0.0,0.5007816553115845,0.0,0.2863601446151733,0.0,0.3991364538669586,0.0,0.4091978669166565,0.0,0.9187802076339722,0.9187802076339722,0.9187802076339722,0.382379949092865,0.0,0.521010160446167,0.0,0.6828600168228149,0.6828600168228149,0.6828600168228149,0.6976476907730103,0.0,0.61,0.61,0.63,0.61,0.61,0.62,0.61,0.59,0.59,0.58,0.6,0.59,0.6,0.6,0.61,0.61,0.58,0.63,0.6,0.56,0.64,0.63,0.56,0.55,0.56,0.55,0.56,0.56,0.53,0.53,0.57,0.57,0.57,0.57,0.57,0.57,0.58,0.66,0.63,0.63,0.64,0.65,0.63,0.64,0.57,0.57,0.57,0.59,0.57,0.6,0.57,0.56,0.58,0.59,0.58,0.58,0.58,0.55,0.55,0.55,0.55,0.55,0.550000011920929,0.55,0.61,0.64,0.550000011920929,0.55,0.63,0.550000011920929,0.67,0.63,0.5299999713897705,0.53,0.5299999713897705,0.53,0.53,0.53,0.53,0.53,0.5299999713897705,0.53,0.53,0.53,0.53,0.82,0.82,0.82,0.82,0.81,0.55,0.56,0.56,0.55,0.56,0.56,0.55,0.56,0.55,0.56
0.3045400098183604,0.0,0.9500727779110376,0.0,0.4486980085965526,0.0,0.785126733041779,0.0,0.7448660843373495,0.0,0.0931280230075384,0.0,0.16,0.0,0.6810318520937477,0.0,0.5262362184441011,0.0,0.5598863824258888,0.0,0.4999151841067822,0.0,0.2758063971996307,0.0,0.3667032122611999,0.0,0.7707334756851196,0.7707334756851196,0.7707334756851196,0.4185072183609009,0.0,0.4052017033100128,0.0,0.5076411962509155,0.0,0.2932701408863067,0.0,0.3408558964729309,0.0,0.3577807545661926,0.0,0.9144614338874816,0.9144614338874816,0.9144614338874816,0.3982088565826416,0.0,0.4653465151786804,0.0,0.6338291168212891,0.6338291168212891,0.6338291168212891,0.734174907207489,0.0,0.6,0.6,0.62,0.6,0.6,0.62,0.59,0.58,0.57,0.56,0.6,0.58,0.58,0.58,0.59,0.6,0.57,0.62,0.58,0.55,0.63,0.62,0.55,0.54,0.55,0.54,0.55,0.54,0.51,0.51,0.56,0.57,0.56,0.55,0.56,0.55,0.58,0.66,0.63,0.63,0.64,0.65,0.63,0.63,0.55,0.55,0.55,0.58,0.55,0.59,0.55,0.54,0.57,0.57,0.58,0.57,0.56,0.54,0.54,0.54,0.54,0.54,0.5400000214576721,0.54,0.6,0.63,0.5400000214576721,0.54,0.62,0.5400000214576721,0.66,0.62,0.5400000214576721,0.54,0.5400000214576721,0.54,0.54,0.53,0.54,0.53,0.5400000214576721,0.54,0.52,0.52,0.52,0.81,0.82,0.81,0.82,0.8,0.55,0.55,0.55,0.54,0.55,0.55,0.55,0.55,0.54,0.54
0.1982424153166421,0.0,0.9512732826115636,0.0,0.4868296221012115,0.0,0.2681506466921001,0.0,0.4941947590361445,0.0,0.1338919342890757,0.0,0.094,0.0,0.7801963877515136,0.0,0.4268961875321999,0.0,0.5177094602574702,0.0,0.4212446830068194,0.0,0.2470504939556121,0.0,0.3601163625717163,0.0,0.7624716758728027,0.7624716758728027,0.7624716758728027,0.4389065206050873,0.0,0.317976176738739,0.0,0.4863066673278808,0.0,0.2679864168167114,0.0,0.2881497144699096,0.0,0.3380599319934845,0.0,0.8963178992271423,0.8963178992271423,0.8963178992271423,0.4084371626377105,0.0,0.441533088684082,0.0,0.6157978773117065,0.6157978773117065,0.6157978773117065,0.7465205788612366,0.0,0.6,0.6,0.62,0.61,0.6,0.62,0.58,0.57,0.56,0.56,0.6,0.57,0.57,0.57,0.59,0.6,0.57,0.61,0.57,0.54,0.62,0.62,0.54,0.54,0.54,0.54,0.54,0.54,0.5,0.5,0.56,0.56,0.55,0.55,0.56,0.55,0.57,0.66,0.64,0.63,0.64,0.65,0.63,0.63,0.54,0.54,0.54,0.58,0.54,0.59,0.54,0.53,0.56,0.57,0.57,0.56,0.56,0.54,0.54,0.54,0.54,0.54,0.5400000214576721,0.54,0.59,0.62,0.5400000214576721,0.54,0.61,0.5400000214576721,0.65,0.61,0.5400000214576721,0.54,0.5400000214576721,0.54,0.54,0.54,0.54,0.53,0.5400000214576721,0.54,0.52,0.52,0.52,0.8,0.81,0.8,0.81,0.79,0.54,0.55,0.55,0.54,0.55,0.55,0.54,0.55,0.54,0.54
0.3454277859597447,0.0,0.9433715266158555,0.0,0.5073055316950876,0.0,0.4866822369033219,0.0,0.6189333132530119,0.0,0.2137718854852063,0.0,0.057,0.0,0.7534143032982492,0.0,0.5972743431221021,0.0,0.5088913428605174,0.0,0.2695629152331319,0.0,0.216515764594078,0.0,0.3511096537113189,0.0,0.7383646368980408,0.7383646368980408,0.7383646368980408,0.444199651479721,0.0,0.3129570782184601,0.0,0.4469539523124695,0.0,0.2442913502454757,0.0,0.2529441714286804,0.0,0.3163641989231109,0.0,0.8860429525375366,0.8860429525375366,0.8860429525375366,0.3939162492752075,0.0,0.395639568567276,0.0,0.5522807836532593,0.5522807836532593,0.5522807836532593,0.7334755659103394,0.0,0.61,0.6,0.62,0.61,0.61,0.62,0.57,0.56,0.55,0.56,0.6,0.56,0.56,0.56,0.6,0.6,0.58,0.62,0.56,0.53,0.63,0.62,0.54,0.54,0.55,0.54,0.55,0.55,0.5,0.5,0.55,0.56,0.55,0.55,0.55,0.54,0.58,0.67,0.65,0.64,0.65,0.66,0.64,0.64,0.54,0.54,0.54,0.58,0.54,0.6,0.54,0.53,0.56,0.58,0.57,0.56,0.56,0.56,0.56,0.56,0.56,0.56,0.5600000023841858,0.56,0.59,0.62,0.5600000023841858,0.56,0.61,0.5600000023841858,0.65,0.61,0.5400000214576721,0.54,0.5400000214576721,0.54,0.54,0.55,0.54,0.54,0.5400000214576721,0.54,0.53,0.53,0.53,0.81,0.81,0.8,0.81,0.79,0.55,0.55,0.55,0.54,0.55,0.55,0.55,0.55,0.54,0.54
0.2808353460972017,0.0,0.9333100772214497,0.0,0.5233863514493581,0.0,0.4973658695449892,0.0,0.6542037349397589,0.0,0.1144556625561026,0.0,0.214,0.0,0.7191477806526162,0.0,0.513514683153014,0.0,0.4706850714538798,0.0,0.5111768360693234,0.0,0.1865023821592331,0.0,0.302986592054367,0.0,0.7179034948348999,0.7179034948348999,0.7179034948348999,0.4362286925315857,0.0,0.3366418182849884,0.0,0.4057859480381012,0.0,0.2124768197536468,0.0,0.237296774983406,0.0,0.2898282408714294,0.0,0.8806076049804688,0.8806076049804688,0.8806076049804688,0.3568690419197082,0.0,0.3533911406993866,0.0,0.4984920024871826,0.4984920024871826,0.4984920024871826,0.6725682616233826,0.0,0.62,0.61,0.62,0.63,0.62,0.64,0.57,0.56,0.56,0.58,0.62,0.56,0.56,0.57,0.61,0.62,0.59,0.63,0.56,0.54,0.66,0.63,0.56,0.56,0.56,0.56,0.56,0.56,0.51,0.51,0.56,0.57,0.56,0.56,0.56,0.55,0.59,0.68,0.67,0.66,0.67,0.68,0.66,0.66,0.57,0.56,0.57,0.59,0.56,0.6,0.57,0.55,0.57,0.59,0.58,0.57,0.57,0.58,0.58,0.58,0.58,0.58,0.5799999833106995,0.58,0.6,0.63,0.5799999833106995,0.58,0.62,0.5799999833106995,0.66,0.62,0.5400000214576721,0.54,0.5400000214576721,0.54,0.54,0.56,0.54,0.55,0.5400000214576721,0.54,0.55,0.54,0.54,0.81,0.82,0.81,0.82,0.8,0.56,0.56,0.56,0.56,0.56,0.56,0.56,0.56,0.56,0.55
0.3208196367206676,0.0,0.9215962092553792,0.0,0.5128982327155536,0.0,0.5208117614217921,0.0,0.5184662048192772,0.0,0.102113730445771,0.0,0.117,0.0,0.7374646185535934,0.0,0.3762434312210201,0.0,0.44057951458604,0.0,0.5426665368646073,0.0,0.1696085035800933,0.0,0.2525362372398376,0.0,0.6978157162666321,0.6978157162666321,0.6978157162666321,0.4132692813873291,0.0002181301679229,0.2876096963882446,0.0,0.3955131769180298,0.0,0.1904731690883636,0.0,0.2139507532119751,0.0,0.2626661658287048,0.0,0.8706738352775574,0.8706738352775574,0.8706738352775574,0.3509470820426941,0.0,0.3073054254055023,0.0,0.4666589498519897,0.4666589498519897,0.4666589498519897,0.6401445269584656,0.0004505967081058,0.63,0.63,0.63,0.65,0.64,0.65,0.58,0.58,0.57,0.6,0.65,0.58,0.58,0.58,0.64,0.64,0.62,0.65,0.58,0.57,0.68,0.66,0.58,0.58,0.58,0.58,0.59,0.58,0.53,0.53,0.59,0.59,0.58,0.58,0.59,0.58,0.61,0.7,0.69,0.68,0.69,0.7,0.68,0.68,0.62,0.61,0.6,0.61,0.6,0.62,0.62,0.58,0.58,0.6,0.59,0.59,0.58,0.6,0.6,0.6,0.6,0.6,0.6000000238418579,0.6,0.62,0.65,0.6000000238418579,0.6,0.64,0.6000000238418579,0.68,0.64,0.550000011920929,0.55,0.550000011920929,0.55,0.55,0.58,0.55,0.57,0.550000011920929,0.55,0.56,0.56,0.56,0.82,0.83,0.82,0.83,0.81,0.59,0.59,0.59,0.59,0.59,0.59,0.59,0.59,0.59,0.57
0.1621291114383898,0.0034103951240722,0.9167478411310938,0.0,0.526767661654876,0.1579396079816352,0.5988775472224807,0.028175,0.5205142168674698,0.1243361581920903,0.0877342803608,0.0791073987991477,0.119,0.0014645057171151,0.6895192795598986,0.0027571693874477,0.2553544564657393,0.0406958536271897,0.4476898547301288,0.0018946390658174,0.4697015263203691,0.091,0.1543682813644409,0.0126316538080573,0.2159922420978546,0.0,0.6735233068466187,0.6735233068466187,0.6735233068466187,0.3942410349845886,0.0951404348015785,0.219712033867836,0.0108558041974902,0.3752962946891784,0.0816203132271766,0.1784555464982986,0.0418082140386104,0.1839200556278228,0.0049910051748156,0.2373077422380447,0.0014765770174562,0.8556873202323914,0.8556873202323914,0.8556873202323914,0.3004191815853119,0.0321800261735916,0.2685669660568237,0.0040251757018268,0.4382201731204986,0.4382201731204986,0.4382201731204986,0.6222025752067566,0.1023967564105987,0.66,0.65,0.64,0.67,0.66,0.67,0.61,0.61,0.6,0.64,0.68,0.61,0.61,0.61,0.67,0.68,0.65,0.69,0.61,0.6,0.73,0.69,0.64,0.64,0.64,0.64,0.65,0.65,0.59,0.59,0.64,0.64,0.63,0.63,0.64,0.63,0.66,0.75,0.74,0.73,0.73,0.74,0.72,0.72,0.66,0.65,0.63,0.63,0.63,0.64,0.66,0.62,0.6,0.62,0.61,0.61,0.61,0.64,0.64,0.64,0.64,0.64,0.6399999856948853,0.64,0.64,0.67,0.6399999856948853,0.64,0.66,0.6399999856948853,0.71,0.66,0.5799999833106995,0.58,0.5799999833106995,0.58,0.58,0.62,0.58,0.61,0.5799999833106995,0.58,0.6,0.6,0.6,0.84,0.85,0.83,0.84,0.82,0.65,0.65,0.65,0.66,0.65,0.64,0.64,0.65,0.66,0.63
0.2383106529209621,0.2916165658446113,0.9031565310821824,0.1781391864134534,0.3815094903219767,0.5873308758608511,0.5716833534939985,0.349875,0.4247624096385541,0.5126581920903954,0.072200139439627,0.4398040222093098,0.109,0.2627798725257173,0.6704726066969781,0.1422856414513627,0.280538124678001,0.3771175743579391,0.4228904275422228,0.116598195329087,0.3552152967684478,0.5045,0.1308784782886505,0.2971993386745453,0.1824159324169159,0.1049374341964721,0.6581016778945923,0.6581016778945923,0.6581016778945923,0.320039689540863,0.4146892726421356,0.1785916537046432,0.2179034501314163,0.2822486758232116,0.4007491767406463,0.1537056267261505,0.3555338084697723,0.1539551466703415,0.2235514372587204,0.2066658288240432,0.1476789116859436,0.8475136160850525,0.8475136160850525,0.8475136160850525,0.2608858048915863,0.32387375831604,0.2214273959398269,0.1608922332525253,0.3786770701408386,0.3786770701408386,0.3786770701408386,0.5096724033355713,0.4176220595836639,0.7,0.69,0.68,0.71,0.7,0.71,0.66,0.66,0.66,0.69,0.73,0.66,0.66,0.66,0.73,0.73,0.7,0.74,0.66,0.66,0.79,0.74,0.68,0.68,0.68,0.68,0.69,0.69,0.65,0.65,0.68,0.68,0.68,0.69,0.68,0.68,0.71,0.78,0.76,0.76,0.76,0.77,0.75,0.76,0.68,0.67,0.66,0.67,0.66,0.67,0.68,0.65,0.65,0.67,0.66,0.65,0.65,0.69,0.69,0.69,0.69,0.69,0.6899999976158142,0.69,0.7,0.72,0.6899999976158142,0.69,0.72,0.6899999976158142,0.76,0.72,0.6100000143051147,0.61,0.6100000143051147,0.61,0.61,0.64,0.61,0.64,0.6100000143051147,0.61,0.64,0.64,0.64,0.86,0.87,0.86,0.87,0.85,0.7,0.7,0.7,0.69,0.7,0.68,0.69,0.7,0.69,0.66
0.1396249386352479,0.7024199371680467,0.8759907220058522,0.5855685696458299,0.2236261706458503,0.8463672523397494,0.6182870568530752,0.7467999999999999,0.3996270481927711,0.7541129943502825,0.0144380147283106,0.7513899218800438,0.117,0.7006314714199133,0.5680552136451555,0.53831981393261,0.1877815558990211,0.7394247954996473,0.3702142730601158,0.5246637473460722,0.3245245961546959,0.8205,0.0776154473423957,0.6559244394302368,0.121348462998867,0.4601288139820099,0.6528323888778687,0.6528323888778687,0.6528323888778687,0.1725352257490158,0.7163937091827393,0.1248838081955909,0.5293335318565369,0.1885829418897628,0.7249475717544556,0.0798576697707176,0.7246890664100647,0.1004793271422386,0.571672797203064,0.1370095312595367,0.4762987792491913,0.8359677791595459,0.8359677791595459,0.8359677791595459,0.2260538786649704,0.6646476984024048,0.1389709264039993,0.4290920197963714,0.3523128628730774,0.3523128628730774,0.3523128628730774,0.3040399551391601,0.6866960525512695,0.71,0.71,0.69,0.73,0.72,0.73,0.7,0.7,0.71,0.75,0.78,0.7,0.7,0.7,0.78,0.78,0.76,0.79,0.7,0.72,0.83,0.79,0.71,0.7,0.7,0.71,0.71,0.71,0.67,0.66,0.71,0.7,0.71,0.72,0.7,0.71,0.74,0.79,0.78,0.78,0.78,0.79,0.77,0.78,0.7,0.7,0.68,0.7,0.68,0.7,0.7,0.68,0.69,0.7,0.69,0.69,0.68,0.77,0.77,0.77,0.77,0.77,0.7699999809265137,0.77,0.76,0.78,0.7699999809265137,0.77,0.78,0.7699999809265137,0.81,0.77,0.6299999952316284,0.63,0.6299999952316284,0.63,0.63,0.66,0.63,0.66,0.6299999952316284,0.63,0.66,0.66,0.66,0.88,0.89,0.89,0.89,0.88,0.71,0.71,0.71,0.7,0.72,0.7,0.7,0.71,0.7,0.69
0.0272031418753068,0.8396544423774345,0.8210408973359267,0.834044563865515,0.1592285047506936,0.9167557390075932,0.4730821624639434,0.8909,0.3793275301204819,0.9092655367231638,0.0092214475576277,0.7812307443992511,0.049,0.8954083325323019,0.4776362380366249,0.7891858636507104,0.1630285935085008,0.8368322630867168,0.334388862643203,0.8128378450106158,0.3558659281492257,0.736,0.0554667152464389,0.8113453388214111,0.0644381493330001,0.7454528212547302,0.6593751311302185,0.6593751311302185,0.6593751311302185,0.106115348637104,0.8509125113487244,0.0900626927614212,0.7074270248413086,0.1391142606735229,0.8445900082588196,0.0613533295691013,0.8804748058319092,0.0676022619009018,0.7534533739089966,0.0882419869303703,0.7059729099273682,0.8226689696311951,0.8226689696311951,0.8226689696311951,0.1692480742931366,0.800208568572998,0.0759486332535743,0.5718295574188232,0.3230276703834533,0.3230276703834533,0.3230276703834533,0.2141129970550537,0.7976057529449463,0.73,0.73,0.71,0.75,0.74,0.74,0.73,0.74,0.74,0.78,0.81,0.74,0.74,0.74,0.8,0.8,0.79,0.81,0.74,0.76,0.84,0.8,0.73,0.72,0.73,0.72,0.73,0.73,0.68,0.68,0.73,0.73,0.73,0.73,0.72,0.73,0.75,0.8,0.79,0.79,0.79,0.8,0.79,0.79,0.72,0.72,0.7,0.72,0.7,0.72,0.72,0.7,0.71,0.72,0.71,0.71,0.7,0.8,0.8,0.8,0.8,0.8,0.800000011920929,0.8,0.78,0.8,0.800000011920929,0.8,0.8,0.800000011920929,0.83,0.8,0.6499999761581421,0.65,0.6499999761581421,0.65,0.65,0.67,0.65,0.67,0.6499999761581421,0.65,0.68,0.68,0.68,0.9,0.9,0.9,0.9,0.89,0.71,0.72,0.72,0.69,0.72,0.72,0.71,0.72,0.69,0.71
0.1736377025036819,0.8847147458727094,0.7184250193120296,0.8747570559198895,0.221486555356165,0.9144624977926896,0.4113278124127663,0.932225,0.2930753012048192,0.9330593220338984,0.0070627478321495,0.7851617276777068,0.037,0.9373978703188848,0.4353149539048959,0.8784621764101539,0.1187730551262236,0.8795879655684395,0.2660828805952522,0.905262473460722,0.7109874767873443,0.679,0.0532106198370456,0.8359566330909729,0.0557511635124683,0.84515780210495,0.656735360622406,0.656735360622406,0.656735360622406,0.1246804371476173,0.8832711577415466,0.0949614867568016,0.7695282697677612,0.08892622590065,0.858808159828186,0.0474392808973789,0.907797634601593,0.0552921071648597,0.7974337935447693,0.0753252059221267,0.7724109292030334,0.8066915273666382,0.8066915273666382,0.8066915273666382,0.129785418510437,0.8304412364959717,0.0569075606763362,0.6538330316543579,0.2856679856777191,0.2856679856777191,0.2856679856777191,0.2391252666711807,0.828559935092926,0.74,0.74,0.73,0.76,0.75,0.76,0.76,0.76,0.77,0.8,0.82,0.76,0.76,0.76,0.82,0.82,0.8,0.82,0.76,0.78,0.85,0.81,0.74,0.74,0.74,0.74,0.74,0.74,0.68,0.68,0.73,0.73,0.74,0.74,0.73,0.74,0.76,0.81,0.81,0.8,0.81,0.81,0.8,0.8,0.74,0.74,0.73,0.74,0.73,0.74,0.74,0.72,0.73,0.74,0.73,0.73,0.72,0.82,0.82,0.82,0.82,0.82,0.8199999928474426,0.82,0.8,0.82,0.8199999928474426,0.82,0.82,0.8199999928474426,0.85,0.81,0.6700000166893005,0.67,0.6700000166893005,0.67,0.67,0.68,0.67,0.69,0.6700000166893005,0.67,0.69,0.69,0.69,0.9,0.91,0.91,0.91,0.9,0.71,0.73,0.72,0.68,0.72,0.73,0.72,0.73,0.68,0.72
0.151720471281296,0.9066759285172332,0.6631595775723259,0.8980453877184036,0.2762790534565391,0.8408661486844431,0.3391311063552619,0.91415,0.2478919277108433,0.9220762711864404,0.007013464638982,0.8149552262896248,0.0,0.9164586458114572,0.3366869803310809,0.8971113971634195,0.0060270479134466,0.8691970526674822,0.2024887799692926,0.916695329087049,0.4997709536783289,0.802,0.0552485510706901,0.8358758091926575,0.0604979433119297,0.8897619247436523,0.6587303876876831,0.6587303876876831,0.6587303876876831,0.1386976987123489,0.886179506778717,0.1033646762371063,0.7910931706428528,0.0671391487121582,0.8660309314727783,0.0394716933369636,0.9171947240829468,0.0493972525000572,0.8048269152641296,0.0700016319751739,0.8044092059135437,0.7951481342315674,0.7951481342315674,0.7951481342315674,0.1250289529561996,0.8329313397407532,0.0460035689175128,0.7126807570457458,0.2829332947731018,0.2829332947731018,0.2829332947731018,0.2945802807807922,0.8378307223320007,0.75,0.75,0.74,0.77,0.76,0.77,0.78,0.78,0.79,0.81,0.83,0.78,0.78,0.78,0.83,0.83,0.82,0.83,0.78,0.8,0.86,0.82,0.76,0.75,0.75,0.75,0.76,0.76,0.68,0.68,0.73,0.72,0.74,0.74,0.73,0.74,0.76,0.81,0.82,0.81,0.81,0.81,0.81,0.81,0.76,0.76,0.75,0.75,0.75,0.76,0.76,0.74,0.75,0.76,0.75,0.75,0.74,0.83,0.83,0.83,0.83,0.83,0.8299999833106995,0.83,0.8,0.82,0.8299999833106995,0.83,0.83,0.8299999833106995,0.86,0.82,0.699999988079071,0.7,0.699999988079071,0.7,0.7,0.7,0.7,0.71,0.699999988079071,0.7,0.71,0.71,0.71,0.91,0.91,0.91,0.91,0.91,0.71,0.73,0.73,0.68,0.72,0.74,0.71,0.74,0.68,0.73
0.1408697103583701,0.8194911775863233,0.605665734296011,0.8886256061689455,0.2624079428973942,0.8051340058273002,0.2992772866846561,0.85625,0.2261343373493975,0.7297994350282485,0.0150848402980522,0.8194001549486732,0.012,0.8927941351696334,0.2943439925644955,0.8861053560634389,0.0002413704276146,0.8219498071961718,0.1813077831581433,0.8997091295116775,0.4961068707495996,0.6615,0.0586678013205528,0.8355870842933655,0.0823867321014404,0.9159541130065918,0.6566306948661804,0.6566306948661804,0.6566306948661804,0.1930188834667205,0.8946391344070435,0.128284141421318,0.7915384769439697,0.0689278170466423,0.8583842515945435,0.0395496822893619,0.9219427108764648,0.0526762157678604,0.8051815629005432,0.0832254067063331,0.8303232192993164,0.795205295085907,0.795205295085907,0.795205295085907,0.1355171799659729,0.8288360238075256,0.0421824716031551,0.7456352710723877,0.2858991324901581,0.2858991324901581,0.2858991324901581,0.3471894860267639,0.8468871712684631,0.76,0.76,0.76,0.78,0.77,0.78,0.8,0.8,0.81,0.83,0.84,0.8,0.8,0.8,0.84,0.84,0.83,0.83,0.8,0.82,0.87,0.83,0.77,0.77,0.76,0.77,0.77,0.77,0.69,0.69,0.74,0.72,0.74,0.75,0.73,0.74,0.77,0.82,0.82,0.82,0.82,0.82,0.82,0.82,0.77,0.77,0.76,0.77,0.76,0.78,0.77,0.76,0.77,0.77,0.77,0.76,0.76,0.84,0.84,0.84,0.84,0.84,0.8399999737739563,0.84,0.81,0.83,0.8399999737739563,0.84,0.83,0.8399999737739563,0.86,0.83,0.7200000286102295,0.72,0.7200000286102295,0.72,0.72,0.72,0.72,0.72,0.7200000286102295,0.72,0.72,0.72,0.72,0.91,0.92,0.92,0.92,0.91,0.71,0.73,0.73,0.67,0.72,0.75,0.71,0.74,0.67,0.74
0.1166927835051546,0.6335471176593913,0.6403140430771057,0.8583437379491718,0.244118547393245,0.7335673891930073,0.3115262864055085,0.803825,0.1808455421686746,0.693912429378531,0.0150152947840864,0.772814190715992,0.855,0.8862249732629461,0.2611676505312869,0.872405071365256,0.0455996908809891,0.6840759244287777,0.2117055332467226,0.8747361995753717,0.5779335275153656,0.1245,0.0726521015167236,0.8184710741043091,0.1192819625139236,0.9174480438232422,0.6772800087928772,0.6772800087928772,0.6772800087928772,0.2201780825853347,0.9030123949050904,0.1796873360872268,0.7788491249084473,0.0836760327219963,0.840672492980957,0.0638839080929756,0.9211215376853944,0.0744897276163101,0.7917760610580444,0.1127978563308715,0.8477687835693359,0.8151192665100098,0.8151192665100098,0.8151192665100098,0.2166661918163299,0.8056118488311768,0.0502138473093509,0.7679553031921387,0.3033818006515503,0.3033818006515503,0.3033818006515503,0.4553399085998535,0.8507146239280701,0.78,0.78,0.78,0.79,0.78,0.79,0.81,0.82,0.82,0.84,0.85,0.82,0.82,0.82,0.84,0.84,0.84,0.84,0.82,0.84,0.87,0.83,0.78,0.78,0.78,0.78,0.78,0.78,0.7,0.7,0.74,0.73,0.75,0.76,0.74,0.75,0.77,0.82,0.83,0.83,0.83,0.83,0.83,0.83,0.78,0.78,0.78,0.78,0.77,0.78,0.78,0.77,0.78,0.78,0.77,0.77,0.77,0.84,0.84,0.84,0.84,0.84,0.8399999737739563,0.84,0.81,0.83,0.8399999737739563,0.84,0.84,0.8399999737739563,0.86,0.83,0.7400000095367432,0.74,0.7400000095367432,0.74,0.74,0.75,0.74,0.75,0.7400000095367432,0.74,0.74,0.74,0.74,0.91,0.92,0.92,0.92,0.92,0.71,0.74,0.74,0.67,0.73,0.76,0.7,0.75,0.67,0.75
0.0778387825233186,0.5601551521630361,0.6972275064009638,0.834152987865102,0.4164407593323912,0.581935392018365,0.361040755559691,0.7814749999999999,0.1484068072289156,0.5050706214689265,0.0478672273301668,0.6456323842727097,0.557,0.855364938681676,0.2883723781054535,0.7994730972113075,0.6818001030396703,0.6361078245501411,0.2357970650761781,0.8566958598726115,0.4784736241272875,0.0849999999999999,0.1149185225367546,0.7859344482421875,0.1751719117164611,0.9031206369400024,0.7090182900428772,0.7090182900428772,0.7090182900428772,0.2659377455711365,0.8924665451049805,0.2736762464046478,0.7587757706642151,0.0961582213640213,0.821091890335083,0.1270163357257843,0.9071967601776124,0.1533863693475723,0.7611335515975952,0.1565005183219909,0.8385639190673828,0.8328214287757874,0.8328214287757874,0.8328214287757874,0.2964739799499511,0.7784598469734192,0.0650516897439956,0.7797195911407471,0.3189666867256164,0.3189666867256164,0.3189666867256164,0.5162412524223328,0.8496699333190918,0.79,0.79,0.79,0.8,0.8,0.8,0.82,0.82,0.83,0.84,0.85,0.82,0.82,0.82,0.85,0.85,0.85,0.84,0.82,0.84,0.88,0.84,0.79,0.79,0.79,0.79,0.79,0.79,0.72,0.71,0.75,0.74,0.76,0.77,0.75,0.76,0.78,0.83,0.83,0.83,0.83,0.83,0.83,0.83,0.8,0.79,0.79,0.79,0.79,0.79,0.8,0.78,0.79,0.8,0.78,0.78,0.78,0.84,0.84,0.84,0.84,0.84,0.8399999737739563,0.84,0.82,0.84,0.8399999737739563,0.84,0.84,0.8399999737739563,0.87,0.84,0.75,0.75,0.75,0.75,0.75,0.76,0.75,0.75,0.75,0.75,0.75,0.74,0.74,0.92,0.92,0.92,0.92,0.92,0.71,0.74,0.74,0.67,0.73,0.77,0.7,0.75,0.67,0.76
0.3398238586156111,0.56956945507572,0.78535696403955,0.8162345360633743,0.481583871557119,0.4575551165460004,0.6033296733972271,0.7847249999999999,0.1034903614457831,0.7661073446327683,0.0608545906139701,0.608480986506553,0.237,0.8121388349041461,0.3718703308297119,0.7677953594206997,0.2758845955692942,0.6227634703632093,0.2783844041573167,0.8504158704883229,0.2602018884734486,0.087,0.1890095323324203,0.7585737109184265,0.2368060797452926,0.889822244644165,0.7485619187355042,0.7485619187355042,0.7485619187355042,0.3229389190673828,0.8787529468536377,0.3585206568241119,0.7399789094924927,0.1016939729452133,0.7884452939033508,0.1718516498804092,0.8821421265602112,0.2711838483810425,0.7280020117759705,0.2146163433790207,0.8259921669960022,0.8552117347717285,0.8552117347717285,0.8552117347717285,0.3240278661251068,0.7405785322189331,0.0794619843363761,0.7918721437454224,0.3676904439926147,0.3676904439926147,0.3676904439926147,0.5350233912467957,0.8406736850738525,0.8,0.8,0.8,0.81,0.8,0.81,0.82,0.83,0.83,0.84,0.85,0.83,0.83,0.83,0.85,0.85,0.85,0.84,0.83,0.84,0.88,0.84,0.8,0.8,0.79,0.8,0.8,0.8,0.73,0.73,0.77,0.76,0.77,0.78,0.77,0.78,0.79,0.83,0.83,0.83,0.83,0.83,0.83,0.83,0.8,0.8,0.79,0.8,0.79,0.8,0.8,0.79,0.79,0.8,0.79,0.79,0.79,0.85,0.85,0.85,0.85,0.85,0.8500000238418579,0.85,0.82,0.84,0.8500000238418579,0.85,0.85,0.8500000238418579,0.87,0.84,0.7599999904632568,0.76,0.7599999904632568,0.76,0.76,0.77,0.76,0.76,0.7599999904632568,0.76,0.75,0.75,0.75,0.92,0.92,0.92,0.92,0.92,0.7,0.74,0.74,0.66,0.72,0.77,0.7,0.75,0.66,0.77
0.4556393716249386,0.5246495180359211,0.8321807248996359,0.7384195197647034,0.6515174789494722,0.31713919300724,0.3775090722992463,0.7306999999999999,0.0946310843373493,0.5918813559322033,0.0741416183711708,0.6137400413196461,0.281,0.6484878108198112,0.464136627395815,0.8020500949695282,0.0984379185986605,0.605301216000315,0.3559697354434865,0.8586788747346075,0.2893467892691294,0.354,0.2870857715606689,0.7440407872200012,0.3045646846294403,0.8675572276115417,0.8007326722145081,0.8007326722145081,0.8007326722145081,0.4401470720767975,0.8528813719749451,0.3988796472549438,0.6968653202056885,0.1272026896476745,0.7552219033241272,0.2521779537200928,0.8578116297721863,0.304408460855484,0.6810978055000305,0.2730116248130798,0.8052660226821899,0.875581681728363,0.875581681728363,0.875581681728363,0.3554181158542633,0.7213366627693176,0.0930214002728462,0.7770468592643738,0.4356735646724701,0.4356735646724701,0.4356735646724701,0.550064742565155,0.8163663148880005,0.81,0.81,0.81,0.81,0.81,0.81,0.83,0.83,0.84,0.85,0.86,0.83,0.83,0.83,0.86,0.85,0.86,0.85,0.83,0.85,0.89,0.84,0.8,0.8,0.8,0.8,0.8,0.81,0.75,0.74,0.78,0.77,0.78,0.79,0.78,0.79,0.8,0.83,0.83,0.83,0.83,0.83,0.83,0.83,0.81,0.81,0.8,0.8,0.8,0.8,0.81,0.8,0.8,0.81,0.8,0.79,0.8,0.86,0.86,0.86,0.86,0.86,0.8600000143051147,0.86,0.83,0.85,0.8600000143051147,0.86,0.85,0.8600000143051147,0.88,0.85,0.7699999809265137,0.77,0.7699999809265137,0.77,0.77,0.77,0.77,0.76,0.7699999809265137,0.77,0.76,0.76,0.76,0.92,0.93,0.93,0.93,0.92,0.71,0.74,0.74,0.66,0.72,0.77,0.71,0.75,0.66,0.77
0.633846440844379,0.2284135102239639,0.8653987458898978,0.6239397357708255,0.5547902755851192,0.3212724042027194,0.23820545268447,0.599475,0.1410325301204819,0.2272090395480226,0.1458077476142751,0.4558966363225514,0.0,0.3552764646329447,0.5984561280112537,0.7861452097898107,0.1079585265327151,0.3507820554974832,0.3927949391756231,0.8561929405520171,0.5296014331752199,0.2345,0.3528369963169098,0.680213987827301,0.3675278425216675,0.8325759768486023,0.8502316474914551,0.8502316474914551,0.8502316474914551,0.4788613021373749,0.8118191361427307,0.3870971798896789,0.6438372135162354,0.147024780511856,0.719767689704895,0.3195534348487854,0.8157158493995667,0.3539961278438568,0.6273237466812134,0.3372169733047485,0.7875919938087463,0.8939030170440674,0.8939030170440674,0.8939030170440674,0.4651737511157989,0.6812424659729004,0.1078826189041137,0.7239355444908142,0.4990100264549255,0.4990100264549255,0.4990100264549255,0.5437448024749756,0.7679173946380615,0.81,0.81,0.81,0.81,0.81,0.82,0.83,0.84,0.85,0.86,0.86,0.84,0.84,0.84,0.86,0.86,0.86,0.85,0.84,0.87,0.89,0.85,0.79,0.79,0.78,0.79,0.79,0.79,0.74,0.73,0.77,0.77,0.78,0.78,0.77,0.78,0.8,0.83,0.82,0.82,0.83,0.83,0.82,0.82,0.82,0.82,0.81,0.8,0.81,0.8,0.82,0.81,0.8,0.8,0.8,0.8,0.8,0.87,0.87,0.87,0.87,0.87,0.8700000047683716,0.87,0.84,0.85,0.8700000047683716,0.87,0.86,0.8700000047683716,0.88,0.85,0.7799999713897705,0.78,0.7799999713897705,0.78,0.78,0.77,0.78,0.77,0.7799999713897705,0.78,0.76,0.76,0.76,0.92,0.93,0.93,0.93,0.92,0.71,0.73,0.73,0.67,0.72,0.75,0.72,0.74,0.67,0.75
0.4539061364752086,0.0696272845035791,0.9258479112558268,0.4848721809056622,0.5715986513002245,0.1410708767437754,0.3971640457802177,0.4501,0.2061379518072289,0.1087118644067796,0.1596934506950194,0.2597856543353347,0.152,0.1971411739456811,0.6971623753422594,0.6857809878581591,0.1830391550747038,0.1332809128588895,0.4734855320656668,0.8208073248407646,0.4264345355606663,0.032,0.3663135766983032,0.5855005979537964,0.4187485575675964,0.7817987203598022,0.8812069892883301,0.8812069892883301,0.8812069892883301,0.4834069311618805,0.6696205139160156,0.4075952768325805,0.5675646662712097,0.1602189987897873,0.6244896650314331,0.3784925937652588,0.6849506497383118,0.3706983029842376,0.5542016625404358,0.377597838640213,0.7555248737335205,0.9028658270835876,0.9028658270835876,0.9028658270835876,0.4764485359191894,0.5983505249023438,0.1298132389783859,0.6692102551460266,0.5744495391845703,0.5744495391845703,0.5744495391845703,0.4730788171291351,0.6221305131912231,0.78,0.78,0.78,0.8,0.79,0.8,0.81,0.83,0.83,0.85,0.85,0.83,0.82,0.82,0.85,0.85,0.85,0.84,0.82,0.86,0.88,0.84,0.74,0.74,0.73,0.74,0.73,0.73,0.72,0.71,0.75,0.75,0.76,0.76,0.75,0.76,0.78,0.8,0.79,0.78,0.79,0.79,0.78,0.78,0.8,0.8,0.79,0.78,0.79,0.78,0.8,0.79,0.78,0.78,0.77,0.77,0.78,0.83,0.83,0.83,0.83,0.83,0.8299999833106995,0.83,0.82,0.84,0.8299999833106995,0.83,0.84,0.8299999833106995,0.87,0.84,0.75,0.75,0.75,0.75,0.75,0.74,0.75,0.74,0.75,0.75,0.73,0.73,0.73,0.91,0.91,0.92,0.91,0.91,0.69,0.7,0.7,0.67,0.7,0.71,0.69,0.71,0.67,0.72
0.380279823269514,0.0187384415601053,0.9377918191403528,0.2396505585596625,0.2927875388815857,0.0175790437930425,0.3862802642597934,0.108675,0.2596277108433735,0.0193107344632768,0.1907772887707525,0.0565470979404738,0.0,0.06758387108319,0.8007855258861062,0.5582591173390642,0.3001537867078825,0.0316321109076784,0.5038860281091296,0.69542940552017,0.2172432838479136,0.0505,0.3982284069061279,0.3352549374103546,0.4286181628704071,0.6517534852027893,0.9034026265144348,0.9034026265144348,0.9034026265144348,0.534519612789154,0.3042833209037781,0.4231019914150238,0.4265581667423248,0.1802950948476791,0.3680440783500671,0.3797424435615539,0.3394767343997955,0.3986901342868805,0.3762884736061096,0.4205212891101837,0.6450367569923401,0.9181491732597352,0.9181491732597352,0.9181491732597352,0.386979877948761,0.37754687666893,0.152986466884613,0.5540077686309814,0.6281607747077942,0.6281607747077942,0.6281607747077942,0.3820396363735199,0.2843474447727203,0.74,0.73,0.73,0.75,0.74,0.75,0.76,0.79,0.8,0.82,0.82,0.78,0.78,0.78,0.82,0.81,0.82,0.81,0.78,0.83,0.85,0.8,0.67,0.67,0.67,0.67,0.67,0.67,0.67,0.67,0.69,0.68,0.7,0.71,0.69,0.7,0.72,0.75,0.74,0.73,0.74,0.74,0.73,0.73,0.75,0.74,0.74,0.73,0.74,0.72,0.75,0.73,0.72,0.73,0.72,0.72,0.72,0.79,0.79,0.79,0.79,0.79,0.7900000214576721,0.79,0.78,0.8,0.7900000214576721,0.79,0.8,0.7900000214576721,0.83,0.8,0.6800000071525574,0.68,0.6800000071525574,0.68,0.68,0.68,0.68,0.69,0.6800000071525574,0.68,0.68,0.69,0.69,0.89,0.89,0.9,0.89,0.89,0.66,0.66,0.66,0.66,0.66,0.66,0.66,0.66,0.66,0.67
0.4688699067255768,0.0,0.9456421813256088,0.0449738233682133,0.4113556452925267,0.0,0.5460861635805341,0.0,0.2640206024096386,0.0,0.3352863305590657,0.0,0.5,0.0002294625068076,0.8417787937401089,0.2847866973659369,0.3035370942812983,0.0,0.5185955178929964,0.3609299363057325,0.2201890123586271,0.0,0.3600588142871856,0.0411701463162899,0.4248554110527038,0.2935234010219574,0.9220689535140992,0.9220689535140992,0.9220689535140992,0.5346956849098206,0.0232938192784786,0.4107580482959747,0.1373142749071121,0.2336658090353012,0.0524197556078434,0.4088031053543091,0.0241520125418901,0.3952659964561462,0.095982976257801,0.4404783546924591,0.3379785418510437,0.9232261776924132,0.9232261776924132,0.9232261776924132,0.3628478050231933,0.0678787529468536,0.195723682641983,0.26345095038414,0.6557559967041016,0.6557559967041016,0.6557559967041016,0.4150289893150329,0.0278292149305343,0.69,0.69,0.69,0.7,0.7,0.71,0.72,0.74,0.75,0.78,0.77,0.74,0.73,0.73,0.77,0.77,0.78,0.77,0.73,0.79,0.81,0.76,0.64,0.63,0.64,0.64,0.64,0.64,0.62,0.62,0.66,0.65,0.66,0.67,0.66,0.66,0.68,0.72,0.71,0.7,0.71,0.71,0.7,0.7,0.7,0.7,0.69,0.69,0.69,0.69,0.7,0.69,0.68,0.69,0.68,0.68,0.68,0.71,0.71,0.71,0.71,0.71,0.7099999785423279,0.71,0.72,0.75,0.7099999785423279,0.71,0.75,0.7099999785423279,0.79,0.74,0.6499999761581421,0.65,0.6499999761581421,0.65,0.65,0.65,0.65,0.66,0.6499999761581421,0.65,0.66,0.66,0.66,0.87,0.87,0.88,0.87,0.87,0.61,0.62,0.62,0.61,0.62,0.62,0.61,0.62,0.61,0.62
0.505152970054001,0.0,0.956560638655376,0.0025700506073941,0.3034280528870877,0.0,0.541584721317577,0.0,0.2500119277108433,0.0,0.4917612532136477,0.0,0.117,0.0,0.8468622924464316,0.0525985474007786,0.2595409582689335,0.0,0.515378203614031,0.0572279723991507,0.26961252212997,0.0,0.3669295012950897,0.0,0.5051686763763428,0.028457187116146,0.9347215294837952,0.9347215294837952,0.9347215294837952,0.5405402183532715,0.0,0.4064755737781524,0.0051797279156744,0.331403374671936,3.976349205458974e-7,0.4796507060527801,0.0,0.4008754789829254,0.0008166753686964,0.4796053767204284,0.058043248951435,0.9250823855400084,0.9250823855400084,0.9250823855400084,0.3273902833461761,7.5248658504278865e-6,0.3142432570457458,0.0361997336149215,0.6665434241294861,0.6665434241294861,0.6665434241294861,0.3675801157951355,0.0,0.66,0.66,0.66,0.68,0.67,0.69,0.68,0.71,0.72,0.73,0.73,0.7,0.7,0.7,0.73,0.73,0.73,0.73,0.7,0.75,0.77,0.72,0.61,0.6,0.61,0.61,0.61,0.6,0.58,0.59,0.63,0.62,0.63,0.63,0.63,0.62,0.65,0.7,0.68,0.68,0.68,0.69,0.67,0.68,0.67,0.67,0.66,0.66,0.66,0.66,0.67,0.66,0.65,0.66,0.65,0.65,0.65,0.67,0.67,0.67,0.67,0.67,0.6700000166893005,0.67,0.69,0.71,0.6700000166893005,0.67,0.71,0.6700000166893005,0.76,0.71,0.6299999952316284,0.63,0.6299999952316284,0.63,0.63,0.63,0.63,0.63,0.6299999952316284,0.63,0.63,0.63,0.63,0.85,0.86,0.86,0.85,0.85,0.6,0.6,0.6,0.59,0.6,0.6,0.6,0.61,0.59,0.6
0.5805813451153657,0.0,0.9277681155241037,0.0,0.665344859499511,0.0,0.2221306411091467,0.0,0.2954389759036144,0.0,0.5185477798596889,0.0,0.025,0.0,0.9256988871863148,0.0,0.0745311695002576,0.0,0.593037439470887,0.0,0.1910893631652967,0.0,0.3825518190860748,0.0,0.5243136286735535,0.0,0.9425449371337892,0.9425449371337892,0.9425449371337892,0.5946127772331238,0.0,0.3892203569412231,0.0,0.4007939398288727,0.0,0.4642677307128906,0.0,0.3876449763774872,0.0,0.5256197452545166,0.0,0.9236466288566588,0.9236466288566588,0.9236466288566588,0.324379414319992,0.0,0.4469037652015686,0.0,0.6505304574966431,0.6505304574966431,0.6505304574966431,0.3571418821811676,0.0,0.64,0.64,0.64,0.65,0.65,0.67,0.66,0.68,0.69,0.7,0.7,0.67,0.67,0.67,0.7,0.69,0.7,0.7,0.67,0.71,0.73,0.69,0.58,0.58,0.58,0.58,0.58,0.58,0.56,0.57,0.6,0.59,0.6,0.6,0.6,0.59,0.63,0.68,0.66,0.65,0.66,0.67,0.65,0.65,0.64,0.64,0.63,0.64,0.63,0.64,0.64,0.63,0.63,0.64,0.63,0.62,0.62,0.63,0.63,0.63,0.63,0.63,0.6299999952316284,0.63,0.66,0.69,0.6299999952316284,0.63,0.68,0.6299999952316284,0.73,0.68,0.6100000143051147,0.61,0.6100000143051147,0.61,0.61,0.61,0.61,0.61,0.6100000143051147,0.61,0.61,0.61,0.61,0.83,0.84,0.84,0.83,0.83,0.58,0.59,0.59,0.58,0.59,0.59,0.58,0.59,0.58,0.59
0.4827977417771232,0.0,0.9134397484084358,0.0,0.6810972744795694,0.0,0.1945668558667534,0.0,0.2459762650602409,0.0,0.4868285328336746,0.0,0.0,0.0,0.8794288477479968,0.0,0.4190538382277177,0.0,0.6055366717845756,0.0,0.2752228310337759,0.0,0.385932445526123,0.0,0.4997314810752868,0.0,0.94393390417099,0.94393390417099,0.94393390417099,0.5671291351318359,0.0,0.328251451253891,0.0,0.4179604053497314,0.0,0.4232409298419952,0.0,0.3502711057662964,0.0,0.4905930757522583,0.0,0.9048725366592408,0.9048725366592408,0.9048725366592408,0.2478862106800079,0.0,0.4782961308956146,0.0,0.6423245668411255,0.6423245668411255,0.6423245668411255,0.3950858414173126,0.0,0.62,0.62,0.63,0.64,0.63,0.65,0.63,0.65,0.65,0.66,0.67,0.65,0.64,0.64,0.67,0.67,0.66,0.67,0.64,0.68,0.7,0.67,0.56,0.55,0.56,0.56,0.56,0.56,0.54,0.55,0.58,0.57,0.58,0.58,0.58,0.58,0.61,0.66,0.64,0.64,0.64,0.65,0.63,0.64,0.61,0.61,0.61,0.61,0.61,0.62,0.61,0.61,0.6,0.61,0.61,0.6,0.6,0.6,0.6,0.6,0.6,0.6,0.6000000238418579,0.6,0.64,0.67,0.6000000238418579,0.6,0.66,0.6000000238418579,0.7,0.66,0.6000000238418579,0.6,0.6000000238418579,0.6,0.6,0.6,0.6,0.6,0.6000000238418579,0.6,0.59,0.59,0.59,0.81,0.82,0.82,0.82,0.81,0.57,0.58,0.58,0.57,0.58,0.58,0.57,0.58,0.57,0.59
0.4033252822778596,0.0,0.9229791130527266,0.0,0.8215390870190173,0.0,0.0993102261096119,0.0,0.249357469879518,0.0,0.329766569349427,0.0,0.0,0.0,0.8313442186440251,0.0,0.1731550747037609,0.0,0.5934606117869377,0.0,0.2109827744924918,0.0,0.397780030965805,0.0,0.4607709348201751,0.0,0.9449798464775084,0.9449798464775084,0.9449798464775084,0.5688452124595642,0.0,0.2692273259162903,0.0,0.414864033460617,0.0,0.3909940421581268,0.0,0.3313791751861572,0.0,0.451783150434494,0.0,0.8913020491600037,0.8913020491600037,0.8913020491600037,0.2255593836307525,0.0,0.4712963402271271,0.0,0.5861102342605591,0.5861102342605591,0.5861102342605591,0.3927504122257232,0.0,0.61,0.61,0.62,0.62,0.62,0.64,0.61,0.61,0.62,0.62,0.64,0.61,0.61,0.61,0.64,0.64,0.63,0.66,0.61,0.63,0.67,0.65,0.54,0.54,0.55,0.54,0.54,0.54,0.53,0.53,0.57,0.56,0.56,0.57,0.57,0.56,0.59,0.65,0.62,0.62,0.63,0.64,0.62,0.62,0.59,0.59,0.59,0.6,0.59,0.6,0.59,0.59,0.59,0.6,0.59,0.59,0.59,0.58,0.58,0.58,0.58,0.58,0.5799999833106995,0.58,0.62,0.65,0.5799999833106995,0.58,0.64,0.5799999833106995,0.69,0.64,0.5899999737739563,0.59,0.5899999737739563,0.59,0.59,0.6,0.59,0.59,0.5899999737739563,0.59,0.58,0.58,0.58,0.8,0.81,0.81,0.8,0.8,0.57,0.58,0.58,0.57,0.58,0.58,0.56,0.58,0.57,0.6
0.5426639175257733,0.0,0.9296328189691164,0.0,0.508879629268115,0.0,0.0508470270773239,0.0,0.2414668674698795,0.0,0.2822498583816288,0.0,0.01,0.0,0.8635098846994398,0.0,0.3437642967542504,0.0,0.7125617396952877,0.0,0.1926976495920833,0.0,0.4062435626983642,0.0,0.4045696258544922,0.0,0.9519928097724916,0.9519928097724916,0.9519928097724916,0.5154507160186768,0.0,0.2153182327747345,0.0,0.3879903554916382,0.0,0.3642747104167938,0.0,0.3243698477745056,0.0,0.4281059503555298,0.0,0.8725358247756958,0.8725358247756958,0.8725358247756958,0.2579480409622192,0.0,0.4467446804046631,0.0,0.5919506549835205,0.5919506549835205,0.5919506549835205,0.4504582285881042,0.0,0.6,0.6,0.61,0.62,0.61,0.63,0.59,0.59,0.58,0.6,0.63,0.59,0.59,0.59,0.63,0.63,0.6,0.64,0.59,0.58,0.66,0.64,0.53,0.53,0.54,0.53,0.54,0.54,0.52,0.52,0.56,0.55,0.56,0.56,0.56,0.56,0.59,0.64,0.61,0.61,0.62,0.63,0.61,0.61,0.58,0.58,0.58,0.58,0.58,0.58,0.58,0.57,0.57,0.58,0.58,0.57,0.57,0.57,0.57,0.57,0.57,0.57,0.5699999928474426,0.57,0.61,0.64,0.5699999928474426,0.57,0.63,0.5699999928474426,0.67,0.63,0.5799999833106995,0.58,0.5799999833106995,0.58,0.58,0.6,0.58,0.59,0.5799999833106995,0.58,0.58,0.57,0.57,0.79,0.8,0.79,0.8,0.78,0.57,0.58,0.58,0.56,0.57,0.58,0.56,0.58,0.56,0.6
0.5650663721158566,0.0,0.9541531728294638,0.0,0.399922434235368,0.0,0.0506359914394714,0.0,0.3267073493975904,0.0,0.2066497015120484,0.0,0.0,0.0,0.8446895174458039,0.0,0.1476424523441525,0.0,0.7198471418448095,0.0,0.2465272466062783,0.0,0.4059880971908569,0.0,0.3536798357963562,0.0,0.9575770497322084,0.9575770497322084,0.9575770497322084,0.4598147869110107,0.0,0.1947143673896789,0.0,0.3718336820602417,0.0,0.4064373672008514,0.0,0.3185984790325165,0.0,0.4056862592697143,0.0,0.8534653186798096,0.8534653186798096,0.8534653186798096,0.3271015882492065,0.0,0.4015219211578369,0.0,0.5753490924835205,0.5753490924835205,0.5753490924835205,0.4747119545936584,0.0,0.6,0.6,0.61,0.61,0.61,0.63,0.58,0.57,0.57,0.58,0.62,0.57,0.57,0.57,0.62,0.62,0.59,0.64,0.57,0.56,0.65,0.64,0.53,0.53,0.54,0.53,0.54,0.54,0.52,0.52,0.56,0.55,0.55,0.55,0.55,0.55,0.58,0.63,0.61,0.61,0.61,0.62,0.6,0.61,0.57,0.57,0.56,0.57,0.56,0.58,0.57,0.56,0.56,0.57,0.57,0.56,0.56,0.57,0.57,0.57,0.57,0.57,0.5699999928474426,0.57,0.6,0.64,0.5699999928474426,0.57,0.63,0.5699999928474426,0.67,0.63,0.5799999833106995,0.58,0.5799999833106995,0.58,0.58,0.6,0.58,0.58,0.5799999833106995,0.58,0.57,0.57,0.57,0.78,0.79,0.78,0.79,0.77,0.57,0.58,0.58,0.56,0.57,0.59,0.56,0.58,0.56,0.6
0.659180265095729,0.0,0.946104803438385,0.0,0.5181584846004561,0.0,0.170969014608728,0.0,0.2253138554216867,0.0,0.2188832628872717,0.0,0.0,0.0,0.8479198171267804,0.0,0.0873995363214837,0.0,0.7304906991850716,0.0,0.3001460264637667,0.0,0.3873636424541473,0.0,0.3082592487335205,0.0,0.9616431593894958,0.9616431593894958,0.9616431593894958,0.3844318687915802,0.0,0.1847984194755554,0.0,0.3631913065910339,0.0,0.3974002599716186,0.0,0.3094647228717804,0.0,0.3819096684455871,0.0,0.8333607912063599,0.8333607912063599,0.8333607912063599,0.3098042607307434,0.0,0.3727897107601166,0.0,0.5391515493392944,0.5391515493392944,0.5391515493392944,0.5006805062294006,0.0,0.6,0.6,0.61,0.61,0.61,0.63,0.57,0.57,0.56,0.58,0.63,0.57,0.57,0.57,0.62,0.62,0.59,0.64,0.57,0.55,0.66,0.64,0.54,0.54,0.54,0.54,0.55,0.54,0.52,0.53,0.56,0.56,0.56,0.56,0.56,0.56,0.58,0.63,0.61,0.61,0.61,0.62,0.61,0.61,0.56,0.56,0.56,0.56,0.55,0.57,0.56,0.56,0.56,0.56,0.56,0.56,0.56,0.58,0.58,0.58,0.58,0.58,0.5799999833106995,0.58,0.61,0.64,0.5799999833106995,0.58,0.63,0.5799999833106995,0.67,0.63,0.5799999833106995,0.58,0.5799999833106995,0.58,0.58,0.6,0.58,0.58,0.5799999833106995,0.58,0.58,0.57,0.57,0.78,0.79,0.78,0.79,0.77,0.57,0.58,0.58,0.56,0.57,0.59,0.56,0.58,0.56,0.6
0.6838395679921453,0.0,0.9270870565136732,0.0,0.5769751574566229,0.0,0.2250786265934679,0.0,0.131468313253012,0.0,0.2118158961174778,0.0,0.002,0.0,0.8253329649074329,0.0,0.1708763523956723,0.0,0.7102826561946379,0.0,0.1722732361633135,0.0,0.3205097913742065,0.0,0.2499876916408538,0.0,0.9621179699897766,0.9621179699897766,0.9621179699897766,0.4340604841709137,0.0,0.1832061409950256,0.0,0.3404937386512756,0.0,0.3666091859340668,0.0,0.2854314744472503,0.0,0.3538798391819,0.0,0.8118211627006531,0.8118211627006531,0.8118211627006531,0.2744865417480469,0.0,0.3495968580245971,0.0,0.5409929752349854,0.5409929752349854,0.5409929752349854,0.4606887996196747,0.0,0.6,0.6,0.61,0.62,0.61,0.63,0.57,0.57,0.56,0.59,0.63,0.57,0.57,0.57,0.63,0.63,0.6,0.65,0.57,0.55,0.67,0.65,0.56,0.56,0.56,0.56,0.56,0.56,0.53,0.54,0.57,0.57,0.56,0.57,0.57,0.56,0.6,0.64,0.63,0.62,0.63,0.63,0.62,0.62,0.57,0.57,0.56,0.56,0.56,0.57,0.57,0.56,0.56,0.56,0.57,0.56,0.56,0.6,0.6,0.6,0.6,0.6,0.6000000238418579,0.6,0.62,0.65,0.6000000238418579,0.6,0.64,0.6000000238418579,0.68,0.64,0.5899999737739563,0.59,0.5899999737739563,0.59,0.59,0.6,0.59,0.59,0.5899999737739563,0.59,0.58,0.58,0.58,0.79,0.8,0.78,0.79,0.77,0.58,0.59,0.58,0.57,0.58,0.6,0.57,0.59,0.57,0.61
0.661721354933726,0.0,0.9201616943108544,0.0,0.5009003948236949,0.0,0.257308085977482,0.0,0.0639618674698795,0.0,0.3722169157697502,0.0,0.0,0.0,0.8298735713029717,0.0,0.1493176197836166,0.0,0.629053915200189,0.0,0.2264767852142801,0.0,0.2617925405502319,0.0,0.2136022746562957,0.0,0.959608793258667,0.959608793258667,0.959608793258667,0.475067138671875,0.0001854937436291,0.1618983447551727,0.0,0.3238838911056518,0.0,0.3223937451839447,0.0,0.260651022195816,0.0,0.3238821923732757,0.0,0.7914898991584778,0.7914898991584778,0.7914898991584778,0.2166169136762619,0.0,0.3327105939388275,0.0,0.5230988264083862,0.5230988264083862,0.5230988264083862,0.4640960693359375,0.0003993478312622,0.62,0.62,0.63,0.63,0.63,0.64,0.59,0.58,0.58,0.61,0.65,0.58,0.58,0.58,0.64,0.65,0.61,0.67,0.58,0.57,0.69,0.67,0.58,0.58,0.58,0.58,0.59,0.59,0.55,0.56,0.59,0.59,0.58,0.59,0.59,0.58,0.62,0.66,0.65,0.64,0.65,0.65,0.64,0.64,0.57,0.57,0.56,0.57,0.56,0.58,0.57,0.57,0.57,0.57,0.58,0.58,0.57,0.62,0.62,0.62,0.62,0.62,0.6200000047683716,0.62,0.63,0.66,0.6200000047683716,0.62,0.65,0.6200000047683716,0.69,0.65,0.6100000143051147,0.61,0.6100000143051147,0.61,0.61,0.62,0.61,0.61,0.6100000143051147,0.61,0.6,0.59,0.59,0.8,0.81,0.8,0.81,0.79,0.6,0.6,0.6,0.6,0.6,0.62,0.59,0.61,0.6,0.63
0.6767179185076092,0.0027905623759528,0.911870213098308,0.0,0.3822793228347318,0.1579903981988346,0.3703551688843398,0.03315,0.1121219277108433,0.1097570621468926,0.5783189681467602,0.0866545935825424,0.094,0.0007103052251948,0.8494518073802407,0.0022631160965055,0.158038124678001,0.0467898037210277,0.634181380654305,0.0018293524416135,0.3010418039680705,0.097,0.2336634546518325,0.0117162261158227,0.1830942332744598,0.0,0.9604767560958862,0.9604767560958862,0.9604767560958862,0.4138658046722412,0.0996033102273941,0.1465656161308288,0.0111492201685905,0.3120059072971344,0.083782784640789,0.3386174142360687,0.0381137207150459,0.2302777767181396,0.0046087685041129,0.2956653535366058,0.0015088131185621,0.7800555229187012,0.7800555229187012,0.7800555229187012,0.1772471964359283,0.0319988802075386,0.337361216545105,0.0048565156757831,0.5137231349945068,0.5137231349945068,0.5137231349945068,0.4588107764720917,0.1043022871017456,0.64,0.63,0.64,0.66,0.65,0.67,0.61,0.61,0.6,0.64,0.68,0.61,0.61,0.61,0.67,0.68,0.64,0.7,0.61,0.6,0.73,0.7,0.64,0.64,0.64,0.64,0.65,0.65,0.6,0.6,0.64,0.64,0.63,0.64,0.64,0.63,0.66,0.71,0.69,0.69,0.69,0.7,0.69,0.69,0.59,0.59,0.58,0.59,0.58,0.6,0.59,0.58,0.59,0.59,0.59,0.59,0.59,0.65,0.65,0.65,0.65,0.65,0.6499999761581421,0.65,0.66,0.69,0.6499999761581421,0.65,0.68,0.6499999761581421,0.72,0.68,0.6200000047683716,0.62,0.6200000047683716,0.62,0.62,0.65,0.62,0.63,0.6200000047683716,0.62,0.62,0.62,0.62,0.82,0.83,0.82,0.83,0.8,0.65,0.65,0.65,0.66,0.65,0.67,0.65,0.65,0.66,0.66
0.5938713794796269,0.3054197529380197,0.8925996771347288,0.1570522727079237,0.2726479668267802,0.4236315998587322,0.3560129338420024,0.3327,0.2065446385542168,0.5268163841807909,0.5490890670617455,0.3626355800890954,0.0,0.2612600196837482,0.8475063930267025,0.1408655320077953,0.0452831014940752,0.3519241012448694,0.5987429727176097,0.119843949044586,0.2662750990024333,0.278,0.2092583030462265,0.3127733767032623,0.1641433835029602,0.1157223284244537,0.9619439244270324,0.9619439244270324,0.9619439244270324,0.2921985685825348,0.4257310330867767,0.1407486349344253,0.2476577013731002,0.2584306299686432,0.4295732975006103,0.2852773368358612,0.3685903251171112,0.2046558111906051,0.2398828715085983,0.2766026556491852,0.1630684286355972,0.7574916481971741,0.7574916481971741,0.7574916481971741,0.1505461037158966,0.3452901244163513,0.3237961232662201,0.2008958160877227,0.4993866682052612,0.4993866682052612,0.4993866682052612,0.3793400526046753,0.4349291622638702,0.68,0.68,0.69,0.7,0.69,0.71,0.66,0.66,0.66,0.7,0.74,0.66,0.66,0.66,0.73,0.74,0.7,0.75,0.66,0.66,0.78,0.75,0.68,0.68,0.68,0.68,0.69,0.69,0.66,0.67,0.67,0.66,0.68,0.69,0.67,0.68,0.71,0.74,0.73,0.72,0.73,0.73,0.72,0.72,0.61,0.61,0.61,0.64,0.61,0.64,0.61,0.61,0.64,0.64,0.64,0.64,0.64,0.7,0.7,0.7,0.7,0.7,0.699999988079071,0.7,0.71,0.74,0.699999988079071,0.7,0.73,0.699999988079071,0.77,0.73,0.6600000262260437,0.66,0.6600000262260437,0.66,0.66,0.68,0.66,0.67,0.6600000262260437,0.66,0.66,0.65,0.65,0.85,0.86,0.84,0.85,0.83,0.72,0.71,0.71,0.73,0.71,0.71,0.72,0.71,0.73,0.71
0.3652084437898871,0.577826834763302,0.8635475039669844,0.5655345429972718,0.1355430456229595,0.3299472673494614,0.1427402996184981,0.73845,0.1443205421686747,0.7626638418079096,0.4869137217307944,0.5799046420040028,0.0,0.6901038851395073,0.8287504584390466,0.528200694051458,0.0647570839773312,0.6543974242189361,0.5688810086217079,0.5354225053078558,0.1435676972173274,0.1115,0.1395393311977386,0.7170639634132385,0.1306740939617157,0.5252257585525513,0.964178740978241,0.964178740978241,0.964178740978241,0.2538728415966034,0.7317672371864319,0.1096446812152862,0.6250176429748535,0.1612615138292312,0.76009601354599,0.2156435549259185,0.7346978783607483,0.1449454724788665,0.640283465385437,0.225639522075653,0.5299028158187866,0.7448563575744629,0.7448563575744629,0.7448563575744629,0.0848815515637397,0.7028101682662964,0.2467968761920929,0.5432210564613342,0.4594866633415222,0.4594866633415222,0.4594866633415222,0.2569714784622192,0.7071030139923096,0.7,0.7,0.7,0.72,0.71,0.73,0.73,0.73,0.73,0.76,0.79,0.73,0.73,0.73,0.78,0.79,0.76,0.8,0.73,0.73,0.83,0.79,0.7,0.7,0.7,0.7,0.71,0.7,0.69,0.69,0.7,0.69,0.71,0.72,0.7,0.71,0.73,0.76,0.75,0.75,0.75,0.75,0.75,0.75,0.63,0.63,0.64,0.67,0.64,0.67,0.63,0.64,0.68,0.67,0.67,0.67,0.67,0.78,0.78,0.78,0.78,0.78,0.7799999713897705,0.78,0.77,0.79,0.7799999713897705,0.78,0.8,0.7799999713897705,0.82,0.79,0.6600000262260437,0.66,0.6600000262260437,0.66,0.66,0.68,0.66,0.67,0.6600000262260437,0.66,0.66,0.66,0.66,0.87,0.88,0.87,0.88,0.86,0.74,0.74,0.74,0.75,0.74,0.73,0.75,0.74,0.75,0.72
0.1986361315660285,0.6220699946609146,0.7822781710036584,0.7810386293387681,0.0831678515052337,0.338125,0.4648829440774169,0.87615,0.1037043373493975,0.7450988700564971,0.4887434310863218,0.5795924204274001,0.0,0.8234407213897601,0.8099160993745134,0.7359533215003788,0.053495878413189,0.7629781698124343,0.5249057222156609,0.8180408704883229,0.1915266934316919,0.1365,0.0934774577617645,0.8716608285903931,0.0773522853851318,0.8479444980621338,0.9612232446670532,0.9612232446670532,0.9612232446670532,0.2270609140396118,0.8482543230056763,0.0844594314694404,0.8288410305976868,0.1389539837837219,0.866710901260376,0.2389131486415863,0.8733855485916138,0.0899530351161956,0.8363984227180481,0.1759451925754547,0.7478775382041931,0.7323456406593323,0.7323456406593323,0.7323456406593323,0.0504501573741436,0.8387132883071899,0.1858806312084198,0.7133455872535706,0.424314022064209,0.424314022064209,0.424314022064209,0.2032211869955063,0.8024206757545471,0.72,0.72,0.72,0.74,0.73,0.74,0.77,0.77,0.76,0.79,0.81,0.76,0.77,0.76,0.81,0.81,0.79,0.82,0.77,0.76,0.84,0.81,0.72,0.71,0.71,0.71,0.72,0.72,0.71,0.7,0.73,0.72,0.74,0.74,0.73,0.74,0.74,0.78,0.77,0.77,0.77,0.77,0.77,0.77,0.65,0.65,0.67,0.7,0.67,0.69,0.65,0.66,0.7,0.7,0.69,0.69,0.69,0.81,0.81,0.81,0.81,0.81,0.8100000023841858,0.81,0.8,0.82,0.8100000023841858,0.81,0.82,0.8100000023841858,0.85,0.82,0.6600000262260437,0.66,0.6600000262260437,0.66,0.66,0.69,0.66,0.68,0.6600000262260437,0.66,0.67,0.67,0.67,0.88,0.89,0.88,0.89,0.88,0.74,0.75,0.75,0.73,0.74,0.75,0.76,0.75,0.73,0.74
0.2875424644084438,0.6987168597779201,0.710277236654859,0.8495207561760973,0.0332913058133887,0.3683590852904822,0.2289744114636642,0.92465,0.1086515662650602,0.7343559322033897,0.4516500501111159,0.6830301181483632,0.0,0.8461778365263164,0.8009213243236454,0.8045153436062918,0.104753219989696,0.7642923198477772,0.5086721684185662,0.9029692144373674,0.1649888549030041,0.2684999999999999,0.0878028348088264,0.9025564193725586,0.0666742548346519,0.9379690289497375,0.9642876386642456,0.9642876386642456,0.9642876386642456,0.2008135020732879,0.8790498971939087,0.0792758390307426,0.8737168908119202,0.1395379155874252,0.8923919796943665,0.2275737226009369,0.9102163314819336,0.0840246528387069,0.8791105151176453,0.1721690148115158,0.8083045482635498,0.712668240070343,0.712668240070343,0.712668240070343,0.0538590438663959,0.8670595288276672,0.1831737160682678,0.7676427960395813,0.4015380442142486,0.4015380442142486,0.4015380442142486,0.1949661672115326,0.8322746157646179,0.74,0.73,0.73,0.75,0.74,0.76,0.79,0.79,0.78,0.8,0.83,0.79,0.79,0.79,0.83,0.83,0.81,0.84,0.79,0.78,0.86,0.83,0.73,0.73,0.73,0.73,0.74,0.74,0.72,0.72,0.75,0.75,0.75,0.75,0.74,0.75,0.75,0.8,0.79,0.78,0.79,0.79,0.78,0.78,0.69,0.69,0.7,0.72,0.7,0.71,0.69,0.7,0.72,0.72,0.71,0.71,0.71,0.84,0.84,0.84,0.84,0.84,0.8399999737739563,0.84,0.82,0.83,0.8399999737739563,0.84,0.84,0.8399999737739563,0.86,0.83,0.6700000166893005,0.67,0.6700000166893005,0.67,0.67,0.69,0.67,0.68,0.6700000166893005,0.67,0.68,0.68,0.68,0.89,0.9,0.89,0.9,0.89,0.75,0.75,0.75,0.72,0.74,0.76,0.77,0.75,0.72,0.76
0.2998847324496809,0.8554249874138975,0.6407242919286683,0.8715887001750091,0.0622565548502366,0.5259496512449232,0.2210481994975342,0.878625,0.0460155421686747,0.8063870056497174,0.1860031373916074,0.7602251275098457,0.0,0.8952370292686175,0.7691839282574294,0.835744703183606,0.287425296239052,0.8493498589227899,0.5119886618637062,0.9154389596602974,0.3022896534565272,0.713,0.0934193432331085,0.9044366478919984,0.090895339846611,0.9597569704055786,0.9685720801353456,0.9685720801353456,0.9685720801353456,0.2049064487218856,0.8873874545097351,0.1009410619735717,0.8745930194854736,0.1376223117113113,0.8932138681411743,0.1678706109523773,0.9246588349342346,0.0833151191473007,0.8816661834716797,0.1822591572999954,0.8225864171981812,0.7099612951278687,0.7099612951278687,0.7099612951278687,0.0886648669838905,0.8730420470237732,0.1885242164134979,0.7854278087615967,0.3510280549526214,0.3510280549526214,0.3510280549526214,0.2228448837995529,0.8397226929664612,0.75,0.75,0.74,0.77,0.76,0.77,0.8,0.8,0.79,0.82,0.84,0.8,0.8,0.8,0.84,0.84,0.82,0.84,0.8,0.79,0.87,0.84,0.75,0.74,0.74,0.75,0.75,0.75,0.73,0.72,0.76,0.76,0.76,0.76,0.75,0.76,0.76,0.81,0.8,0.8,0.8,0.8,0.8,0.8,0.72,0.72,0.73,0.74,0.73,0.73,0.72,0.73,0.74,0.74,0.73,0.72,0.72,0.86,0.86,0.86,0.86,0.86,0.8600000143051147,0.86,0.83,0.84,0.8600000143051147,0.86,0.85,0.8600000143051147,0.87,0.84,0.6800000071525574,0.68,0.6800000071525574,0.68,0.68,0.7,0.68,0.69,0.6800000071525574,0.68,0.69,0.69,0.69,0.9,0.9,0.9,0.9,0.89,0.75,0.76,0.76,0.72,0.75,0.77,0.76,0.76,0.72,0.77
0.2876782523318606,0.8653040924499561,0.550555742951447,0.883367107384851,0.1566506851339148,0.5750844296309376,0.0775625756024937,0.7562,0.0641785542168674,0.9026525423728812,0.0240665388470085,0.8314785654335335,0.0,0.8849122361121999,0.7303399231329599,0.8445178041767547,0.1198359093250901,0.8482829269562853,0.4662370379118933,0.9048718152866244,0.4506564542176769,0.9585,0.0951171219348907,0.8901726603507996,0.133847028017044,0.9607474207878112,0.9702677726745604,0.9702677726745604,0.9702677726745604,0.2089420109987259,0.8847933411598206,0.1552542746067047,0.8601565361022949,0.1512911319732666,0.886903703212738,0.0882498100399971,0.9305142760276794,0.0955181568861007,0.8559439182281494,0.2095156162977218,0.8342452049255371,0.704565167427063,0.704565167427063,0.704565167427063,0.1680562794208526,0.8504883050918579,0.177022784948349,0.790683388710022,0.3472030162811279,0.3472030162811279,0.3472030162811279,0.2470470517873764,0.8397111892700195,0.76,0.76,0.75,0.78,0.77,0.78,0.81,0.81,0.8,0.82,0.85,0.81,0.81,0.81,0.85,0.85,0.83,0.85,0.81,0.8,0.88,0.84,0.76,0.75,0.75,0.75,0.76,0.76,0.73,0.73,0.76,0.76,0.76,0.76,0.76,0.76,0.77,0.82,0.81,0.81,0.81,0.81,0.81,0.81,0.74,0.74,0.75,0.76,0.75,0.75,0.74,0.75,0.75,0.77,0.74,0.74,0.74,0.87,0.87,0.87,0.87,0.87,0.8700000047683716,0.87,0.83,0.85,0.8700000047683716,0.87,0.86,0.8700000047683716,0.88,0.85,0.6899999976158142,0.69,0.6899999976158142,0.69,0.69,0.71,0.69,0.7,0.6899999976158142,0.69,0.7,0.7,0.7,0.9,0.91,0.91,0.91,0.9,0.75,0.76,0.76,0.71,0.75,0.78,0.77,0.77,0.71,0.78
0.2278930780559647,0.8887993490929035,0.561841206139721,0.8577016962121858,0.1856190662277643,0.7476470289599154,0.1207880338699172,0.8559249999999999,0.0696597590361445,0.8564999999999999,0.1101607913198832,0.8604367292917554,0.0,0.8323976564172801,0.6910888492551936,0.7764440985219772,0.4146612570839773,0.8519227411878547,0.4651978859100036,0.884924363057325,0.4628676721427492,0.318,0.0987280085682869,0.8694925904273987,0.2080735713243484,0.95173442363739,0.9717025756835938,0.9717025756835938,0.9717025756835938,0.2031174004077911,0.8816850185394287,0.2811838984489441,0.83320152759552,0.1766978204250335,0.8609364032745361,0.1141629517078399,0.9281776547431946,0.1310082525014877,0.8356150984764099,0.2514144480228424,0.8353036642074585,0.7219914197921753,0.7219914197921753,0.7219914197921753,0.2999971508979797,0.8229349255561829,0.1651103198528289,0.7809938788414001,0.336351990699768,0.336351990699768,0.336351990699768,0.2644684016704559,0.8394010663032532,0.77,0.77,0.76,0.79,0.78,0.79,0.82,0.81,0.81,0.83,0.85,0.81,0.81,0.81,0.86,0.86,0.83,0.86,0.81,0.8,0.88,0.85,0.76,0.76,0.76,0.76,0.77,0.76,0.74,0.73,0.76,0.76,0.76,0.77,0.76,0.76,0.78,0.83,0.82,0.82,0.82,0.82,0.82,0.82,0.76,0.76,0.76,0.78,0.76,0.76,0.76,0.76,0.77,0.78,0.75,0.75,0.76,0.87,0.87,0.87,0.87,0.87,0.8700000047683716,0.87,0.84,0.86,0.8700000047683716,0.87,0.86,0.8700000047683716,0.88,0.86,0.699999988079071,0.7,0.699999988079071,0.7,0.7,0.71,0.7,0.71,0.699999988079071,0.7,0.71,0.71,0.71,0.9,0.91,0.91,0.91,0.9,0.74,0.77,0.77,0.7,0.75,0.78,0.76,0.77,0.7,0.78
0.2106386843397152,0.8920742641338287,0.638359909429443,0.7660481877308754,0.2765239879892935,0.8199607540173055,0.1502950590862566,0.821475,0.1191771686746988,0.8578813559322034,0.0472027975075166,0.8228504422493382,0.575,0.8232385716891794,0.6669013539651839,0.8220442403787818,0.6224688304997424,0.8559563691447999,0.4974282803826622,0.8721488853503186,0.3413699039778072,0.928,0.1332313269376754,0.8299944400787354,0.2895747423171997,0.9307239651679992,0.9723071455955504,0.9723071455955504,0.9723071455955504,0.2142422199249267,0.9014393091201782,0.4229333102703094,0.8133090138435364,0.2062820643186569,0.8381301164627075,0.1980398446321487,0.9239289164543152,0.1802310049533844,0.7988514304161072,0.3164239823818207,0.8318277597427368,0.7450788021087646,0.7450788021087646,0.7450788021087646,0.3700987994670868,0.7884673476219177,0.1656383424997329,0.774763822555542,0.3525833785533905,0.3525833785533905,0.3525833785533905,0.2856806218624115,0.8462836742401123,0.78,0.78,0.77,0.79,0.79,0.8,0.83,0.83,0.82,0.84,0.86,0.83,0.83,0.83,0.86,0.86,0.84,0.86,0.83,0.82,0.89,0.86,0.77,0.76,0.77,0.76,0.77,0.77,0.75,0.74,0.77,0.76,0.77,0.78,0.77,0.77,0.79,0.83,0.83,0.83,0.83,0.83,0.83,0.83,0.77,0.77,0.78,0.79,0.78,0.77,0.77,0.77,0.78,0.79,0.76,0.76,0.77,0.88,0.88,0.88,0.88,0.88,0.8799999952316284,0.88,0.84,0.86,0.8799999952316284,0.88,0.87,0.8799999952316284,0.88,0.86,0.7099999785423279,0.71,0.7099999785423279,0.71,0.71,0.73,0.71,0.72,0.7099999785423279,0.71,0.72,0.72,0.72,0.91,0.92,0.92,0.92,0.91,0.75,0.77,0.77,0.71,0.76,0.79,0.76,0.78,0.71,0.79
0.2150963181148748,0.8255346942986517,0.7553289092032967,0.7283386427721408,0.2278728942236594,0.8379157911001238,0.3866704196519959,0.812475,0.2325925903614458,0.735675141242938,0.158271602248464,0.7092814900897411,0.115,0.7924579021205529,0.702027883142003,0.8379711977330748,0.3298315301391036,0.8187633547884958,0.5552809436636352,0.8811844479830151,0.3610041933180324,0.9205,0.1764379441738128,0.7728764414787292,0.3669288456439972,0.9179641008377076,0.9705688953399658,0.9705688953399658,0.9705688953399658,0.2655912041664123,0.9025996327400208,0.544920802116394,0.7757560610771179,0.236604630947113,0.804229736328125,0.2631828188896179,0.9142853021621704,0.2244924455881118,0.75241619348526,0.3832443654537201,0.8337602615356445,0.7747117280960083,0.7747117280960083,0.7747117280960083,0.4168347418308258,0.7331095337867737,0.1704114079475402,0.7557722330093384,0.3842535614967346,0.3842535614967346,0.3842535614967346,0.32874396443367,0.8396913409233093,0.79,0.79,0.79,0.8,0.8,0.81,0.83,0.83,0.83,0.85,0.86,0.83,0.83,0.83,0.87,0.87,0.85,0.87,0.83,0.83,0.89,0.86,0.77,0.77,0.77,0.77,0.78,0.78,0.76,0.75,0.78,0.76,0.78,0.78,0.77,0.78,0.8,0.84,0.84,0.84,0.84,0.84,0.84,0.84,0.78,0.78,0.79,0.8,0.79,0.78,0.78,0.78,0.79,0.8,0.77,0.77,0.78,0.88,0.88,0.88,0.88,0.88,0.8799999952316284,0.88,0.85,0.86,0.8799999952316284,0.88,0.87,0.8799999952316284,0.89,0.87,0.7200000286102295,0.72,0.7200000286102295,0.72,0.72,0.74,0.72,0.74,0.7200000286102295,0.72,0.73,0.73,0.73,0.91,0.92,0.92,0.92,0.92,0.75,0.78,0.78,0.71,0.77,0.8,0.75,0.79,0.71,0.79
0.2562436917034855,0.7926739078660779,0.860342976887702,0.7153523521438478,0.4530404386589842,0.7882242848313616,0.6173204615241463,0.75195,0.2255957228915662,0.882819209039548,0.1034503899952067,0.6800736006197947,0.0,0.7443962672002548,0.7633310055515087,0.798531489929931,0.0455852653271509,0.7926580760918012,0.5942048246132043,0.8969479830148621,0.3896475468500269,0.722,0.2017139047384262,0.7261167764663696,0.4435195922851562,0.9018924832344056,0.9724630117416382,0.9724630117416382,0.9724630117416382,0.375352680683136,0.8859859704971313,0.6027429699897766,0.7355964779853821,0.2696973383426666,0.7805545926094055,0.330149382352829,0.8805975317955017,0.2653564810752868,0.7037106156349182,0.4410944879055023,0.8301204442977905,0.7972904443740845,0.7972904443740845,0.7972904443740845,0.4547123908996582,0.6740103363990784,0.191664457321167,0.7526071667671204,0.4192949831485748,0.4192949831485748,0.4192949831485748,0.4246184229850769,0.8270954489707947,0.81,0.8,0.8,0.81,0.81,0.82,0.84,0.84,0.85,0.86,0.87,0.84,0.84,0.84,0.87,0.87,0.86,0.87,0.84,0.85,0.9,0.86,0.78,0.77,0.77,0.78,0.78,0.78,0.77,0.76,0.78,0.76,0.78,0.79,0.78,0.78,0.81,0.84,0.84,0.84,0.84,0.84,0.84,0.84,0.8,0.8,0.8,0.8,0.8,0.79,0.8,0.8,0.8,0.81,0.78,0.78,0.79,0.89,0.89,0.89,0.89,0.89,0.8899999856948853,0.89,0.85,0.87,0.8899999856948853,0.89,0.88,0.8899999856948853,0.89,0.87,0.7200000286102295,0.72,0.7200000286102295,0.72,0.72,0.74,0.72,0.74,0.7200000286102295,0.72,0.74,0.74,0.74,0.92,0.92,0.92,0.92,0.92,0.75,0.78,0.78,0.71,0.77,0.8,0.75,0.79,0.71,0.8
0.3688971035837015,0.6904541366455654,0.9102975286066124,0.6818239310446639,0.405584909533446,0.8003710930602155,0.5572649111379919,0.63345,0.3262337951807229,0.7287259887005648,0.1478138480979563,0.6278804312738071,0.703,0.6071399766915835,0.8183930769423999,0.8677272287984985,0.1260783101494075,0.7171229216213284,0.594142907759537,0.902563694267516,0.61780374217924,0.8414999999999999,0.1918055117130279,0.6699099540710449,0.4751812815666199,0.8739011883735657,0.9687352776527404,0.9687352776527404,0.9687352776527404,0.3905928134918213,0.827498197555542,0.6319313049316406,0.6886236667633057,0.3257589340209961,0.7136297225952148,0.3825708627700805,0.8091022372245789,0.3220740854740143,0.6572946906089783,0.4957287013530731,0.8137755393981934,0.8153899908065796,0.8153899908065796,0.8153899908065796,0.4480066895484924,0.630521297454834,0.2170814573764801,0.7400660514831543,0.459199845790863,0.459199845790863,0.459199845790863,0.4983198046684265,0.7702456712722778,0.81,0.81,0.81,0.82,0.82,0.83,0.85,0.85,0.86,0.86,0.87,0.85,0.85,0.85,0.87,0.87,0.86,0.87,0.85,0.86,0.9,0.87,0.77,0.76,0.76,0.77,0.77,0.77,0.77,0.76,0.78,0.76,0.78,0.79,0.77,0.78,0.81,0.83,0.82,0.82,0.82,0.83,0.82,0.82,0.81,0.81,0.81,0.81,0.81,0.79,0.81,0.81,0.8,0.81,0.79,0.79,0.8,0.89,0.89,0.89,0.89,0.89,0.8899999856948853,0.89,0.86,0.87,0.8899999856948853,0.89,0.88,0.8899999856948853,0.89,0.87,0.7200000286102295,0.72,0.7200000286102295,0.72,0.72,0.74,0.72,0.74,0.7200000286102295,0.72,0.74,0.74,0.74,0.92,0.92,0.92,0.92,0.92,0.74,0.76,0.75,0.72,0.75,0.77,0.73,0.76,0.72,0.77
0.6314634266077565,0.5488016135181288,0.9334845502088114,0.5631944622461622,0.4764305793035893,0.5110171949496735,0.6684697124779009,0.4661249999999999,0.6197774096385542,0.6826158192090396,0.3762748703647218,0.4571839369875395,0.364,0.3288112509491642,0.8593989298902258,0.8154678584375423,0.271230551262236,0.5455003117633368,0.5945773591590882,0.8711191613588112,0.594104086746755,0.6525,0.2589121162891388,0.5817209482192993,0.4948625862598419,0.8204315304756165,0.972012996673584,0.972012996673584,0.972012996673584,0.4279652833938598,0.6618166565895081,0.6454163789749146,0.6236734390258789,0.3655493855476379,0.584041953086853,0.4082882106304168,0.6470377445220947,0.3803704082965851,0.5818555355072021,0.5355904698371887,0.7767770290374756,0.8191195130348206,0.8191195130348206,0.8191195130348206,0.4708949029445648,0.5712541341781616,0.259780079126358,0.6881456971168518,0.5032354593276978,0.5032354593276978,0.5032354593276978,0.4915397763252258,0.6113994121551514,0.79,0.78,0.78,0.8,0.8,0.81,0.83,0.83,0.84,0.84,0.85,0.83,0.83,0.83,0.86,0.85,0.84,0.86,0.83,0.84,0.88,0.85,0.71,0.71,0.71,0.71,0.72,0.72,0.73,0.73,0.75,0.74,0.75,0.75,0.75,0.75,0.78,0.79,0.78,0.78,0.78,0.78,0.78,0.78,0.8,0.8,0.8,0.79,0.8,0.77,0.8,0.8,0.78,0.79,0.76,0.77,0.77,0.87,0.87,0.87,0.87,0.87,0.8700000047683716,0.87,0.85,0.86,0.8700000047683716,0.87,0.87,0.8700000047683716,0.88,0.86,0.699999988079071,0.7,0.699999988079071,0.7,0.7,0.72,0.7,0.72,0.699999988079071,0.7,0.72,0.72,0.72,0.91,0.91,0.91,0.91,0.91,0.71,0.72,0.72,0.7,0.72,0.72,0.71,0.72,0.7,0.72
0.7123125184094257,0.1844304163436166,0.9479870924212236,0.2759686531764619,0.550409760132169,0.1707941682853611,0.430202940355448,0.16815,0.4334796385542169,0.3170423728813559,0.4361407904483855,0.1222960810898056,0.172,0.1563719070736785,0.8891815921022884,0.6695658883303255,0.5877439464193714,0.2061408678221423,0.6098955060824378,0.7451770169851382,0.1423445360245456,0.3365,0.3167878091335296,0.3207063376903534,0.5047149658203125,0.6727095246315002,0.9703362584114076,0.9703362584114076,0.9703362584114076,0.3756376802921295,0.3040535151958465,0.6507266163825989,0.452829897403717,0.4210242331027984,0.3342871069908142,0.3423697352409363,0.3047329187393188,0.448649525642395,0.4001557528972626,0.5623917579650879,0.6627416014671326,0.8253462314605713,0.8253462314605713,0.8253462314605713,0.4365205466747284,0.3572739064693451,0.3195287585258484,0.5574320554733276,0.5259778499603271,0.5259778499603271,0.5259778499603271,0.511474072933197,0.2734051048755646,0.73,0.73,0.73,0.75,0.74,0.76,0.78,0.79,0.79,0.8,0.81,0.79,0.79,0.79,0.82,0.81,0.8,0.82,0.79,0.8,0.85,0.81,0.66,0.66,0.66,0.66,0.66,0.66,0.68,0.68,0.71,0.71,0.71,0.71,0.71,0.71,0.74,0.73,0.72,0.72,0.72,0.72,0.72,0.72,0.75,0.74,0.74,0.73,0.74,0.71,0.75,0.73,0.72,0.74,0.7,0.71,0.71,0.8,0.8,0.8,0.8,0.8,0.800000011920929,0.8,0.8,0.82,0.800000011920929,0.8,0.83,0.800000011920929,0.85,0.82,0.6499999761581421,0.65,0.6499999761581421,0.65,0.65,0.66,0.65,0.66,0.6499999761581421,0.65,0.66,0.66,0.66,0.9,0.9,0.9,0.9,0.89,0.65,0.65,0.65,0.65,0.65,0.65,0.64,0.65,0.65,0.65
0.7151357879234168,0.0,0.9474274708671822,0.0536852082480503,0.4822286359817979,0.0,0.3467296920070717,0.0,0.4915076506024096,0.0,0.3029120223103403,0.0,0.681,0.0018341725767996,0.8971281117335278,0.3117217989702764,0.3327609479649666,0.0015924953205946,0.6080535904098265,0.3985132696390658,0.0892632082160496,0.0,0.4036839008331299,0.0379218831658363,0.519096851348877,0.3048129975795746,0.9702723026275636,0.9702723026275636,0.9702723026275636,0.3484907746315002,0.0213680211454629,0.6096236705780029,0.1460346579551696,0.4767564237117767,0.0435603521764278,0.3572272658348083,0.0200440064072608,0.5383743643760681,0.1045980527997016,0.598197877407074,0.3323269784450531,0.838066041469574,0.838066041469574,0.838066041469574,0.4309310615062713,0.061443205922842,0.3894810378551483,0.2486510127782821,0.5733559131622314,0.5733559131622314,0.5733559131622314,0.5567557215690613,0.0243936795741319,0.7,0.7,0.69,0.72,0.71,0.72,0.74,0.75,0.75,0.76,0.76,0.75,0.75,0.75,0.77,0.77,0.76,0.78,0.75,0.76,0.8,0.77,0.63,0.63,0.63,0.63,0.63,0.63,0.62,0.62,0.65,0.64,0.65,0.65,0.65,0.65,0.69,0.69,0.68,0.68,0.68,0.69,0.68,0.68,0.68,0.68,0.68,0.68,0.68,0.66,0.68,0.68,0.67,0.69,0.66,0.66,0.66,0.75,0.75,0.75,0.75,0.75,0.75,0.75,0.76,0.78,0.75,0.75,0.79,0.75,0.82,0.78,0.6200000047683716,0.62,0.6200000047683716,0.62,0.62,0.64,0.62,0.63,0.6200000047683716,0.62,0.63,0.62,0.63,0.87,0.88,0.89,0.88,0.88,0.62,0.62,0.62,0.61,0.62,0.62,0.62,0.63,0.61,0.62
0.7994264113892982,0.0,0.9494951801888628,0.0028844487928903,0.4984542147183503,0.0,0.279615892807295,0.0,0.5957234939759035,0.0,0.3714981916423374,0.0,0.128,0.0,0.9322235424150318,0.0568698840585175,0.1551081916537867,0.0,0.6588563836069447,0.065755042462845,0.1082159441746258,0.0,0.4944947063922882,0.0,0.5892729759216309,0.0287483800202608,0.9755682945251464,0.9755682945251464,0.9755682945251464,0.3931130468845367,0.0,0.5878108739852905,0.0039603561162948,0.5116876363754272,0.0,0.4263725876808166,0.0,0.6636478900909424,0.0004831246915273,0.6390374302864075,0.053468819707632,0.8651856780052185,0.8651856780052185,0.8651856780052185,0.4091679751873016,0.0,0.5294461250305176,0.0280329175293445,0.593418538570404,0.593418538570404,0.593418538570404,0.5868636965751648,0.0,0.68,0.67,0.67,0.69,0.69,0.7,0.7,0.7,0.7,0.71,0.72,0.7,0.7,0.7,0.73,0.72,0.71,0.74,0.7,0.7,0.76,0.73,0.61,0.61,0.61,0.61,0.61,0.61,0.59,0.59,0.63,0.62,0.63,0.63,0.63,0.62,0.66,0.66,0.65,0.65,0.65,0.66,0.65,0.65,0.66,0.66,0.65,0.65,0.65,0.63,0.66,0.65,0.64,0.66,0.63,0.63,0.63,0.71,0.71,0.71,0.71,0.71,0.7099999785423279,0.71,0.73,0.76,0.7099999785423279,0.71,0.76,0.7099999785423279,0.79,0.75,0.6000000238418579,0.6,0.6000000238418579,0.6,0.6,0.61,0.6,0.61,0.6000000238418579,0.6,0.6,0.6,0.6,0.86,0.87,0.87,0.86,0.86,0.6,0.6,0.6,0.59,0.6,0.6,0.6,0.61,0.59,0.6
0.8090167893961709,0.0,0.924537611947803,0.0,0.4034313312931844,0.0,0.210140876523681,0.0,0.3730077710843373,0.0,0.4001838860081049,0.0,0.326,0.0,0.9286664824537166,0.0,0.1864229778464709,0.0,0.6976703968347702,0.0,0.4449872955351781,0.0,0.5434150099754333,0.0,0.5919218063354492,0.0,0.97833514213562,0.97833514213562,0.97833514213562,0.4368626475334167,0.0,0.573481559753418,0.0,0.4630387127399444,0.0,0.4495687484741211,0.0,0.6970723271369934,0.0,0.6541163325309753,0.0,0.8605745434761047,0.8605745434761047,0.8605745434761047,0.4270657300949096,0.0,0.6648388504981995,0.0,0.6070550680160522,0.6070550680160522,0.6070550680160522,0.6003469824790955,0.0,0.66,0.65,0.65,0.67,0.67,0.68,0.66,0.66,0.65,0.66,0.68,0.66,0.66,0.66,0.69,0.69,0.66,0.71,0.66,0.64,0.72,0.7,0.59,0.59,0.59,0.59,0.59,0.59,0.57,0.57,0.61,0.6,0.61,0.61,0.61,0.6,0.64,0.64,0.63,0.62,0.63,0.63,0.62,0.62,0.63,0.63,0.63,0.62,0.63,0.61,0.63,0.63,0.61,0.63,0.6,0.61,0.61,0.68,0.68,0.68,0.68,0.68,0.6800000071525574,0.68,0.71,0.73,0.6800000071525574,0.68,0.73,0.6800000071525574,0.77,0.73,0.5799999833106995,0.58,0.5799999833106995,0.58,0.58,0.59,0.58,0.58,0.5799999833106995,0.58,0.58,0.58,0.58,0.84,0.85,0.86,0.84,0.85,0.58,0.58,0.58,0.57,0.58,0.58,0.58,0.59,0.57,0.58
0.7286730486008837,0.0,0.9500362180052052,0.0,0.3482761212297845,0.0,0.3024430073508886,0.0,0.1738736746987952,0.0,0.1933316484378404,0.0,0.0,0.0,0.857814137506594,0.0,0.1533580628541989,0.0,0.6758308137474903,0.0,0.729168000165686,0.0,0.5548099875450134,0.0,0.5253747701644897,0.0,0.9772714376449584,0.9772714376449584,0.9772714376449584,0.4200085699558258,0.0,0.5429883003234863,0.0,0.426358699798584,0.0,0.3868670463562011,0.0,0.6604064106941223,0.0,0.598673403263092,0.0,0.8552488684654236,0.8552488684654236,0.8552488684654236,0.4592218399047851,0.0,0.6686726212501526,0.0,0.6110264658927917,0.6110264658927917,0.6110264658927917,0.5748019814491272,0.0,0.64,0.64,0.64,0.66,0.65,0.66,0.63,0.62,0.62,0.62,0.65,0.62,0.62,0.63,0.66,0.66,0.62,0.69,0.62,0.6,0.68,0.68,0.58,0.58,0.58,0.58,0.58,0.58,0.55,0.55,0.59,0.58,0.59,0.59,0.59,0.59,0.63,0.61,0.6,0.6,0.6,0.61,0.6,0.6,0.61,0.61,0.6,0.6,0.6,0.59,0.61,0.6,0.59,0.6,0.58,0.59,0.59,0.65,0.65,0.65,0.65,0.65,0.6499999761581421,0.65,0.68,0.71,0.6499999761581421,0.65,0.71,0.6499999761581421,0.74,0.7,0.5600000023841858,0.56,0.5600000023841858,0.56,0.56,0.58,0.56,0.57,0.5600000023841858,0.56,0.56,0.56,0.56,0.82,0.83,0.84,0.83,0.83,0.57,0.57,0.57,0.56,0.57,0.57,0.57,0.57,0.56,0.56
0.7071783996072656,0.0,0.9478352649183016,0.0,0.4788055238462634,0.0,0.3122075928165999,0.0,0.1425249397590361,0.0,0.0673604078609089,0.0,0.074,0.0,0.809659574468085,0.0,0.4533124678001031,0.0,0.5947775186016299,0.0,0.3998353657487454,0.0,0.5073079466819763,0.0,0.4543145895004272,0.0,0.9764895439147948,0.9764895439147948,0.9764895439147948,0.3565534353256225,0.0,0.4955117404460907,0.0,0.350164532661438,0.0,0.351295918226242,0.0,0.6097779273986816,0.0,0.5330088138580322,0.0,0.8500223755836487,0.8500223755836487,0.8500223755836487,0.3973667323589325,0.0,0.6248040199279785,0.0,0.5663877129554749,0.5663877129554749,0.5663877129554749,0.5354114770889282,0.0,0.63,0.63,0.63,0.64,0.64,0.65,0.62,0.6,0.6,0.6,0.64,0.6,0.61,0.61,0.64,0.64,0.6,0.67,0.61,0.57,0.66,0.66,0.57,0.57,0.58,0.57,0.58,0.57,0.53,0.54,0.58,0.57,0.57,0.58,0.58,0.57,0.61,0.6,0.59,0.58,0.59,0.59,0.58,0.59,0.59,0.59,0.58,0.58,0.58,0.57,0.59,0.58,0.57,0.58,0.57,0.57,0.57,0.63,0.63,0.63,0.63,0.63,0.6299999952316284,0.63,0.66,0.7,0.6299999952316284,0.63,0.69,0.6299999952316284,0.72,0.69,0.5400000214576721,0.54,0.5400000214576721,0.54,0.54,0.56,0.54,0.55,0.5400000214576721,0.54,0.55,0.54,0.55,0.81,0.82,0.82,0.82,0.81,0.56,0.56,0.56,0.55,0.56,0.56,0.56,0.56,0.55,0.55
0.6848413352970054,0.0,0.941026177360389,0.0,0.4746570795890831,0.0,0.3704744579882758,0.0,0.0957999999999999,0.0,0.1291143404941391,0.0,0.0,0.0,0.8431825215403552,0.0,0.748838485316847,0.0,0.6735287587102871,0.0,0.238265184295745,0.0,0.4223079681396484,0.0,0.4000744819641113,0.0,0.9761486649513244,0.9761486649513244,0.9761486649513244,0.3286091983318329,0.0,0.449138879776001,0.0,0.2982546389102936,0.0,0.3882260918617248,0.0,0.5550228953361511,0.0,0.4893191158771515,0.0,0.844427227973938,0.844427227973938,0.844427227973938,0.37137371301651,0.0,0.5969296097755432,0.0,0.5664768218994141,0.5664768218994141,0.5664768218994141,0.5031696557998657,0.0,0.62,0.62,0.62,0.63,0.63,0.64,0.6,0.58,0.58,0.59,0.63,0.58,0.59,0.59,0.63,0.63,0.59,0.66,0.59,0.55,0.65,0.66,0.58,0.57,0.58,0.57,0.58,0.57,0.53,0.53,0.57,0.57,0.57,0.57,0.57,0.57,0.61,0.59,0.58,0.58,0.58,0.59,0.58,0.58,0.57,0.57,0.56,0.56,0.56,0.56,0.57,0.57,0.56,0.56,0.56,0.56,0.56,0.62,0.62,0.62,0.62,0.62,0.6200000047683716,0.62,0.66,0.69,0.6200000047683716,0.62,0.68,0.6200000047683716,0.72,0.68,0.5400000214576721,0.54,0.5400000214576721,0.54,0.54,0.55,0.54,0.54,0.5400000214576721,0.54,0.54,0.54,0.54,0.8,0.81,0.81,0.81,0.8,0.55,0.55,0.55,0.54,0.55,0.55,0.55,0.55,0.54,0.55
0.7353796759941089,0.0,0.9433052246358282,0.0,0.54055277437779,0.0,0.44764697124779,0.0,0.134153734939759,0.0,0.1639727656978517,0.0,0.0,0.0,0.8466012459494084,0.0,0.7555986604842865,0.0,0.6337592712885322,0.0,0.2817251862995024,0.0,0.4151858687400818,0.0,0.3509495258331299,0.0,0.9766835570335388,0.9766835570335388,0.9766835570335388,0.3518955111503601,0.0,0.421002060174942,0.0,0.251242995262146,0.0,0.3410240113735199,0.0,0.4966873824596405,0.0,0.4507041275501251,0.0,0.8372992873191833,0.8372992873191833,0.8372992873191833,0.3124774098396301,0.0,0.5590728521347046,0.0,0.5213704705238342,0.5213704705238342,0.5213704705238342,0.4578063786029815,0.0,0.62,0.61,0.62,0.63,0.62,0.64,0.59,0.57,0.57,0.58,0.63,0.57,0.58,0.58,0.62,0.63,0.58,0.66,0.58,0.54,0.64,0.65,0.58,0.58,0.58,0.58,0.58,0.58,0.52,0.53,0.57,0.56,0.56,0.57,0.57,0.56,0.6,0.6,0.58,0.58,0.58,0.59,0.58,0.58,0.55,0.55,0.55,0.55,0.55,0.55,0.55,0.55,0.55,0.55,0.55,0.55,0.55,0.61,0.61,0.61,0.61,0.61,0.6100000143051147,0.61,0.65,0.68,0.6100000143051147,0.61,0.67,0.6100000143051147,0.71,0.67,0.5400000214576721,0.54,0.5400000214576721,0.54,0.54,0.55,0.54,0.54,0.5400000214576721,0.54,0.53,0.53,0.53,0.8,0.8,0.8,0.8,0.79,0.55,0.55,0.55,0.54,0.55,0.56,0.55,0.55,0.54,0.55
0.6935206676485027,0.0,0.9342851385199208,0.0,0.5730432305167953,0.0,0.4387573276263143,0.0,0.134917048192771,0.0,0.1519239182535186,0.0,0.0,0.0,0.8537670878444572,0.0,0.6942802679031428,0.0,0.6134762017243416,0.0,0.3718654271798464,0.0,0.385387122631073,0.0,0.2898487746715545,0.0,0.978492259979248,0.978492259979248,0.978492259979248,0.3141879141330719,0.0,0.3860601186752319,0.0,0.232594221830368,0.0,0.3138446509838104,0.0,0.4557146728038788,0.0,0.4226725697517395,0.0,0.8238510489463806,0.8238510489463806,0.8238510489463806,0.2688880860805511,0.0,0.5400388240814209,0.0,0.5065687298774719,0.5065687298774719,0.5065687298774719,0.4114266335964203,0.0,0.62,0.61,0.62,0.63,0.63,0.64,0.58,0.57,0.56,0.58,0.64,0.57,0.57,0.57,0.63,0.64,0.59,0.66,0.57,0.54,0.65,0.66,0.59,0.58,0.59,0.59,0.6,0.59,0.53,0.53,0.57,0.57,0.57,0.57,0.57,0.56,0.61,0.61,0.59,0.59,0.59,0.6,0.6,0.6,0.54,0.54,0.54,0.55,0.54,0.55,0.54,0.54,0.55,0.54,0.55,0.55,0.55,0.61,0.61,0.61,0.61,0.61,0.6100000143051147,0.61,0.64,0.68,0.6100000143051147,0.61,0.67,0.6100000143051147,0.7,0.67,0.5400000214576721,0.54,0.5400000214576721,0.54,0.54,0.55,0.54,0.54,0.5400000214576721,0.54,0.54,0.53,0.53,0.8,0.8,0.8,0.8,0.79,0.56,0.56,0.56,0.55,0.56,0.56,0.56,0.56,0.55,0.55
0.686651939126166,0.0,0.9213934284215888,0.0,0.5444999895651642,0.0,0.4648219037871034,0.0,0.1387748192771084,0.0,0.1724034598457449,0.0,0.0,0.0,0.8417826622120627,0.0,0.7837931478619269,0.0,0.5778072812094013,0.0,0.3652876105035261,0.0,0.3248389959335327,0.0,0.2565643489360809,0.0,0.9781049489974976,0.9781049489974976,0.9781049489974976,0.3131560981273651,0.0,0.3678508698940277,0.0,0.2029651403427124,0.0,0.2898130416870117,0.0,0.4045128524303436,0.0,0.3880144953727722,0.0,0.8058512806892395,0.8058512806892395,0.8058512806892395,0.2609259784221649,0.0,0.5198482275009155,0.0,0.4836403131484985,0.4836403131484985,0.4836403131484985,0.3781613409519195,0.0,0.62,0.62,0.62,0.64,0.63,0.65,0.58,0.58,0.57,0.6,0.65,0.58,0.58,0.58,0.64,0.65,0.61,0.68,0.58,0.56,0.67,0.67,0.6,0.6,0.6,0.6,0.61,0.61,0.54,0.54,0.57,0.56,0.57,0.58,0.57,0.57,0.62,0.62,0.61,0.61,0.61,0.62,0.61,0.61,0.54,0.54,0.54,0.55,0.54,0.56,0.54,0.54,0.55,0.55,0.56,0.56,0.55,0.63,0.63,0.63,0.63,0.63,0.6299999952316284,0.63,0.65,0.69,0.6299999952316284,0.63,0.68,0.6299999952316284,0.71,0.68,0.5400000214576721,0.54,0.5400000214576721,0.54,0.54,0.56,0.54,0.55,0.5400000214576721,0.54,0.54,0.54,0.54,0.8,0.81,0.8,0.81,0.79,0.57,0.57,0.57,0.57,0.57,0.57,0.58,0.57,0.57,0.56
0.7266501718213058,0.0,0.9049698298804388,0.0,0.4310224709283969,0.0,0.5868151111938216,0.0,0.2295705421686746,0.0,0.1498380757331474,0.0,0.0,0.0,0.8512220100982192,0.0,0.7563196805770223,0.0,0.5815288768158735,0.0,0.3132036360001638,0.0,0.2880348265171051,0.0,0.2237494587898254,0.0,0.9776618480682372,0.9776618480682372,0.9776618480682372,0.3552946746349334,9.500057058176026e-5,0.3458556830883026,0.0,0.1920800060033798,0.0,0.2723318934440613,0.0,0.3631803691387176,0.0,0.358787328004837,0.0,0.7992978692054749,0.7992978692054749,0.7992978692054749,0.2833268344402313,0.0,0.4829221963882446,0.0,0.459324836730957,0.459324836730957,0.459324836730957,0.3488181531429291,0.0001781269384082,0.64,0.63,0.63,0.65,0.65,0.66,0.6,0.6,0.59,0.63,0.68,0.6,0.6,0.6,0.67,0.67,0.63,0.7,0.6,0.59,0.7,0.69,0.63,0.62,0.62,0.62,0.64,0.63,0.56,0.57,0.6,0.59,0.6,0.61,0.6,0.6,0.64,0.64,0.63,0.63,0.63,0.64,0.64,0.64,0.55,0.55,0.56,0.57,0.56,0.57,0.55,0.55,0.57,0.57,0.57,0.57,0.57,0.65,0.65,0.65,0.65,0.65,0.6499999761581421,0.65,0.67,0.7,0.6499999761581421,0.65,0.69,0.6499999761581421,0.73,0.69,0.550000011920929,0.55,0.550000011920929,0.55,0.55,0.57,0.55,0.57,0.550000011920929,0.55,0.56,0.56,0.56,0.81,0.82,0.81,0.82,0.8,0.6,0.6,0.6,0.6,0.6,0.59,0.6,0.6,0.6,0.58
0.7070388807069219,0.0011972623235497,0.8925811441068442,0.0,0.4548219045499764,0.1523756401200777,0.4807795663906206,0.025625,0.2823659036144578,0.1663050847457627,0.2717443025839905,0.0680321841306733,0.0,0.0006704004372625,0.8124541686553292,0.0016775232952103,0.7228366821226172,0.0347449623440582,0.5906427010747609,0.0016581740976645,0.6239833814444711,0.074,0.2654264569282532,0.0110014611855149,0.1980765014886856,0.0,0.9788050055503844,0.9788050055503844,0.9788050055503844,0.3408911228179931,0.0842628329992294,0.3264134526252746,0.0094843693077564,0.1972832977771759,0.0801915153861045,0.2647845149040222,0.0372517742216587,0.3092625737190246,0.0041117630898952,0.3421262502670288,0.0012348491000011,0.7886032462120056,0.7886032462120056,0.7886032462120056,0.3082310855388641,0.0296165980398654,0.4501510858535766,0.0041019855998456,0.4077973067760467,0.4077973067760467,0.4077973067760467,0.3848660290241241,0.0892529338598251,0.66,0.66,0.65,0.68,0.67,0.68,0.61,0.62,0.62,0.66,0.71,0.62,0.62,0.62,0.7,0.71,0.67,0.73,0.62,0.63,0.74,0.72,0.67,0.67,0.66,0.67,0.68,0.67,0.61,0.61,0.65,0.64,0.65,0.66,0.65,0.65,0.68,0.69,0.68,0.68,0.68,0.69,0.69,0.69,0.57,0.57,0.58,0.6,0.58,0.6,0.57,0.57,0.6,0.6,0.6,0.59,0.59,0.69,0.69,0.69,0.69,0.69,0.6899999976158142,0.69,0.7,0.73,0.6899999976158142,0.69,0.72,0.6899999976158142,0.75,0.72,0.5799999833106995,0.58,0.5799999833106995,0.58,0.58,0.61,0.58,0.6,0.5799999833106995,0.58,0.59,0.58,0.58,0.83,0.84,0.83,0.84,0.82,0.65,0.65,0.65,0.66,0.65,0.64,0.65,0.65,0.66,0.63
0.6483447226313206,0.3508316858371471,0.8711704959132146,0.1614096289702855,0.3138428778015885,0.5216148022249691,0.4512272262026611,0.3354499999999999,0.2738896385542169,0.3840197740112994,0.3337152817116214,0.3961959777906901,0.0,0.2435305109003232,0.7738207440528524,0.1414086797730388,0.5751027820710974,0.3465284477562945,0.5715161214125429,0.1240859872611465,0.2096366593341576,0.3535,0.2423392683267593,0.3012805879116058,0.1780862063169479,0.1125139445066452,0.9793303608894348,0.9793303608894348,0.9793303608894348,0.2820466160774231,0.4100554585456848,0.3014219999313354,0.2280246168375015,0.1470663696527481,0.4165350496768951,0.2306913286447525,0.381024420261383,0.2717344164848327,0.2212439924478531,0.306496113538742,0.1560144573450088,0.7716841101646423,0.7716841101646423,0.7716841101646423,0.2825229465961456,0.3207969069480896,0.4139536619186401,0.1943235546350479,0.3552767634391784,0.3552767634391784,0.3552767634391784,0.3330087959766388,0.4139250516891479,0.71,0.71,0.7,0.72,0.72,0.72,0.68,0.68,0.69,0.73,0.77,0.68,0.68,0.68,0.76,0.77,0.73,0.78,0.68,0.7,0.8,0.78,0.71,0.71,0.7,0.71,0.72,0.71,0.68,0.68,0.72,0.72,0.71,0.72,0.71,0.71,0.74,0.72,0.72,0.72,0.72,0.72,0.72,0.72,0.65,0.65,0.65,0.67,0.65,0.66,0.65,0.65,0.66,0.67,0.66,0.66,0.66,0.74,0.74,0.74,0.74,0.74,0.7400000095367432,0.74,0.74,0.77,0.7400000095367432,0.74,0.76,0.7400000095367432,0.79,0.76,0.6200000047683716,0.62,0.6200000047683716,0.62,0.62,0.64,0.62,0.63,0.6200000047683716,0.62,0.63,0.62,0.62,0.85,0.86,0.85,0.86,0.84,0.71,0.71,0.71,0.69,0.71,0.7,0.73,0.71,0.69,0.68
0.4374848306332842,0.4306063670848208,0.8314221794968472,0.515251294537435,0.2213273440026726,0.6267392283242099,0.509434539871592,0.467775,0.2288448795180722,0.4295225988700564,0.1973011460194343,0.5633449222028537,0.0,0.4075249218436864,0.6850812630309729,0.5280104042912188,0.3987398248325605,0.4367624603624102,0.4983064544702965,0.5551462314225054,0.2885364561566684,0.627,0.1593552976846695,0.6651613116264343,0.151185393333435,0.5196648240089417,0.9795151948928832,0.9795151948928832,0.9795151948928832,0.1702055484056472,0.7217575311660767,0.2097843438386917,0.5794897675514221,0.1019775867462158,0.730776846408844,0.1488485336303711,0.7567107677459717,0.1912615299224853,0.5924804210662842,0.2308990955352783,0.511436402797699,0.7567815184593201,0.7567815184593201,0.7567815184593201,0.2270905375480651,0.64634770154953,0.280496746301651,0.5315850377082825,0.3163767755031585,0.3163767755031585,0.3163767755031585,0.2308416217565536,0.6953210234642029,0.73,0.73,0.72,0.74,0.74,0.74,0.72,0.73,0.74,0.79,0.83,0.73,0.73,0.73,0.82,0.82,0.79,0.83,0.73,0.76,0.85,0.82,0.73,0.72,0.71,0.72,0.74,0.73,0.71,0.71,0.75,0.75,0.75,0.75,0.74,0.74,0.76,0.74,0.75,0.75,0.75,0.74,0.75,0.75,0.71,0.71,0.71,0.72,0.71,0.69,0.71,0.71,0.71,0.72,0.69,0.7,0.7,0.79,0.79,0.79,0.79,0.79,0.7900000214576721,0.79,0.8,0.82,0.7900000214576721,0.79,0.82,0.7900000214576721,0.84,0.81,0.6499999761581421,0.65,0.6499999761581421,0.65,0.65,0.66,0.65,0.65,0.6499999761581421,0.65,0.65,0.64,0.64,0.88,0.88,0.88,0.88,0.88,0.73,0.73,0.73,0.7,0.72,0.72,0.75,0.73,0.7,0.71
0.3448946489936181,0.437636846240321,0.7739002999087018,0.6573554242500982,0.0838054430832887,0.5058096636058628,0.5246932167116404,0.6871,0.2042189156626505,0.3613841807909604,0.2263452438014728,0.5998787526631804,0.0,0.4768262224384471,0.6385644703459018,0.7410024711242812,0.3645396702730551,0.4213442253044874,0.4530493386087162,0.8412980360934184,0.2233059383442773,0.587,0.1409286558628082,0.8092300295829773,0.0945283621549606,0.8301787972450256,0.9788448810577391,0.9788448810577391,0.9788448810577391,0.1349513232707977,0.8664183616638184,0.1599405258893966,0.7635391354560852,0.0932399556040763,0.828190803527832,0.1252663135528564,0.877959132194519,0.1470161378383636,0.7798515558242798,0.1579791158437729,0.7218772768974304,0.7446817755699158,0.7446817755699158,0.7446817755699158,0.1989073008298874,0.7768499255180359,0.2026067674160003,0.6784693598747253,0.2814495861530304,0.2814495861530304,0.2814495861530304,0.1983679383993148,0.8127967715263367,0.75,0.74,0.73,0.76,0.75,0.76,0.75,0.76,0.77,0.82,0.85,0.76,0.76,0.76,0.84,0.85,0.82,0.86,0.76,0.79,0.87,0.84,0.75,0.74,0.73,0.74,0.75,0.75,0.72,0.72,0.76,0.77,0.77,0.77,0.76,0.77,0.78,0.76,0.77,0.77,0.77,0.77,0.77,0.77,0.73,0.73,0.73,0.73,0.73,0.71,0.73,0.73,0.73,0.74,0.71,0.72,0.72,0.83,0.83,0.83,0.83,0.83,0.8299999833106995,0.83,0.82,0.84,0.8299999833106995,0.83,0.84,0.8299999833106995,0.86,0.84,0.6800000071525574,0.68,0.6800000071525574,0.68,0.68,0.69,0.68,0.68,0.6800000071525574,0.68,0.67,0.66,0.66,0.9,0.9,0.9,0.9,0.89,0.73,0.74,0.74,0.7,0.74,0.74,0.73,0.75,0.7,0.73
0.3298656848306333,0.3995627519154066,0.7176202247220989,0.7196794343927231,0.0421979478961185,0.5978700335511214,0.5518148320461523,0.6255499999999999,0.1200809036144578,0.3010508474576271,0.1265309599546821,0.5497472399767577,0.0,0.4445177561090732,0.526409002989274,0.8115512630782714,0.3502578567748584,0.4244492974634248,0.4128296326916263,0.9249280785562636,0.1529766305803268,0.284,0.1535425782203674,0.8410106301307678,0.0571047738194465,0.9108855128288268,0.977092444896698,0.977092444896698,0.977092444896698,0.1086194738745689,0.9043936133384703,0.1577991992235183,0.8076177835464478,0.1245272532105445,0.8442007303237915,0.1205730959773063,0.8953431248664856,0.1587636917829513,0.8155322074890137,0.1264343410730362,0.7843199968338013,0.737576425075531,0.737576425075531,0.737576425075531,0.2345470786094665,0.8028355836868286,0.179404154419899,0.7381210923194885,0.2305343598127365,0.2305343598127365,0.2305343598127365,0.2277599573135376,0.8456748127937317,0.76,0.75,0.74,0.77,0.76,0.77,0.77,0.78,0.79,0.84,0.87,0.78,0.78,0.78,0.86,0.87,0.84,0.87,0.78,0.81,0.89,0.86,0.76,0.75,0.74,0.75,0.76,0.76,0.73,0.73,0.79,0.79,0.79,0.79,0.79,0.78,0.79,0.78,0.79,0.79,0.78,0.78,0.79,0.79,0.75,0.75,0.75,0.75,0.75,0.73,0.75,0.75,0.75,0.76,0.73,0.73,0.74,0.86,0.86,0.86,0.86,0.86,0.8600000143051147,0.86,0.84,0.86,0.8600000143051147,0.86,0.86,0.8600000143051147,0.88,0.86,0.6899999976158142,0.69,0.6899999976158142,0.69,0.69,0.71,0.69,0.7,0.6899999976158142,0.69,0.69,0.68,0.68,0.9,0.91,0.9,0.91,0.9,0.73,0.75,0.74,0.7,0.74,0.76,0.74,0.75,0.7,0.75
0.3249070201276386,0.4483519609038285,0.6798216417636465,0.7567091128953404,0.1169837268572049,0.5041249337806817,0.5459182097329487,0.7759499999999999,0.1513167469879518,0.3351073446327683,0.0500868883175737,0.5353769772096326,0.057,0.4683560255213748,0.386059710115803,0.846962257509335,0.2296692426584235,0.4466431731837946,0.3413658911066494,0.9409819532908706,0.4744456980174478,0.3615,0.1600014865398407,0.8370302319526672,0.044081799685955,0.9331034421920776,0.9773050546646118,0.9773050546646118,0.9773050546646118,0.104206345975399,0.9003955721855164,0.1590297371149063,0.813650906085968,0.157949149608612,0.8400642275810242,0.1122578382492065,0.8928199410438538,0.1736581623554229,0.8087067604064941,0.1022749841213226,0.8063652515411377,0.7331250309944153,0.7331250309944153,0.7331250309944153,0.2756250202655792,0.7855172753334045,0.1401979178190231,0.7693966627120972,0.1992531418800354,0.1992531418800354,0.1992531418800354,0.2449397444725036,0.8496869802474976,0.77,0.77,0.76,0.78,0.78,0.79,0.78,0.79,0.8,0.85,0.87,0.79,0.79,0.79,0.87,0.87,0.85,0.88,0.79,0.82,0.89,0.87,0.77,0.76,0.76,0.77,0.77,0.77,0.75,0.74,0.8,0.81,0.8,0.8,0.8,0.8,0.8,0.79,0.8,0.8,0.8,0.8,0.8,0.8,0.77,0.77,0.77,0.77,0.77,0.75,0.77,0.77,0.77,0.78,0.74,0.75,0.76,0.88,0.88,0.88,0.88,0.88,0.8799999952316284,0.88,0.86,0.87,0.8799999952316284,0.88,0.88,0.8799999952316284,0.89,0.87,0.699999988079071,0.7,0.699999988079071,0.7,0.7,0.72,0.7,0.71,0.699999988079071,0.7,0.7,0.7,0.7,0.91,0.92,0.91,0.91,0.91,0.74,0.76,0.75,0.71,0.75,0.77,0.75,0.76,0.71,0.76
0.333045557191949,0.3657920353713103,0.6550038875071058,0.7896297349880452,0.0669568741717742,0.4552479692742363,0.5991203126453893,0.7464999999999999,0.3043459036144578,0.2905169491525423,0.0413150028323674,0.5663978952805215,0.097,0.4411521482758505,0.2145360596849959,0.8688056855866888,0.1799616177228233,0.4335081457201479,0.2689641844809259,0.926371549893843,0.4389903960169461,0.314,0.1514560729265213,0.8308548331260681,0.0378556251525878,0.9349331259727478,0.9776285886764526,0.9776285886764526,0.9776285886764526,0.1096040904521942,0.8900164365768433,0.1661085039377212,0.8035427927970886,0.208983302116394,0.8254390954971313,0.1105585172772407,0.8909718990325928,0.1895511746406555,0.786596953868866,0.0864656046032905,0.8281362056732178,0.7514827847480774,0.7514827847480774,0.7514827847480774,0.344208687543869,0.7671433091163635,0.1074236556887626,0.7770153284072876,0.1831277757883072,0.1831277757883072,0.1831277757883072,0.1985570937395095,0.8371621966362,0.78,0.78,0.77,0.79,0.79,0.8,0.8,0.8,0.81,0.85,0.88,0.8,0.8,0.8,0.88,0.88,0.85,0.89,0.8,0.82,0.9,0.88,0.78,0.77,0.77,0.78,0.78,0.78,0.77,0.76,0.81,0.81,0.81,0.82,0.81,0.81,0.82,0.79,0.81,0.81,0.81,0.8,0.81,0.81,0.79,0.79,0.79,0.79,0.79,0.76,0.79,0.79,0.78,0.8,0.76,0.77,0.77,0.9,0.9,0.9,0.9,0.9,0.8999999761581421,0.9,0.88,0.89,0.8999999761581421,0.9,0.89,0.8999999761581421,0.9,0.89,0.7099999785423279,0.71,0.7099999785423279,0.71,0.71,0.73,0.71,0.72,0.7099999785423279,0.71,0.72,0.71,0.71,0.92,0.92,0.92,0.92,0.91,0.75,0.77,0.76,0.72,0.76,0.78,0.76,0.77,0.72,0.77
0.3423807560137457,0.3849942660331991,0.6555311958980609,0.7819456922215389,0.0596868938812324,0.3976974660074166,0.6545053503303246,0.76905,0.2332906626506024,0.2392542372881355,0.0635476491350385,0.5755045838982504,0.042,0.6465651068826458,0.0926795448265467,0.8357452879190866,0.5125455950540958,0.4248568408557369,0.186675711586158,0.9042184182590236,0.6058580372419209,0.293,0.1453012377023697,0.8039988875389099,0.0374793671071529,0.9371369481086732,0.9781521558761596,0.9781521558761596,0.9781521558761596,0.107374258339405,0.8917916417121887,0.1785005331039428,0.7830950617790222,0.2182959169149398,0.8036486506462097,0.1358158886432647,0.8925659656524658,0.222358301281929,0.7665743827819824,0.0813573151826858,0.8436769843101501,0.7734390497207642,0.7734390497207642,0.7734390497207642,0.4278983175754547,0.7218157649040222,0.086968719959259,0.777096688747406,0.1821614652872085,0.1821614652872085,0.1821614652872085,0.2318499833345413,0.8404331803321838,0.8,0.79,0.79,0.81,0.8,0.81,0.81,0.81,0.82,0.85,0.87,0.81,0.81,0.81,0.88,0.88,0.85,0.89,0.81,0.82,0.9,0.88,0.79,0.78,0.78,0.79,0.79,0.79,0.78,0.78,0.82,0.82,0.83,0.83,0.82,0.83,0.83,0.81,0.82,0.82,0.82,0.82,0.83,0.83,0.8,0.8,0.81,0.81,0.81,0.78,0.8,0.8,0.8,0.81,0.77,0.78,0.79,0.91,0.91,0.91,0.91,0.91,0.9100000262260436,0.91,0.88,0.89,0.9100000262260436,0.91,0.9,0.9100000262260436,0.91,0.89,0.7400000095367432,0.74,0.7400000095367432,0.74,0.74,0.75,0.74,0.74,0.7400000095367432,0.74,0.73,0.73,0.73,0.92,0.92,0.92,0.92,0.91,0.75,0.77,0.77,0.72,0.76,0.79,0.76,0.78,0.72,0.78
0.3376174766813942,0.5921537014220244,0.6890524526234393,0.7843340078697524,0.1824052479780996,0.2296904246865619,0.7231408765236811,0.7786499999999998,0.2043074698795181,0.5011610169491525,0.1213507342367859,0.5433077022402996,0.0,0.8113598261578663,0.0451312266070486,0.7664024690903951,0.6235273055126224,0.5882943590461533,0.129233967166647,0.890331210191083,0.5488891612188833,0.361,0.1521562337875366,0.7601808309555054,0.0450027883052825,0.91514253616333,0.9782525300979614,0.9782525300979614,0.9782525300979614,0.2295692563056945,0.8858503103256226,0.1893597543239593,0.7639040946960449,0.228314995765686,0.7740578651428223,0.2055333703756332,0.8747731447219849,0.2592000663280487,0.7261759042739868,0.0863858386874198,0.8364068269729614,0.8139520287513733,0.8139520287513733,0.8139520287513733,0.5235484838485718,0.6735461354255676,0.0811514779925346,0.7666646242141724,0.203985795378685,0.203985795378685,0.203985795378685,0.2648188471794128,0.8289602994918823,0.8,0.8,0.8,0.81,0.81,0.81,0.82,0.83,0.83,0.86,0.88,0.83,0.83,0.83,0.89,0.89,0.86,0.89,0.83,0.84,0.9,0.88,0.8,0.79,0.79,0.79,0.8,0.8,0.8,0.8,0.83,0.83,0.84,0.84,0.83,0.84,0.84,0.81,0.83,0.83,0.83,0.83,0.83,0.83,0.82,0.82,0.82,0.82,0.82,0.79,0.82,0.82,0.81,0.83,0.79,0.8,0.8,0.92,0.92,0.92,0.92,0.92,0.9200000166893004,0.92,0.89,0.9,0.9200000166893004,0.92,0.9,0.9200000166893004,0.91,0.9,0.7599999904632568,0.76,0.7599999904632568,0.76,0.76,0.76,0.76,0.75,0.7599999904632568,0.76,0.75,0.74,0.74,0.92,0.93,0.92,0.93,0.92,0.77,0.78,0.78,0.74,0.78,0.8,0.77,0.79,0.74,0.8
0.3372830633284241,0.6484586883297261,0.7283101113462084,0.7662660100704396,0.3116907357983895,0.2356018232385661,0.6910856983344187,0.8113499999999999,0.1938720481927711,0.7053276836158191,0.2418830014379711,0.5039232035638195,0.422,0.7936426226387527,0.0455513828531236,0.7773498609566476,0.6595437918598661,0.6607574175075441,0.0970183358922877,0.8898609341825904,0.5329915093667595,0.2705,0.1879234164953231,0.7096542716026306,0.0598291456699371,0.900015652179718,0.9795657992362976,0.9795657992362976,0.9795657992362976,0.3536689281463623,0.8592725992202759,0.2006762325763702,0.731768786907196,0.2793112099170685,0.7345629334449768,0.2657902836799621,0.8269195556640625,0.2948391437530517,0.6917999982833862,0.0990147590637207,0.8335086107254028,0.8316407799720764,0.8316407799720764,0.8316407799720764,0.5675520896911621,0.6329821348190308,0.0827583745121955,0.7625207901000977,0.2478972226381302,0.2478972226381302,0.2478972226381302,0.2743836343288421,0.8085635304450989,0.81,0.81,0.81,0.82,0.82,0.82,0.83,0.84,0.84,0.87,0.89,0.84,0.84,0.84,0.89,0.89,0.87,0.9,0.84,0.85,0.91,0.89,0.81,0.8,0.79,0.8,0.81,0.81,0.82,0.81,0.84,0.84,0.85,0.85,0.84,0.85,0.85,0.82,0.84,0.84,0.84,0.83,0.84,0.84,0.83,0.83,0.83,0.84,0.83,0.81,0.83,0.83,0.83,0.84,0.8,0.81,0.82,0.92,0.92,0.92,0.92,0.92,0.9200000166893004,0.92,0.9,0.91,0.9200000166893004,0.92,0.91,0.9200000166893004,0.92,0.91,0.7699999809265137,0.77,0.7699999809265137,0.77,0.77,0.78,0.77,0.76,0.7699999809265137,0.77,0.76,0.76,0.76,0.92,0.92,0.92,0.92,0.92,0.78,0.79,0.79,0.75,0.79,0.81,0.78,0.8,0.75,0.81
0.3358077565046637,0.711337625948577,0.7770589794541909,0.6731640352024033,0.2499402210798387,0.2369774192124316,0.7036491113799199,0.6905249999999999,0.3019631325301205,0.7451610169491525,0.4133103403198396,0.63088656465879,0.257,0.7479020141325723,0.0515941621241427,0.8143360895186058,0.7394134466769707,0.6565887307916471,0.0768952698712649,0.9000883757961786,0.3191694426094763,0.356,0.2344988286495208,0.6825228929519653,0.0779965966939926,0.8845224976539612,0.9764348268508912,0.9764348268508912,0.9764348268508912,0.3537100255489349,0.7834683656692505,0.215234026312828,0.6825031638145447,0.3117179572582245,0.6853278875350952,0.3386431038379669,0.7882915735244751,0.3307704329490661,0.6612282991409302,0.1159569770097732,0.8253023624420166,0.8437719941139221,0.8437719941139221,0.8437719941139221,0.5717141628265381,0.622015118598938,0.0890891179442405,0.7725531458854675,0.2865341305732727,0.2865341305732727,0.2865341305732727,0.3207640945911407,0.7716708183288574,0.82,0.82,0.82,0.83,0.83,0.83,0.84,0.85,0.85,0.87,0.89,0.85,0.85,0.85,0.89,0.89,0.87,0.9,0.85,0.86,0.91,0.89,0.81,0.81,0.8,0.81,0.82,0.81,0.83,0.83,0.85,0.85,0.86,0.86,0.85,0.86,0.86,0.83,0.84,0.84,0.84,0.84,0.84,0.84,0.83,0.83,0.84,0.84,0.84,0.82,0.83,0.84,0.84,0.85,0.81,0.82,0.83,0.93,0.93,0.93,0.93,0.93,0.9300000071525574,0.93,0.91,0.91,0.9300000071525574,0.93,0.92,0.9300000071525574,0.92,0.91,0.7799999713897705,0.78,0.7799999713897705,0.78,0.78,0.79,0.78,0.78,0.7799999713897705,0.78,0.77,0.77,0.77,0.92,0.92,0.92,0.92,0.92,0.79,0.8,0.8,0.77,0.8,0.81,0.79,0.8,0.77,0.81
0.5548742268041238,0.7126223263013061,0.8331410139602953,0.6526899512174416,0.24503808801544,0.2924717905703691,0.6781004931608821,0.5881,0.3035031927710844,0.7869463276836157,0.6863431957819514,0.6051189231067209,0.348,0.674808053006328,0.0750548117259916,0.808952138717445,0.7037011849562081,0.6602853227440387,0.1139599622062123,0.8911618895966031,0.5938728027840213,0.8005,0.3035511672496795,0.6510619521141052,0.096303641796112,0.8542500138282776,0.9746439456939696,0.9746439456939696,0.9746439456939696,0.4227807819843292,0.6839224100112915,0.2230885326862335,0.623661458492279,0.3065809905529022,0.6481039524078369,0.4075109958648681,0.7424811720848083,0.3701125979423523,0.6235827803611755,0.135596826672554,0.806404709815979,0.8346096277236938,0.8346096277236938,0.8346096277236938,0.563544750213623,0.6054847240447998,0.0964438915252685,0.747524619102478,0.3576238453388214,0.3576238453388214,0.3576238453388214,0.4048756659030914,0.7044717669487,0.82,0.82,0.82,0.83,0.82,0.83,0.85,0.86,0.86,0.88,0.89,0.86,0.86,0.86,0.9,0.89,0.88,0.9,0.86,0.87,0.92,0.89,0.79,0.79,0.78,0.79,0.79,0.79,0.83,0.83,0.85,0.85,0.85,0.85,0.85,0.85,0.86,0.82,0.82,0.82,0.82,0.82,0.82,0.82,0.84,0.84,0.84,0.85,0.85,0.82,0.84,0.84,0.84,0.86,0.82,0.82,0.83,0.93,0.93,0.93,0.93,0.93,0.9300000071525574,0.93,0.91,0.92,0.9300000071525574,0.93,0.92,0.9300000071525574,0.93,0.92,0.7699999809265137,0.77,0.7699999809265137,0.77,0.77,0.78,0.77,0.77,0.7699999809265137,0.77,0.77,0.77,0.77,0.92,0.92,0.92,0.92,0.92,0.79,0.79,0.79,0.78,0.79,0.79,0.79,0.79,0.78,0.79
0.4247577810505646,0.55678976489257,0.8637227099692935,0.5735055597423104,0.352283593478075,0.5449437577255872,0.6385714152786824,0.4898749999999999,0.2520228313253012,0.6481327683615817,0.8661388731535142,0.5128083155787978,0.292,0.5410835486335961,0.1520336104900901,0.749243805124481,0.6426926841834106,0.5161512363847534,0.1726713121530648,0.8691924097664545,0.4769951673132839,0.6415,0.3508330881595611,0.5665807723999023,0.1161798536777496,0.8112950921058655,0.9719432592391968,0.9719432592391968,0.9719432592391968,0.4437517523765564,0.5624353885650635,0.234730839729309,0.5544505715370178,0.2945623695850372,0.5825472474098206,0.3762275576591491,0.6205721497535706,0.3866949081420898,0.5329433083534241,0.1553410440683365,0.7666718363761902,0.8414171934127808,0.8414171934127808,0.8414171934127808,0.5342068672180176,0.5206987857818604,0.1041182577610015,0.7200754880905151,0.4373572170734405,0.4373572170734405,0.4373572170734405,0.3817982375621795,0.5534208416938782,0.79,0.79,0.78,0.8,0.8,0.81,0.83,0.84,0.84,0.86,0.87,0.84,0.84,0.84,0.88,0.88,0.86,0.89,0.84,0.85,0.9,0.88,0.74,0.74,0.73,0.74,0.74,0.74,0.8,0.8,0.83,0.83,0.83,0.83,0.83,0.83,0.83,0.78,0.78,0.77,0.78,0.78,0.78,0.78,0.83,0.83,0.83,0.83,0.83,0.8,0.83,0.83,0.82,0.84,0.79,0.8,0.81,0.91,0.91,0.91,0.91,0.91,0.9100000262260436,0.91,0.89,0.89,0.9100000262260436,0.91,0.9,0.9100000262260436,0.91,0.9,0.7400000095367432,0.74,0.7400000095367432,0.74,0.74,0.74,0.74,0.74,0.7400000095367432,0.74,0.74,0.74,0.74,0.91,0.91,0.92,0.91,0.91,0.76,0.75,0.75,0.78,0.76,0.75,0.76,0.75,0.78,0.75
0.4974916053019146,0.2231052752235373,0.8989427963393992,0.2728524274235211,0.2772377206760987,0.1689204264524104,0.6130389876244533,0.1700749999999999,0.5157410240963856,0.3056073446327684,0.6277926707046059,0.1241342242882045,0.346,0.2082175928097248,0.2575573865206361,0.6261814662421725,0.4881496651210716,0.2051518192228746,0.2026877288295737,0.7289116242038218,0.4459411921969757,0.261,0.3961631953716278,0.3219566941261291,0.1408001482486724,0.6605275869369507,0.9633650183677672,0.9633650183677672,0.9633650183677672,0.4266234040260315,0.2494227141141891,0.2677381634712219,0.3998715877532959,0.3186608850955963,0.345450609922409,0.343070387840271,0.3043025434017181,0.4223834276199341,0.3629172146320343,0.1743634492158889,0.646162748336792,0.8468883633613586,0.8468883633613586,0.8468883633613586,0.5019680857658386,0.3298545181751251,0.1128391474485397,0.577588677406311,0.5078823566436768,0.5078823566436768,0.5078823566436768,0.3511100113391876,0.2456971108913421,0.75,0.75,0.74,0.76,0.76,0.77,0.8,0.8,0.81,0.82,0.83,0.8,0.8,0.8,0.84,0.84,0.82,0.85,0.8,0.82,0.87,0.84,0.66,0.66,0.66,0.66,0.66,0.66,0.76,0.75,0.78,0.78,0.78,0.78,0.78,0.78,0.79,0.73,0.72,0.72,0.72,0.73,0.72,0.72,0.77,0.77,0.78,0.78,0.78,0.74,0.77,0.77,0.76,0.79,0.74,0.74,0.75,0.86,0.86,0.86,0.86,0.86,0.8600000143051147,0.86,0.84,0.86,0.8600000143051147,0.86,0.86,0.8600000143051147,0.88,0.86,0.6600000262260437,0.66,0.6600000262260437,0.66,0.66,0.67,0.66,0.68,0.6600000262260437,0.66,0.68,0.68,0.68,0.9,0.9,0.9,0.9,0.9,0.69,0.69,0.69,0.69,0.68,0.69,0.7,0.68,0.69,0.69
0.558717820324006,0.0,0.8497245873966222,0.0469215996703211,0.2373961814367614,0.0,0.6466497627244813,0.0,0.5372838554216867,0.0,0.6429389515883044,0.0,0.133,0.0011427388333352,0.3751890024868748,0.301963327686737,0.5767753735188048,0.0011165771788077,0.2548140132278257,0.3806265923566879,0.3323076661876777,0.0,0.4743194580078125,0.0372827984392643,0.1793601810932159,0.2969812750816345,0.960479736328125,0.960479736328125,0.960479736328125,0.4299324452877044,0.0177919343113899,0.3392230868339538,0.1276060938835144,0.2805904448032379,0.0400420352816581,0.3530438244342804,0.0195689555257558,0.4928667545318603,0.090254358947277,0.2008710205554962,0.3313959538936615,0.8617597818374634,0.8617597818374634,0.8617597818374634,0.4714203178882599,0.0548173114657402,0.1175430789589881,0.2619646191596985,0.5305927395820618,0.5305927395820618,0.5305927395820618,0.4199682772159576,0.0209380611777305,0.71,0.71,0.7,0.73,0.72,0.73,0.75,0.76,0.77,0.78,0.78,0.76,0.76,0.76,0.79,0.79,0.78,0.8,0.76,0.79,0.83,0.79,0.62,0.62,0.62,0.62,0.62,0.62,0.71,0.71,0.74,0.73,0.74,0.74,0.74,0.74,0.76,0.7,0.68,0.68,0.68,0.69,0.68,0.68,0.73,0.73,0.74,0.74,0.74,0.7,0.73,0.74,0.72,0.75,0.7,0.7,0.71,0.82,0.82,0.82,0.82,0.82,0.8199999928474426,0.82,0.8,0.82,0.8199999928474426,0.82,0.82,0.8199999928474426,0.84,0.82,0.6200000047683716,0.62,0.6200000047683716,0.62,0.62,0.63,0.62,0.64,0.6200000047683716,0.62,0.64,0.64,0.64,0.87,0.88,0.89,0.88,0.88,0.66,0.66,0.66,0.67,0.66,0.65,0.67,0.66,0.67,0.65
0.455007265586647,0.0,0.8519996891890479,0.002474227642174,0.2311025466516423,0.0,0.7586541360379639,0.0,0.376680843373494,0.0,0.3565817246938865,0.0,0.321,0.0,0.5147993418573691,0.0520849318422952,0.6493052550231839,0.0,0.3233584504547065,0.0580414012738853,0.4712915012349715,0.0,0.5267753005027771,0.0,0.2973804771900177,0.0264171864837408,0.968125581741333,0.968125581741333,0.968125581741333,0.4328138828277588,0.0,0.486009806394577,0.0031888587400317,0.2758421897888183,0.0,0.4159605801105499,0.0,0.5901556015014648,0.000330377370119,0.291493684053421,0.0519152656197547,0.8833590149879456,0.8833590149879456,0.8833590149879456,0.5259610414505005,0.0,0.1866319328546524,0.0292136017233133,0.5483840107917786,0.5483840107917786,0.5483840107917786,0.5455979108810425,0.0,0.68,0.68,0.68,0.69,0.69,0.7,0.71,0.72,0.73,0.74,0.74,0.72,0.72,0.72,0.75,0.75,0.74,0.76,0.72,0.75,0.79,0.75,0.6,0.59,0.6,0.6,0.59,0.59,0.67,0.68,0.72,0.71,0.71,0.72,0.71,0.71,0.73,0.66,0.64,0.64,0.65,0.66,0.64,0.65,0.71,0.71,0.71,0.7,0.71,0.67,0.71,0.71,0.69,0.71,0.66,0.67,0.68,0.78,0.78,0.78,0.78,0.78,0.7799999713897705,0.78,0.76,0.78,0.7799999713897705,0.78,0.78,0.7799999713897705,0.8,0.78,0.6000000238418579,0.6,0.6000000238418579,0.6,0.6,0.61,0.6,0.62,0.6000000238418579,0.6,0.62,0.62,0.62,0.86,0.87,0.88,0.87,0.87,0.65,0.65,0.65,0.66,0.64,0.63,0.65,0.64,0.66,0.62
0.5256858124693176,0.0,0.8409733907486177,0.0,0.2025150197293621,0.0,0.7436191495301014,0.0,0.3041650602409639,0.0,0.4806550612227112,0.0,0.0,0.0,0.5786088824135247,0.0,0.6302367336424525,0.0,0.3544464391165702,0.0,0.4404503471265902,0.0,0.5062791705131531,0.0,0.375061422586441,0.0,0.9710994362831116,0.9710994362831116,0.9710994362831116,0.3634529709815979,0.0,0.5366442203521729,0.0,0.2698005437850952,0.0,0.4776772856712341,0.0,0.6294766068458557,0.0,0.3365641832351684,0.0,0.9093922972679138,0.9093922972679138,0.9093922972679138,0.4739577770233154,0.0,0.2585068345069885,0.0,0.5374341011047363,0.5374341011047363,0.5374341011047363,0.4805816411972046,0.0,0.65,0.65,0.66,0.67,0.67,0.68,0.67,0.68,0.68,0.7,0.71,0.68,0.68,0.68,0.71,0.71,0.7,0.72,0.68,0.7,0.75,0.72,0.58,0.58,0.58,0.58,0.57,0.57,0.65,0.65,0.69,0.68,0.69,0.7,0.69,0.69,0.71,0.64,0.62,0.62,0.62,0.63,0.62,0.62,0.69,0.69,0.69,0.67,0.69,0.64,0.69,0.69,0.66,0.68,0.63,0.64,0.65,0.73,0.73,0.73,0.73,0.73,0.7300000190734863,0.73,0.73,0.75,0.7300000190734863,0.73,0.74,0.7300000190734863,0.77,0.74,0.5699999928474426,0.57,0.5699999928474426,0.57,0.57,0.58,0.57,0.59,0.5699999928474426,0.57,0.59,0.59,0.6,0.84,0.85,0.86,0.85,0.85,0.63,0.63,0.63,0.64,0.63,0.61,0.64,0.63,0.64,0.6
0.1168181639666175,0.0,0.6736774102537479,0.0,0.8001572171744724,0.0,0.2673427002884525,0.0,0.1358336746987951,0.0,0.4383835896988976,0.0,0.223,0.0,0.6723954633374363,0.0,0.1876689850592478,0.0,0.3586239222865242,0.0,0.6414653602531954,0.0,0.2367544174194336,0.0,0.3420905172824859,0.0,0.2657406032085418,0.2657406032085418,0.2657406032085418,0.6529302597045898,0.0,0.1466642767190933,0.0,0.2367412745952606,0.0,0.4107602834701538,0.0,0.1068542897701263,0.0,0.2820207476615906,0.0,0.0577731318771839,0.0577731318771839,0.0577731318771839,0.1666046977043151,0.0,0.1446511447429657,0.0,0.2525846064090729,0.2525846064090729,0.2525846064090729,0.7481786012649536,0.0,0.69,0.68,0.69,0.69,0.69,0.69,0.7,0.73,0.74,0.76,0.76,0.72,0.72,0.72,0.76,0.76,0.75,0.77,0.72,0.77,0.76,0.76,0.63,0.63,0.63,0.63,0.63,0.63,0.57,0.58,0.57,0.57,0.57,0.57,0.57,0.57,0.57,0.71,0.69,0.69,0.69,0.7,0.69,0.69,0.72,0.72,0.72,0.7,0.72,0.7,0.72,0.71,0.7,0.7,0.7,0.7,0.69,0.72,0.72,0.72,0.72,0.72,0.7200000286102295,0.72,0.74,0.76,0.7200000286102295,0.72,0.75,0.7200000286102295,0.77,0.75,0.6499999761581421,0.65,0.6499999761581421,0.65,0.65,0.65,0.65,0.64,0.6499999761581421,0.65,0.64,0.64,0.64,0.85,0.85,0.83,0.85,0.82,0.57,0.57,0.57,0.58,0.57,0.57,0.57,0.57,0.58,0.56
0.0477127147766323,0.0,0.6509508471340272,0.0,0.841414483664743,0.0,0.3415044198380943,0.0,0.2284181927710843,0.0,0.4739628741993115,0.0,0.338,0.0,0.6555707754527871,0.0,0.233205306543019,0.0,0.3685034250620054,0.0,0.5409026654096996,0.0,0.2430556267499923,0.0,0.3273328840732574,0.0,0.277161568403244,0.277161568403244,0.277161568403244,0.6678222417831421,0.0,0.1240456476807594,0.0,0.203040063381195,0.0,0.4102516174316406,0.0,0.0946310013532638,0.0,0.2446377873420715,0.0,0.0500377528369426,0.0500377528369426,0.0500377528369426,0.1660675257444381,0.0,0.1480729579925537,0.0,0.2406883984804153,0.2406883984804153,0.2406883984804153,0.7204639911651611,0.0,0.67,0.67,0.68,0.67,0.67,0.68,0.68,0.69,0.7,0.72,0.73,0.69,0.69,0.69,0.73,0.73,0.72,0.74,0.69,0.72,0.72,0.73,0.62,0.62,0.63,0.62,0.62,0.62,0.55,0.56,0.55,0.56,0.55,0.55,0.55,0.56,0.55,0.69,0.68,0.67,0.68,0.69,0.67,0.67,0.7,0.7,0.7,0.68,0.7,0.69,0.7,0.69,0.68,0.68,0.68,0.68,0.67,0.7,0.7,0.7,0.7,0.7,0.699999988079071,0.7,0.72,0.74,0.699999988079071,0.7,0.73,0.699999988079071,0.75,0.73,0.6299999952316284,0.63,0.6299999952316284,0.63,0.63,0.63,0.63,0.63,0.6299999952316284,0.63,0.63,0.63,0.63,0.84,0.84,0.82,0.84,0.81,0.56,0.56,0.56,0.57,0.56,0.55,0.55,0.56,0.57,0.55
0.0495334315169366,0.0,0.6120472669777101,0.0,0.7706448406172374,0.0,0.4004208616358052,0.0,0.1956754819277108,0.0,0.4626478713669441,0.0,0.344,0.0,0.7021694842874727,0.0,0.2031084492529624,0.0,0.2918943250265737,0.0,0.5193371036657803,0.0,0.251652181148529,0.0,0.3069296181201935,0.0,0.288516491651535,0.288516491651535,0.288516491651535,0.664193868637085,0.0,0.1132288947701454,0.0,0.1463412195444107,0.0,0.3944393992424011,0.0,0.0883138105273246,0.0,0.2146639078855514,0.0,0.0477631352841854,0.0477631352841854,0.0477631352841854,0.15825816988945,0.0,0.1243249699473381,0.0,0.2392699420452118,0.2392699420452118,0.2392699420452118,0.6909427046775818,0.0,0.66,0.66,0.67,0.66,0.66,0.67,0.66,0.68,0.68,0.7,0.72,0.67,0.67,0.67,0.72,0.72,0.7,0.73,0.67,0.71,0.7,0.72,0.62,0.62,0.62,0.62,0.62,0.62,0.54,0.55,0.54,0.56,0.55,0.54,0.54,0.55,0.54,0.68,0.66,0.66,0.67,0.67,0.66,0.66,0.68,0.68,0.68,0.66,0.68,0.67,0.68,0.68,0.66,0.66,0.67,0.66,0.66,0.69,0.69,0.69,0.69,0.69,0.6899999976158142,0.69,0.7,0.72,0.6899999976158142,0.69,0.71,0.6899999976158142,0.73,0.71,0.6200000047683716,0.62,0.6200000047683716,0.62,0.62,0.62,0.62,0.62,0.6200000047683716,0.62,0.62,0.62,0.62,0.84,0.83,0.81,0.83,0.8,0.55,0.55,0.55,0.56,0.55,0.55,0.55,0.55,0.56,0.54
0.1249751595483554,0.0,0.5433548647964457,0.0,0.7665771281629989,0.0,0.4055317763096678,0.0,0.0935874096385542,0.0,0.3006081310732493,0.0,0.264,0.0,0.6839015800447135,0.0,0.1818807315816589,0.0,0.2926623656548954,0.0,0.4258953741118718,0.0,0.2865384519100189,0.0,0.2833074331283569,0.0,0.3169375956058502,0.3169375956058502,0.3169375956058502,0.6482009887695312,0.0,0.1144515573978424,0.0,0.1309013962745666,0.0,0.3625028133392334,0.0,0.0875004678964614,0.0,0.18643219769001,0.0,0.0523636564612388,0.0523636564612388,0.0523636564612388,0.1665821820497512,0.0,0.1081480681896209,0.0,0.2128609120845794,0.2128609120845794,0.2128609120845794,0.6660310626029968,0.0,0.66,0.66,0.67,0.66,0.66,0.66,0.65,0.66,0.67,0.69,0.71,0.66,0.66,0.66,0.71,0.71,0.69,0.72,0.66,0.69,0.68,0.71,0.63,0.63,0.63,0.63,0.63,0.63,0.54,0.54,0.54,0.55,0.54,0.54,0.54,0.54,0.54,0.68,0.66,0.66,0.66,0.67,0.66,0.66,0.67,0.67,0.66,0.65,0.67,0.66,0.67,0.66,0.65,0.65,0.66,0.65,0.65,0.68,0.68,0.68,0.68,0.68,0.6800000071525574,0.68,0.7,0.72,0.6800000071525574,0.68,0.71,0.6800000071525574,0.72,0.71,0.6200000047683716,0.62,0.6200000047683716,0.62,0.62,0.62,0.62,0.62,0.6200000047683716,0.62,0.62,0.61,0.61,0.83,0.83,0.8,0.82,0.79,0.55,0.55,0.55,0.56,0.55,0.54,0.55,0.54,0.56,0.54
0.1920556701030927,0.0,0.5191919679794296,0.0,0.77884493761362,0.0,0.439780589932074,0.0,0.0578526506024096,0.0,0.1906308771624035,0.0,0.192,0.0,0.7010914617297597,0.0,0.2232941782586295,0.0,0.2664006732018424,0.0,0.3970708377193934,0.0,0.2831001877784729,0.0,0.264132559299469,0.0,0.3487465977668762,0.3487465977668762,0.3487465977668762,0.6368721723556519,0.0,0.1177109405398368,0.0,0.1210657954216003,0.0,0.3066898286342621,0.0,0.0833139270544052,0.0,0.1616797000169754,0.0,0.0567870922386646,0.0567870922386646,0.0567870922386646,0.163174957036972,0.0,0.0971539095044136,0.0,0.2195324450731277,0.2195324450731277,0.2195324450731277,0.6464166045188904,0.0,0.66,0.66,0.67,0.66,0.66,0.67,0.65,0.66,0.67,0.69,0.71,0.66,0.66,0.66,0.71,0.71,0.69,0.73,0.66,0.69,0.68,0.71,0.64,0.64,0.65,0.64,0.64,0.64,0.54,0.54,0.54,0.55,0.54,0.54,0.54,0.54,0.55,0.68,0.67,0.67,0.67,0.67,0.67,0.67,0.66,0.66,0.65,0.64,0.66,0.66,0.66,0.65,0.65,0.64,0.66,0.65,0.65,0.67,0.67,0.67,0.67,0.67,0.6700000166893005,0.67,0.69,0.71,0.6700000166893005,0.67,0.71,0.6700000166893005,0.72,0.7,0.6200000047683716,0.62,0.6200000047683716,0.62,0.62,0.63,0.62,0.62,0.6200000047683716,0.62,0.62,0.62,0.62,0.82,0.82,0.8,0.82,0.79,0.55,0.55,0.55,0.56,0.55,0.55,0.56,0.55,0.56,0.55
0.2469650466372115,0.0,0.4975458872471667,0.0,0.7447590546982636,0.0,0.4663975993300456,0.0,0.055688734939759,0.0,0.1162376138393829,0.0,0.235,0.0,0.6771146474415334,0.0,0.153393611540443,0.0,0.3033398488248494,0.0,0.3921877018225355,0.0,0.2831683754920959,0.0,0.254314512014389,0.0,0.3724552989006042,0.3724552989006042,0.3724552989006042,0.6078686714172363,0.0,0.1160917952656745,0.0,0.1098556518554687,0.0,0.2585693299770355,0.0,0.0867666900157928,0.0,0.1419780701398849,0.0,0.0616830438375473,0.0616830438375473,0.0616830438375473,0.1637373715639114,0.0,0.1003655195236206,0.0,0.2379605621099472,0.2379605621099472,0.2379605621099472,0.650863528251648,0.0,0.67,0.66,0.68,0.67,0.67,0.68,0.66,0.67,0.67,0.69,0.72,0.67,0.67,0.66,0.72,0.72,0.69,0.73,0.67,0.69,0.69,0.72,0.66,0.66,0.67,0.66,0.66,0.66,0.55,0.55,0.55,0.56,0.55,0.55,0.55,0.56,0.56,0.69,0.68,0.68,0.68,0.69,0.68,0.68,0.66,0.66,0.65,0.64,0.65,0.66,0.66,0.66,0.65,0.64,0.66,0.66,0.65,0.68,0.68,0.68,0.68,0.68,0.6800000071525574,0.68,0.7,0.72,0.6800000071525574,0.68,0.71,0.6800000071525574,0.73,0.71,0.6200000047683716,0.62,0.6200000047683716,0.62,0.62,0.64,0.62,0.63,0.6200000047683716,0.62,0.62,0.62,0.62,0.82,0.82,0.8,0.82,0.79,0.57,0.56,0.56,0.58,0.56,0.57,0.57,0.56,0.58,0.56
0.2703951890034364,0.0,0.4305134125994013,0.0,0.6829935354102444,0.0,0.4770754629198845,0.0,0.1194421686746988,0.0,0.0568409952503376,0.0,0.215,0.0,0.6510112286166445,0.0,0.1033289541473467,0.0,0.4422808550844456,0.0,0.4735257153987971,0.0,0.2971974909305572,0.0,0.2572517693042755,0.0,0.3944472670555115,0.3944472670555115,0.3944472670555115,0.5677781701087952,0.0,0.1210845485329628,0.0,0.1089157834649086,0.0,0.2321726828813552,0.0,0.0908769369125366,0.0,0.123821347951889,0.0,0.0674781575798988,0.0674781575798988,0.0674781575798988,0.1802048832178115,0.0,0.0940516218543052,0.0,0.2396197319030761,0.2396197319030761,0.2396197319030761,0.6283068060874939,0.0,0.68,0.68,0.7,0.68,0.68,0.69,0.66,0.67,0.68,0.71,0.74,0.67,0.67,0.67,0.73,0.74,0.71,0.75,0.67,0.7,0.71,0.74,0.69,0.69,0.69,0.69,0.69,0.69,0.57,0.57,0.58,0.58,0.58,0.59,0.58,0.58,0.6,0.72,0.71,0.71,0.71,0.72,0.71,0.71,0.67,0.67,0.66,0.66,0.66,0.67,0.67,0.67,0.66,0.65,0.67,0.67,0.66,0.69,0.69,0.69,0.69,0.69,0.6899999976158142,0.69,0.71,0.73,0.6899999976158142,0.69,0.73,0.6899999976158142,0.74,0.73,0.6399999856948853,0.64,0.6399999856948853,0.64,0.64,0.66,0.64,0.64,0.6399999856948853,0.64,0.64,0.64,0.64,0.83,0.83,0.81,0.82,0.8,0.6,0.59,0.59,0.61,0.59,0.59,0.6,0.58,0.61,0.58
0.328407265586647,0.0,0.3665837531537339,0.0,0.6434705128941755,0.0184407116369415,0.4686233367451381,0.0,0.1146631325301204,3.389830508474576e-5,0.0277497930193036,0.0005006133384982,0.164,0.0,0.6311629028611622,0.0,0.0716048428645028,0.0,0.4363956832408173,0.0,0.5578347331327592,0.0,0.3154168128967285,0.0,0.2601918578147888,0.0,0.3956758081912994,0.3956758081912994,0.3956758081912994,0.527933657169342,0.0091447029262781,0.1316766738891601,0.0,0.0996082201600074,0.0005744106019847,0.2059627175331115,0.0006771688931621,0.097777746617794,0.0,0.1129560992121696,0.0,0.0750616714358329,0.0750616714358329,0.0750616714358329,0.1669887751340866,0.0,0.0870053544640541,0.0,0.2497995942831039,0.2497995942831039,0.2497995942831039,0.6106156706809998,0.0130981570109725,0.72,0.72,0.74,0.72,0.72,0.73,0.69,0.7,0.71,0.74,0.77,0.7,0.7,0.7,0.77,0.77,0.74,0.79,0.7,0.73,0.76,0.78,0.73,0.73,0.73,0.73,0.73,0.73,0.64,0.64,0.66,0.67,0.65,0.65,0.66,0.65,0.65,0.77,0.76,0.76,0.76,0.77,0.77,0.77,0.7,0.7,0.69,0.7,0.69,0.72,0.7,0.7,0.71,0.68,0.72,0.72,0.71,0.72,0.72,0.72,0.72,0.72,0.7200000286102295,0.72,0.75,0.77,0.7200000286102295,0.72,0.76,0.7200000286102295,0.78,0.76,0.699999988079071,0.7,0.699999988079071,0.7,0.7,0.72,0.7,0.7,0.699999988079071,0.7,0.69,0.69,0.69,0.84,0.84,0.83,0.84,0.82,0.67,0.66,0.67,0.67,0.66,0.65,0.67,0.66,0.67,0.64
0.3487242022582228,0.1219149359825546,0.2731598248619626,0.0450765084912817,0.5374125308888447,0.2389411751721702,0.5080987252256444,0.1183,0.0456392771084337,0.1588163841807909,0.0265697851758246,0.2789488023758796,0.137,0.1001857587502248,0.612586701499661,0.0170668592343994,0.0532364760432766,0.164264957584669,0.4184825498996103,0.0050536093418259,0.4691845937841328,0.118,0.3208379447460174,0.1328111290931701,0.2688087224960327,0.0087670255452394,0.391451895236969,0.391451895236969,0.391451895236969,0.4815868139266968,0.248362198472023,0.1477226912975311,0.0619010142982006,0.0929115265607833,0.1996958404779434,0.1792549937963485,0.1815420240163803,0.1085705161094665,0.0712141245603561,0.1138244494795799,0.0117498897016048,0.0874456539750099,0.0874456539750099,0.0874456539750099,0.1566001921892166,0.1416545063257217,0.0818232744932174,0.022721529006958,0.2575649917125702,0.2575649917125702,0.2575649917125702,0.6047457456588745,0.2590407729148865,0.74,0.74,0.76,0.73,0.74,0.74,0.72,0.74,0.75,0.8,0.83,0.74,0.73,0.73,0.82,0.82,0.8,0.84,0.73,0.78,0.82,0.83,0.75,0.75,0.75,0.75,0.75,0.75,0.67,0.67,0.69,0.71,0.69,0.68,0.69,0.69,0.68,0.8,0.79,0.79,0.79,0.79,0.79,0.79,0.72,0.72,0.72,0.73,0.72,0.76,0.72,0.71,0.74,0.71,0.75,0.75,0.74,0.8,0.8,0.8,0.8,0.8,0.800000011920929,0.8,0.8,0.81,0.800000011920929,0.8,0.81,0.800000011920929,0.83,0.81,0.7200000286102295,0.72,0.7200000286102295,0.72,0.72,0.74,0.72,0.72,0.7200000286102295,0.72,0.71,0.71,0.71,0.86,0.86,0.86,0.86,0.85,0.69,0.69,0.69,0.68,0.69,0.68,0.68,0.69,0.68,0.67
0.29146676485027,0.2631005359760351,0.2522016703486442,0.3875930990676938,0.346744481603616,0.4529777944552358,0.5589463105983066,0.436075,0.0494611445783132,0.2460056497175141,0.0193516057344546,0.5787413648395636,0.117,0.2656276037334266,0.596921173603959,0.2971937213966236,0.0668959299330242,0.3063245019906246,0.4022235443486477,0.2907722929936306,0.422806959900608,0.0849999999999999,0.2846592664718628,0.5998792052268982,0.2777633666992187,0.3059419989585876,0.3910227417945862,0.3910227417945862,0.3910227417945862,0.3328677713871002,0.6507620811462402,0.1635924279689788,0.4514520466327667,0.0834465026855468,0.6110337972640991,0.131623163819313,0.6387180089950562,0.1125651001930236,0.4939920306205749,0.1170746088027954,0.2967602014541626,0.1017331853508949,0.1017331853508949,0.1017331853508949,0.1349139958620071,0.5802239775657654,0.0787864699959755,0.3199387490749359,0.2771284282207489,0.2771284282207489,0.2771284282207489,0.476350873708725,0.6709785461425781,0.75,0.75,0.76,0.75,0.75,0.75,0.74,0.77,0.78,0.83,0.85,0.76,0.76,0.76,0.85,0.85,0.83,0.86,0.76,0.81,0.85,0.85,0.76,0.76,0.76,0.76,0.77,0.77,0.7,0.69,0.71,0.73,0.71,0.71,0.72,0.71,0.7,0.81,0.81,0.81,0.81,0.81,0.81,0.81,0.74,0.74,0.74,0.75,0.74,0.77,0.74,0.73,0.75,0.73,0.77,0.76,0.76,0.82,0.82,0.82,0.82,0.82,0.8199999928474426,0.82,0.82,0.83,0.8199999928474426,0.82,0.84,0.8199999928474426,0.85,0.83,0.7400000095367432,0.74,0.7400000095367432,0.74,0.74,0.75,0.74,0.74,0.7400000095367432,0.74,0.73,0.72,0.72,0.87,0.87,0.87,0.87,0.86,0.7,0.71,0.71,0.69,0.71,0.69,0.69,0.71,0.69,0.69
0.1762611683848797,0.3263598693357394,0.1383859893394092,0.7412210634642329,0.1310397144121443,0.3368493069044676,0.3711341769796222,0.7115750000000001,0.0804107228915662,0.2882316384180791,0.0040088892762211,0.675437471754148,0.031,0.5077902664332827,0.4790308221758899,0.7006560084971117,0.0413500772797527,0.4694657232930736,0.3239705621825913,0.723841295116773,0.3945933699886653,0.2209999999999999,0.2123384177684784,0.8944640755653381,0.2345137298107147,0.7640512585639954,0.4148057103157043,0.4148057103157043,0.4148057103157043,0.132532924413681,0.8500383496284485,0.1357340067625045,0.8297207355499268,0.0494287945330143,0.876879096031189,0.0734947621822357,0.8838383555412292,0.0841916874051094,0.8552936911582947,0.0926387310028076,0.6914440989494324,0.1225010678172111,0.1225010678172111,0.1225010678172111,0.081083245575428,0.8862631916999817,0.0581223256886005,0.6616048216819763,0.3336010873317718,0.3336010873317718,0.3336010873317718,0.2518684267997741,0.8714220523834229,0.76,0.76,0.77,0.76,0.76,0.77,0.78,0.8,0.81,0.85,0.87,0.8,0.79,0.79,0.87,0.87,0.85,0.88,0.79,0.84,0.87,0.87,0.77,0.77,0.77,0.77,0.78,0.78,0.71,0.71,0.74,0.75,0.73,0.73,0.74,0.73,0.72,0.84,0.83,0.83,0.83,0.83,0.83,0.83,0.75,0.75,0.76,0.77,0.76,0.79,0.75,0.75,0.77,0.76,0.79,0.78,0.77,0.85,0.85,0.85,0.85,0.85,0.8500000238418579,0.85,0.84,0.85,0.8500000238418579,0.85,0.85,0.8500000238418579,0.87,0.85,0.7599999904632568,0.76,0.7599999904632568,0.76,0.76,0.77,0.76,0.75,0.7599999904632568,0.76,0.74,0.74,0.74,0.88,0.88,0.87,0.88,0.86,0.71,0.72,0.72,0.7,0.72,0.71,0.7,0.72,0.7,0.7
0.161548060873834,0.6025638512848035,0.0716015939538019,0.8724169920316092,0.1602322818768892,0.4110250309023486,0.253472783102261,0.7884749999999999,0.0814742168674698,0.4062711864406779,0.003542812322977,0.6892383304280457,0.147,0.7601772226543448,0.4292105554020448,0.8485775865129189,0.0412784647089129,0.6347928980157976,0.275721241289713,0.8891624203821658,0.442668302278927,0.599,0.2370538711547851,0.95566588640213,0.170581504702568,0.9391537308692932,0.4355056285858154,0.4355056285858154,0.4355056285858154,0.1068210452795028,0.8994113802909851,0.1033874154090881,0.9407656788825988,0.034738078713417,0.931540846824646,0.0687442645430564,0.94178968667984,0.0759279802441597,0.9450129270553588,0.0766461417078971,0.8708649277687073,0.1414233446121215,0.1414233446121215,0.1414233446121215,0.0780699178576469,0.9467219114303588,0.0418829098343849,0.8225012421607971,0.3702607750892639,0.3702607750892639,0.3702607750892639,0.2228089570999145,0.9135040044784546,0.77,0.77,0.78,0.77,0.77,0.78,0.8,0.82,0.83,0.87,0.89,0.82,0.81,0.81,0.88,0.88,0.87,0.89,0.81,0.86,0.88,0.88,0.78,0.78,0.78,0.78,0.79,0.79,0.73,0.73,0.75,0.76,0.75,0.74,0.75,0.74,0.73,0.85,0.84,0.84,0.84,0.85,0.85,0.84,0.76,0.76,0.78,0.79,0.78,0.81,0.76,0.77,0.79,0.78,0.81,0.79,0.78,0.88,0.88,0.88,0.88,0.88,0.8799999952316284,0.88,0.86,0.87,0.8799999952316284,0.88,0.87,0.8799999952316284,0.88,0.87,0.7699999809265137,0.77,0.7699999809265137,0.77,0.77,0.78,0.77,0.76,0.7699999809265137,0.77,0.76,0.75,0.75,0.88,0.88,0.87,0.88,0.87,0.72,0.73,0.73,0.71,0.73,0.73,0.71,0.73,0.71,0.72
0.0712758959253804,0.7966801534735811,0.0461575824358172,0.8481770261981668,0.2264617494758861,0.5290978721525694,0.1807580720200986,0.74105,0.0735290361445783,0.5795593220338983,0.0036313564861213,0.6937815223707147,0.451,0.7010986260108806,0.3782647140093949,0.862522952909254,0.0378781555899021,0.7549032991463545,0.2495274595488367,0.852646762208068,0.51381425380184,0.8345,0.2742877006530761,0.9606772661209106,0.2034496515989303,0.964801788330078,0.4712355136871338,0.4712355136871338,0.4712355136871338,0.1373003125190735,0.8831079602241516,0.1388502269983291,0.9449856877326964,0.0482322424650192,0.916381061077118,0.0618456304073333,0.950069010257721,0.094503179192543,0.9509009718894958,0.1003927737474441,0.8986372947692871,0.1582361310720443,0.1582361310720443,0.1582361310720443,0.0928204730153083,0.9437772631645204,0.0388290211558342,0.8559622764587402,0.438763827085495,0.438763827085495,0.438763827085495,0.2415073066949844,0.890286386013031,0.78,0.78,0.79,0.78,0.78,0.79,0.82,0.84,0.85,0.88,0.89,0.83,0.83,0.83,0.89,0.89,0.88,0.9,0.83,0.87,0.89,0.89,0.79,0.79,0.79,0.79,0.8,0.8,0.74,0.74,0.77,0.78,0.76,0.76,0.77,0.76,0.75,0.86,0.86,0.86,0.86,0.86,0.85,0.86,0.77,0.77,0.79,0.81,0.8,0.82,0.77,0.78,0.8,0.8,0.82,0.81,0.8,0.89,0.89,0.89,0.89,0.89,0.8899999856948853,0.89,0.87,0.88,0.8899999856948853,0.89,0.88,0.8899999856948853,0.89,0.88,0.7799999713897705,0.78,0.7799999713897705,0.78,0.78,0.79,0.78,0.77,0.7799999713897705,0.78,0.77,0.76,0.76,0.88,0.88,0.88,0.88,0.87,0.73,0.74,0.74,0.73,0.74,0.74,0.72,0.74,0.73,0.73
0.0384172803141875,0.7636458553027311,0.0368206592130438,0.8131570260731245,0.2537412696975233,0.4419894049090589,0.3532732855680655,0.81325,0.066357469879518,0.7675254237288135,0.0209967318837422,0.6918084124217185,0.62,0.7923685091182929,0.2842910899545329,0.8355799038009687,0.0709453889747552,0.7464708323769857,0.2170788059525216,0.8436523354564757,0.4619690772703258,0.8465,0.2665897011756897,0.9370285868644714,0.2581417262554168,0.9600587487220764,0.5066589713096619,0.5066589713096619,0.5066589713096619,0.1777263432741165,0.874815821647644,0.2069325000047683,0.9211352467536926,0.0737805590033531,0.8790760636329651,0.0553551204502582,0.9399380683898926,0.1276815384626388,0.9385358095169068,0.1392738968133926,0.8783031702041626,0.1674283891916275,0.1674283891916275,0.1674283891916275,0.1235108226537704,0.918829381465912,0.0514674372971057,0.845556914806366,0.4485732913017273,0.4485732913017273,0.4485732913017273,0.255010575056076,0.8700551390647888,0.8,0.79,0.8,0.8,0.79,0.8,0.83,0.85,0.86,0.89,0.9,0.84,0.84,0.84,0.9,0.9,0.89,0.9,0.84,0.88,0.9,0.89,0.8,0.8,0.79,0.8,0.8,0.8,0.75,0.75,0.78,0.79,0.77,0.76,0.78,0.77,0.76,0.87,0.86,0.86,0.86,0.87,0.86,0.86,0.79,0.79,0.81,0.82,0.82,0.83,0.79,0.8,0.82,0.82,0.83,0.82,0.81,0.89,0.89,0.89,0.89,0.89,0.8899999856948853,0.89,0.88,0.89,0.8899999856948853,0.89,0.89,0.8899999856948853,0.9,0.89,0.7799999713897705,0.78,0.7799999713897705,0.78,0.78,0.78,0.78,0.77,0.7799999713897705,0.78,0.77,0.77,0.77,0.88,0.88,0.88,0.88,0.87,0.74,0.75,0.75,0.74,0.75,0.75,0.73,0.75,0.74,0.75
0.2581497299950908,0.7895010739212346,0.0532364771807159,0.8033458383530414,0.2656785995127503,0.5436831184884338,0.3878968084116497,0.761925,0.1106293373493975,0.7314858757062147,0.0201142533443723,0.7368311059461553,0.77,0.8106028698104423,0.2556498781682534,0.8099124489630163,0.1861638330757341,0.7629626212028944,0.2364341561355852,0.7881388004246286,0.3104507153749419,0.821,0.2427065670490265,0.9050766229629515,0.3023438453674316,0.9340230226516724,0.5424789190292358,0.5424789190292358,0.5424789190292358,0.2088418900966644,0.8801561594009399,0.3023572862148285,0.8792868256568909,0.1109958812594413,0.83824622631073,0.0561279356479644,0.9287463426589966,0.1927657276391983,0.9152545928955078,0.2002000957727432,0.8553929924964905,0.1750274002552032,0.1750274002552032,0.1750274002552032,0.1729228645563125,0.8789653778076172,0.0880837440490722,0.8106277585029602,0.4615349173545837,0.4615349173545837,0.4615349173545837,0.2530742287635803,0.8667068481445312,0.81,0.8,0.81,0.81,0.81,0.82,0.83,0.85,0.86,0.9,0.91,0.85,0.84,0.84,0.9,0.9,0.9,0.9,0.84,0.89,0.91,0.89,0.8,0.8,0.8,0.8,0.81,0.81,0.76,0.76,0.79,0.8,0.78,0.77,0.79,0.78,0.77,0.87,0.87,0.87,0.87,0.87,0.87,0.87,0.81,0.81,0.83,0.84,0.84,0.84,0.81,0.82,0.83,0.83,0.83,0.83,0.82,0.89,0.89,0.89,0.89,0.89,0.8899999856948853,0.89,0.89,0.89,0.8899999856948853,0.89,0.9,0.8899999856948853,0.9,0.89,0.7900000214576721,0.79,0.7900000214576721,0.79,0.79,0.79,0.79,0.78,0.7900000214576721,0.79,0.78,0.78,0.78,0.88,0.88,0.88,0.88,0.88,0.76,0.76,0.76,0.76,0.77,0.76,0.74,0.76,0.76,0.76
0.1559043691703485,0.7830223396899126,0.0778923351629956,0.7487998863627718,0.3758584192657537,0.6234839307787392,0.3566354331441332,0.763475,0.1050907228915662,0.7141892655367232,0.0307836507037343,0.7753235521983342,0.783,0.7742526825018456,0.3295735135270919,0.8116696584954352,0.2428333333333333,0.710047442340638,0.3144968702019606,0.795953821656051,0.180363527737162,0.81,0.2236257344484329,0.8843328952789307,0.3418619036674499,0.9111641049385072,0.5468646287918091,0.5468646287918091,0.5468646287918091,0.2469471096992492,0.8822284936904907,0.3875050544738769,0.8528245091438293,0.1539110690355301,0.8270953297615051,0.0600367039442062,0.9218799471855164,0.2666940987110138,0.8939452767372131,0.2781757116317749,0.8297090530395508,0.1864665299654007,0.1864665299654007,0.1864665299654007,0.2436051219701767,0.8666858673095703,0.1494505554437637,0.7700547575950623,0.4531705677509308,0.4531705677509308,0.4531705677509308,0.2862060666084289,0.860454797744751,0.82,0.81,0.82,0.82,0.82,0.83,0.84,0.86,0.87,0.9,0.91,0.86,0.85,0.85,0.9,0.9,0.9,0.9,0.85,0.9,0.91,0.9,0.81,0.81,0.8,0.81,0.81,0.81,0.77,0.77,0.8,0.81,0.79,0.78,0.8,0.78,0.77,0.87,0.87,0.87,0.87,0.87,0.87,0.87,0.83,0.83,0.85,0.84,0.85,0.84,0.83,0.84,0.84,0.84,0.84,0.83,0.83,0.9,0.9,0.9,0.9,0.9,0.8999999761581421,0.9,0.89,0.9,0.8999999761581421,0.9,0.9,0.8999999761581421,0.91,0.9,0.7900000214576721,0.79,0.7900000214576721,0.79,0.79,0.79,0.79,0.79,0.7900000214576721,0.79,0.79,0.79,0.78,0.89,0.89,0.89,0.89,0.88,0.76,0.76,0.76,0.76,0.77,0.77,0.75,0.76,0.76,0.77
0.0534459499263623,0.7904327320037858,0.1102269023234164,0.7355749499545066,0.4505883568473977,0.6402642592265586,0.3850615985856518,0.7434999999999999,0.1075069879518072,0.7367118644067797,0.0579655758420846,0.7612586028794628,0.807,0.7665590694136182,0.5013279157979352,0.8008487266943032,0.1858446676970633,0.7447459434268219,0.4251708692571159,0.7989148089171976,0.2080962128047808,0.8055000000000001,0.2086998075246811,0.8572292923927307,0.3844815492630005,0.9023692011833192,0.5653557181358337,0.5653557181358337,0.5653557181358337,0.3164844512939453,0.8768405318260193,0.4443122744560241,0.8516673445701599,0.1880093216896057,0.8181965947151184,0.0624983385205268,0.9063029289245604,0.3019271790981293,0.8782163858413696,0.376967042684555,0.8054277896881104,0.1919150501489639,0.1919150501489639,0.1919150501489639,0.3164321184158325,0.8595517873764038,0.230147510766983,0.7291685342788696,0.4622867107391357,0.4622867107391357,0.4622867107391357,0.3723985254764557,0.8559257388114929,0.83,0.83,0.83,0.83,0.83,0.84,0.85,0.87,0.88,0.91,0.91,0.86,0.86,0.86,0.91,0.91,0.9,0.91,0.86,0.9,0.91,0.9,0.81,0.81,0.81,0.81,0.82,0.81,0.78,0.78,0.81,0.82,0.8,0.79,0.81,0.79,0.78,0.87,0.87,0.87,0.87,0.87,0.86,0.87,0.84,0.84,0.85,0.85,0.86,0.85,0.84,0.85,0.85,0.85,0.84,0.84,0.84,0.91,0.91,0.91,0.91,0.91,0.9100000262260436,0.91,0.9,0.9,0.9100000262260436,0.91,0.9,0.9100000262260436,0.91,0.9,0.800000011920929,0.8,0.800000011920929,0.8,0.8,0.8,0.8,0.79,0.800000011920929,0.8,0.79,0.79,0.79,0.9,0.9,0.9,0.9,0.89,0.78,0.77,0.77,0.78,0.78,0.78,0.77,0.77,0.78,0.77
0.1149099656357388,0.7786174075666905,0.1210211377324418,0.6957341536576158,0.5224786896989035,0.56292658484902,0.3149154182562575,0.722325,0.1556102409638554,0.7497881355932203,0.0567605560155126,0.6913913422428819,0.69,0.6798022627171101,0.7105296038584239,0.7790078694191778,0.2287143225141679,0.7540727793821138,0.5056001535372624,0.8050010615711253,0.1092967614998587,0.7765,0.1787812113761901,0.8249374032020569,0.4333833456039428,0.903596818447113,0.5861026644706726,0.5861026644706726,0.5861026644706726,0.3790002763271332,0.8498315215110779,0.4718329906463623,0.8479779958724976,0.2228718400001526,0.8101807832717896,0.070049799978733,0.8760011792182922,0.2857944667339325,0.8626323342323303,0.4936059415340423,0.8064819574356079,0.1959738284349441,0.1959738284349441,0.1959738284349441,0.3446813821792602,0.8460215330123901,0.3319811522960663,0.7060591578483582,0.4096941351890564,0.4096941351890564,0.4096941351890564,0.3971195220947265,0.8325477242469788,0.84,0.83,0.84,0.84,0.84,0.84,0.85,0.87,0.88,0.91,0.91,0.86,0.86,0.86,0.91,0.91,0.91,0.91,0.86,0.9,0.92,0.9,0.82,0.81,0.81,0.81,0.82,0.82,0.78,0.79,0.82,0.83,0.81,0.8,0.82,0.81,0.79,0.87,0.87,0.86,0.87,0.87,0.87,0.87,0.85,0.85,0.86,0.86,0.86,0.85,0.85,0.85,0.85,0.86,0.85,0.84,0.84,0.92,0.92,0.92,0.92,0.92,0.9200000166893004,0.92,0.9,0.91,0.9200000166893004,0.92,0.91,0.9200000166893004,0.91,0.91,0.800000011920929,0.8,0.800000011920929,0.8,0.8,0.8,0.8,0.8,0.800000011920929,0.8,0.8,0.8,0.8,0.91,0.91,0.91,0.91,0.9,0.79,0.78,0.78,0.8,0.79,0.78,0.78,0.78,0.8,0.78
0.0985712322042219,0.6514721969289945,0.2394028439042315,0.5981698213926586,0.4576193461734856,0.4632078624404026,0.2991542756117986,0.5925499999999999,0.2346740361445783,0.6410875706214689,0.0632303804087324,0.575222157660275,0.586,0.6216812345851959,0.82974204325655,0.7371533499059975,0.157440752189593,0.6308862802885842,0.6197497933152238,0.842795912951168,0.2370159566634532,0.6565,0.1723591089248657,0.7595508098602295,0.464750736951828,0.8845520615577698,0.6197200417518616,0.6197200417518616,0.6197200417518616,0.4971152544021606,0.7481905817985535,0.4786925613880157,0.8175469040870667,0.2470119446516037,0.7393574714660645,0.084176018834114,0.8046528100967407,0.2931030988693237,0.8176009654998779,0.596436619758606,0.7852243781089783,0.1932746171951294,0.1932746171951294,0.1932746171951294,0.3347797095775604,0.7898061275482178,0.4490182399749756,0.7158218622207642,0.3676740825176239,0.3676740825176239,0.3676740825176239,0.4706541299819946,0.7349952459335327,0.84,0.84,0.85,0.85,0.84,0.85,0.86,0.88,0.89,0.92,0.92,0.87,0.87,0.87,0.91,0.91,0.91,0.92,0.87,0.91,0.93,0.91,0.82,0.81,0.81,0.81,0.82,0.82,0.79,0.79,0.82,0.83,0.82,0.81,0.82,0.81,0.8,0.87,0.87,0.86,0.87,0.87,0.87,0.87,0.86,0.86,0.87,0.86,0.87,0.86,0.86,0.86,0.86,0.86,0.85,0.85,0.85,0.92,0.92,0.92,0.92,0.92,0.9200000166893004,0.92,0.91,0.91,0.9200000166893004,0.92,0.91,0.9200000166893004,0.92,0.91,0.8100000023841858,0.81,0.8100000023841858,0.81,0.81,0.81,0.81,0.81,0.8100000023841858,0.81,0.81,0.81,0.81,0.91,0.91,0.91,0.91,0.9,0.79,0.79,0.79,0.8,0.79,0.79,0.79,0.78,0.8,0.78
0.1150064801178203,0.3300481341650439,0.3647114704724877,0.381613389921433,0.4975524817773736,0.1951749072929542,0.2864858099934865,0.319075,0.2759579518072289,0.3327090395480226,0.0752526471741688,0.2512764219768868,0.625,0.3476617023229679,0.8916768569921374,0.6713251890967741,0.6326890777949511,0.3077790190117211,0.6578712058580372,0.7963580148619959,0.2827323772761014,0.335,0.1693911105394363,0.5570321679115295,0.464651882648468,0.7923570275306702,0.6479531526565552,0.6479531526565552,0.6479531526565552,0.5468452572822571,0.4311608672142029,0.483007550239563,0.6836882829666138,0.2590918242931366,0.5150521993637085,0.0943546593189239,0.519637942314148,0.3302131593227386,0.6693005561828613,0.6832365989685059,0.6816887855529785,0.1813691705465316,0.1813691705465316,0.1813691705465316,0.3159145712852478,0.5919995307922363,0.5647189617156982,0.6067423224449158,0.3393996357917785,0.3393996357917785,0.3393996357917785,0.5396988987922668,0.4125879406929016,0.83,0.83,0.83,0.84,0.84,0.84,0.85,0.87,0.88,0.92,0.92,0.87,0.86,0.86,0.92,0.92,0.91,0.92,0.86,0.91,0.93,0.91,0.78,0.78,0.78,0.78,0.78,0.78,0.77,0.77,0.78,0.77,0.78,0.79,0.78,0.78,0.79,0.85,0.84,0.84,0.84,0.85,0.84,0.84,0.87,0.87,0.87,0.86,0.87,0.86,0.87,0.87,0.86,0.86,0.85,0.85,0.85,0.92,0.92,0.92,0.92,0.92,0.9200000166893004,0.92,0.91,0.91,0.9200000166893004,0.92,0.91,0.9200000166893004,0.92,0.91,0.800000011920929,0.8,0.800000011920929,0.8,0.8,0.79,0.8,0.79,0.800000011920929,0.8,0.79,0.79,0.79,0.91,0.91,0.91,0.91,0.9,0.76,0.75,0.75,0.75,0.75,0.75,0.77,0.75,0.75,0.74
0.2643096710849288,0.0,0.5387233369645346,0.0914933473732576,0.4605250842985373,0.0,0.2220125616451102,0.0,0.3501930120481927,0.0,0.107542420149026,0.0,0.553,0.0149915835826591,0.929784546208144,0.3519179426064345,0.3740332302936631,0.0,0.7227900673201844,0.4870376857749469,0.2770776517095188,0.0,0.1825414597988128,0.1348795741796493,0.4464415907859802,0.4626514911651611,0.6664555668830872,0.6664555668830872,0.6664555668830872,0.6353361010551453,0.066151849925518,0.4773017466068268,0.291372537612915,0.2534472942352295,0.1198760867118835,0.1171960979700088,0.0933926105499267,0.325688898563385,0.2494602650403976,0.718704342842102,0.4059358239173889,0.1680027246475219,0.1680027246475219,0.1680027246475219,0.3009615242481231,0.1717711091041565,0.6695185899734497,0.3117940127849579,0.341304063796997,0.341304063796997,0.341304063796997,0.5777583122253418,0.0625041797757148,0.79,0.79,0.77,0.8,0.8,0.8,0.83,0.84,0.85,0.88,0.88,0.84,0.84,0.84,0.88,0.88,0.88,0.89,0.84,0.87,0.89,0.88,0.71,0.71,0.71,0.71,0.71,0.71,0.73,0.73,0.72,0.72,0.73,0.74,0.72,0.73,0.75,0.81,0.79,0.79,0.79,0.8,0.78,0.79,0.85,0.85,0.85,0.83,0.85,0.82,0.85,0.85,0.82,0.84,0.81,0.81,0.82,0.88,0.88,0.88,0.88,0.88,0.8799999952316284,0.88,0.88,0.88,0.8799999952316284,0.88,0.89,0.8799999952316284,0.89,0.88,0.7400000095367432,0.74,0.7400000095367432,0.74,0.74,0.73,0.74,0.73,0.7400000095367432,0.74,0.74,0.74,0.74,0.89,0.89,0.89,0.88,0.88,0.69,0.68,0.68,0.68,0.68,0.68,0.7,0.68,0.68,0.68
0.2119350024545901,0.0,0.7135000639621674,0.0117079592754613,0.5646340180433963,0.0,0.3731692565367079,0.0,0.4234234939759037,0.0,0.1968259619155518,0.0,0.504,0.0,0.9562917681931224,0.0682579301727554,0.7353601236476044,0.0,0.7432203850242118,0.0981847133757962,0.4068840950128082,0.0,0.2749360501766205,0.0,0.4787746965885162,0.0645357742905616,0.6877309679985046,0.6877309679985046,0.6877309679985046,0.7250858545303345,0.0,0.5022343993186951,0.0058716391213238,0.3572896718978882,0.0,0.1933519840240478,0.0,0.3525987863540649,0.0016347145428881,0.6945005655288696,0.0744515880942344,0.1564176082611084,0.1564176082611084,0.1564176082611084,0.3283855020999908,0.0,0.7332544326782227,0.0256280656903982,0.3058772385120392,0.3058772385120392,0.3058772385120392,0.6295188665390015,0.0,0.74,0.74,0.72,0.75,0.74,0.75,0.79,0.8,0.81,0.83,0.84,0.8,0.8,0.8,0.84,0.84,0.83,0.85,0.8,0.83,0.85,0.84,0.68,0.68,0.68,0.68,0.67,0.68,0.67,0.66,0.64,0.64,0.66,0.67,0.64,0.66,0.7,0.78,0.76,0.75,0.76,0.77,0.75,0.75,0.79,0.79,0.8,0.78,0.8,0.77,0.79,0.79,0.77,0.79,0.76,0.75,0.76,0.82,0.82,0.82,0.82,0.82,0.8199999928474426,0.82,0.83,0.84,0.8199999928474426,0.82,0.84,0.8199999928474426,0.84,0.83,0.6800000071525574,0.68,0.6800000071525574,0.68,0.68,0.68,0.68,0.68,0.6800000071525574,0.68,0.68,0.68,0.68,0.87,0.87,0.87,0.87,0.86,0.62,0.62,0.62,0.62,0.63,0.62,0.62,0.62,0.62,0.62
0.2123111438389788,0.0,0.7975384843683553,0.0,0.5410323580045979,0.0,0.4405334511956825,0.0,0.51672078313253,0.0,0.1901332955684343,0.0,0.257,0.0,0.9408659097189078,0.0,0.6263673364245235,0.0,0.8270697118223693,0.0,0.3561488628465054,0.0,0.3254830241203308,0.0,0.507453441619873,0.0,0.7145401835441589,0.7145401835441589,0.7145401835441589,0.6508044004440308,0.0,0.5612419247627258,0.0,0.4411764442920685,0.0,0.2456409931182861,0.0,0.3502783179283142,0.0,0.673875629901886,0.0,0.1395923942327499,0.1395923942327499,0.1395923942327499,0.3634626567363739,0.0,0.7652841210365295,0.0,0.2737641632556915,0.2737641632556915,0.2737641632556915,0.5728580355644226,0.0,0.71,0.71,0.7,0.72,0.71,0.72,0.75,0.76,0.76,0.78,0.79,0.76,0.76,0.75,0.8,0.79,0.78,0.81,0.76,0.78,0.8,0.8,0.66,0.65,0.66,0.65,0.65,0.65,0.61,0.61,0.59,0.59,0.6,0.6,0.59,0.6,0.63,0.75,0.73,0.72,0.73,0.74,0.72,0.72,0.75,0.75,0.75,0.73,0.75,0.72,0.75,0.74,0.72,0.74,0.72,0.72,0.72,0.78,0.78,0.78,0.78,0.78,0.7799999713897705,0.78,0.79,0.8,0.7799999713897705,0.78,0.8,0.7799999713897705,0.81,0.8,0.6499999761581421,0.65,0.6499999761581421,0.65,0.65,0.65,0.65,0.65,0.6499999761581421,0.65,0.65,0.65,0.65,0.86,0.86,0.85,0.86,0.84,0.59,0.59,0.59,0.58,0.59,0.6,0.59,0.6,0.58,0.59
0.2302523318605792,0.0,0.7834067287520221,0.0,0.3724657699854715,0.0,0.4222968270214943,0.0,0.6171754216867471,0.0,0.2050973462895986,0.0,0.342,0.0,0.9397609585772062,0.0,0.6489386913961875,0.0,0.805611580252746,0.0,0.155749558559546,0.0,0.3487740755081177,0.0,0.4399361312389374,0.0,0.7408601641654968,0.7408601641654968,0.7408601641654968,0.5643044114112854,0.0,0.5400803685188293,0.0,0.4927116334438324,0.0,0.2738408148288727,0.0,0.3191662132740021,0.0,0.5901115536689758,0.0,0.1248360425233841,0.1248360425233841,0.1248360425233841,0.3680604994297027,0.0,0.7430971264839172,0.0,0.2484184950590133,0.2484184950590133,0.2484184950590133,0.5281680822372437,0.0,0.68,0.68,0.68,0.69,0.69,0.7,0.72,0.72,0.73,0.74,0.76,0.72,0.72,0.72,0.76,0.76,0.74,0.77,0.72,0.74,0.75,0.76,0.64,0.63,0.64,0.63,0.63,0.63,0.58,0.58,0.56,0.57,0.57,0.57,0.56,0.57,0.58,0.73,0.71,0.7,0.71,0.72,0.7,0.7,0.73,0.73,0.73,0.7,0.73,0.7,0.73,0.72,0.7,0.71,0.69,0.69,0.69,0.75,0.75,0.75,0.75,0.75,0.75,0.75,0.76,0.78,0.75,0.75,0.77,0.75,0.79,0.77,0.6299999952316284,0.63,0.6299999952316284,0.63,0.63,0.63,0.63,0.63,0.6299999952316284,0.63,0.63,0.63,0.63,0.84,0.84,0.83,0.84,0.82,0.57,0.57,0.57,0.56,0.57,0.58,0.57,0.57,0.56,0.57
0.2059053510063819,0.0,0.7616608490466568,0.0,0.4696505294963294,0.0,0.5042834279333768,0.0,0.6162924096385543,0.0,0.158407860908972,0.0,0.388,0.0,0.8857422190961844,0.0,0.3952465224111283,0.0,0.7439587516239519,0.0,0.1867136864689415,0.0,0.3358293771743774,0.0,0.3777170181274414,0.0,0.7672931551933289,0.7672931551933289,0.7672931551933289,0.5176321864128113,0.0,0.4936347901821136,0.0,0.5210314989089966,0.0,0.3020916879177093,0.0,0.2668798267841339,0.0,0.5165976285934448,0.0,0.1190510541200637,0.1190510541200637,0.1190510541200637,0.3544651865959167,0.0,0.6886745691299438,0.0,0.2063059508800506,0.2063059508800506,0.2063059508800506,0.4961236715316772,0.0,0.67,0.67,0.68,0.68,0.68,0.68,0.69,0.69,0.7,0.72,0.74,0.69,0.69,0.69,0.73,0.74,0.71,0.75,0.69,0.71,0.72,0.74,0.62,0.62,0.63,0.62,0.62,0.62,0.55,0.55,0.54,0.55,0.54,0.54,0.54,0.55,0.55,0.72,0.69,0.69,0.69,0.7,0.68,0.68,0.7,0.7,0.7,0.68,0.7,0.68,0.7,0.7,0.67,0.68,0.67,0.67,0.67,0.73,0.73,0.73,0.73,0.73,0.7300000190734863,0.73,0.74,0.76,0.7300000190734863,0.73,0.75,0.7300000190734863,0.77,0.75,0.6100000143051147,0.61,0.6100000143051147,0.61,0.61,0.62,0.61,0.61,0.6100000143051147,0.61,0.61,0.61,0.61,0.83,0.83,0.82,0.83,0.81,0.55,0.56,0.56,0.55,0.56,0.56,0.55,0.56,0.55,0.55
0.3252441826215022,0.0,0.7569214083447277,0.0,0.6250139916800468,0.0,0.6954042058248813,0.0,0.6776598192771084,0.0,0.2877921478060046,0.0,0.225,0.0,0.810049561656912,0.0,0.190839258114374,0.0,0.7650524388803591,0.0,0.2356426651005968,0.0,0.2957115173339844,0.0,0.3312111794948578,0.0,0.8076527118682861,0.8076527118682861,0.8076527118682861,0.5388748645782471,0.0,0.4470249116420746,0.0,0.5555882453918457,0.0,0.3003890216350555,0.0,0.2063343822956085,0.0,0.4568895995616913,0.0,0.1146855950355529,0.1146855950355529,0.1146855950355529,0.3617689311504364,0.0,0.6368979215621948,0.0,0.1759458631277084,0.1759458631277084,0.1759458631277084,0.52952641248703,0.0,0.66,0.66,0.67,0.67,0.66,0.67,0.66,0.67,0.67,0.7,0.72,0.67,0.67,0.66,0.72,0.72,0.7,0.74,0.67,0.69,0.7,0.72,0.61,0.61,0.62,0.61,0.61,0.61,0.54,0.54,0.53,0.54,0.53,0.53,0.53,0.53,0.53,0.7,0.67,0.67,0.68,0.69,0.67,0.67,0.68,0.68,0.68,0.66,0.68,0.66,0.68,0.68,0.66,0.66,0.65,0.65,0.65,0.71,0.71,0.71,0.71,0.71,0.7099999785423279,0.71,0.72,0.74,0.7099999785423279,0.71,0.74,0.7099999785423279,0.75,0.74,0.6000000238418579,0.6,0.6000000238418579,0.6,0.6,0.61,0.6,0.6,0.6000000238418579,0.6,0.6,0.59,0.59,0.83,0.83,0.81,0.83,0.81,0.54,0.54,0.54,0.54,0.54,0.55,0.53,0.54,0.54,0.55
0.2529054491899852,0.0,0.7508681082074489,0.0,0.6510656998359188,0.0,0.6692735647157345,0.0,0.6020230722891566,0.0,0.2579087541940825,0.0,0.242,0.0,0.7096811776231505,0.0,0.2382913446676971,0.0,0.6186911243651826,0.0,0.3429342960361963,0.0,0.2482671737670898,0.0,0.291012704372406,0.0,0.843836784362793,0.843836784362793,0.843836784362793,0.5571703314781189,0.0,0.4115413427352905,0.0,0.5631127953529358,0.0,0.2911441028118133,0.0,0.1644575446844101,0.0,0.389146476984024,0.0,0.1260511726140976,0.1260511726140976,0.1260511726140976,0.3437385261058807,0.0,0.5624831914901733,0.0,0.1559928357601165,0.1559928357601165,0.1559928357601165,0.6042259335517883,0.0,0.66,0.66,0.67,0.66,0.66,0.67,0.64,0.65,0.65,0.68,0.71,0.65,0.65,0.65,0.71,0.71,0.68,0.73,0.65,0.67,0.69,0.72,0.62,0.61,0.62,0.62,0.61,0.61,0.52,0.53,0.52,0.54,0.52,0.52,0.52,0.53,0.52,0.7,0.67,0.66,0.67,0.68,0.66,0.66,0.67,0.67,0.66,0.64,0.66,0.65,0.67,0.66,0.64,0.64,0.64,0.64,0.64,0.7,0.7,0.7,0.7,0.7,0.699999988079071,0.7,0.71,0.73,0.699999988079071,0.7,0.73,0.699999988079071,0.74,0.72,0.5899999737739563,0.59,0.5899999737739563,0.59,0.59,0.61,0.59,0.6,0.5899999737739563,0.59,0.59,0.59,0.59,0.82,0.82,0.81,0.82,0.8,0.53,0.53,0.53,0.54,0.53,0.54,0.53,0.53,0.54,0.54
0.2772283750613648,0.0,0.7403361547179179,0.0,0.6925207293923242,0.0,0.7143321857262492,0.0,0.6238384939759036,0.0,0.2242067192470259,0.0,0.271,0.0,0.6850657640232108,0.0,0.2330497166409067,0.0,0.632765147041455,0.0,0.3666484325090263,0.0,0.2242790758609771,0.0,0.2501769959926605,0.0,0.8753705024719238,0.8753705024719238,0.8753705024719238,0.5999334454536438,0.0,0.3678110539913177,0.0,0.5852738618850708,0.0,0.2655602693557739,0.0,0.1436326950788498,0.0,0.3438311219215393,0.0,0.1408107578754425,0.1408107578754425,0.1408107578754425,0.3529544174671173,0.0,0.5066355466842651,0.0,0.1358371376991272,0.1358371376991272,0.1358371376991272,0.6235413551330566,0.0,0.66,0.66,0.67,0.66,0.66,0.66,0.63,0.64,0.65,0.68,0.72,0.64,0.64,0.64,0.71,0.71,0.68,0.73,0.64,0.67,0.69,0.72,0.62,0.62,0.63,0.62,0.61,0.61,0.52,0.52,0.52,0.53,0.52,0.52,0.52,0.52,0.52,0.69,0.66,0.66,0.66,0.68,0.66,0.66,0.66,0.66,0.65,0.63,0.65,0.64,0.66,0.65,0.63,0.63,0.64,0.63,0.63,0.7,0.7,0.7,0.7,0.7,0.699999988079071,0.7,0.71,0.72,0.699999988079071,0.7,0.72,0.699999988079071,0.74,0.72,0.5899999737739563,0.59,0.5899999737739563,0.59,0.59,0.62,0.59,0.6,0.5899999737739563,0.59,0.59,0.59,0.59,0.82,0.82,0.81,0.82,0.8,0.53,0.52,0.53,0.54,0.53,0.53,0.53,0.52,0.54,0.53
0.2856935689739813,0.0,0.6987508373309776,0.0,0.7735949539383165,0.0,0.6951261747464408,0.0,0.6261918674698794,0.0,0.1413328685345766,0.0,0.307,0.0,0.6478504107111458,0.0,0.2795734157650696,0.0,0.7157965631274359,0.0,0.3936132280451248,0.0,0.2033015340566635,0.0,0.2247266173362732,0.0,0.8984208106994629,0.8984208106994629,0.8984208106994629,0.6173843741416931,0.0,0.34087073802948,0.0,0.5884179472923279,0.0,0.2341438829898834,0.0,0.1224333196878433,0.0,0.3030180037021637,0.0,0.1662745922803878,0.1662745922803878,0.1662745922803878,0.3486362397670746,0.0,0.4831281006336212,0.0,0.1039416640996933,0.1039416640996933,0.1039416640996933,0.6293745636940002,0.0,0.67,0.66,0.68,0.67,0.66,0.67,0.63,0.65,0.65,0.69,0.72,0.65,0.64,0.64,0.71,0.72,0.69,0.74,0.64,0.68,0.69,0.72,0.63,0.63,0.64,0.63,0.62,0.62,0.52,0.53,0.52,0.54,0.52,0.52,0.52,0.53,0.52,0.69,0.66,0.66,0.67,0.68,0.66,0.67,0.65,0.65,0.64,0.63,0.64,0.64,0.65,0.64,0.63,0.62,0.63,0.63,0.63,0.7,0.7,0.7,0.7,0.7,0.699999988079071,0.7,0.71,0.73,0.699999988079071,0.7,0.73,0.699999988079071,0.74,0.72,0.6000000238418579,0.6,0.6000000238418579,0.6,0.6,0.63,0.6,0.61,0.6000000238418579,0.6,0.6,0.6,0.6,0.82,0.82,0.81,0.82,0.8,0.54,0.53,0.53,0.55,0.53,0.54,0.54,0.53,0.55,0.54
0.307762297496318,0.0,0.6229157020728502,0.0,0.7598152603092441,0.0,0.6450107937098725,0.0,0.548973734939759,0.0,0.0876370212209682,0.0,0.074,0.0,0.6902383380642567,0.0,0.2259283874291602,0.0,0.7310675563954177,0.0,0.3460812158151501,0.0,0.1692686676979065,0.0,0.204452246427536,0.0,0.9321102499961852,0.9321102499961852,0.9321102499961852,0.6042513847351074,0.0,0.3158555328845978,0.0,0.570503294467926,0.0,0.2060434520244598,0.0,0.1091470047831535,0.0,0.2722952961921692,0.0,0.1930772811174392,0.1930772811174392,0.1930772811174392,0.3408825397491455,0.0,0.475945383310318,0.0,0.0907939225435257,0.0907939225435257,0.0907939225435257,0.6237404942512512,0.0,0.67,0.67,0.68,0.68,0.67,0.68,0.65,0.66,0.67,0.71,0.74,0.66,0.66,0.66,0.73,0.74,0.71,0.75,0.66,0.69,0.71,0.74,0.65,0.64,0.65,0.65,0.64,0.64,0.53,0.54,0.54,0.55,0.54,0.53,0.54,0.54,0.54,0.7,0.68,0.68,0.68,0.69,0.68,0.68,0.65,0.65,0.64,0.63,0.64,0.64,0.65,0.64,0.64,0.63,0.64,0.64,0.64,0.72,0.72,0.72,0.72,0.72,0.7200000286102295,0.72,0.72,0.74,0.7200000286102295,0.72,0.74,0.7200000286102295,0.76,0.73,0.6100000143051147,0.61,0.6100000143051147,0.61,0.61,0.64,0.61,0.62,0.6100000143051147,0.61,0.61,0.61,0.61,0.83,0.83,0.82,0.83,0.81,0.55,0.54,0.54,0.56,0.54,0.55,0.55,0.54,0.56,0.55
0.3611883161512027,0.0,0.5576602786727766,0.0,0.7303884493262417,0.0,0.6796027728668466,0.0,0.6283137349397591,0.0,0.0591643208854416,0.0,0.038,0.0,0.6873290964354795,0.0,0.364339258114374,0.0,0.6924381126727295,0.0,0.3585476237526377,0.0,0.1483955085277557,0.0,0.1995639652013778,0.0,0.959154725074768,0.959154725074768,0.959154725074768,0.5699556469917297,0.0,0.281821459531784,0.0,0.5679546594619751,0.0,0.1806163340806961,0.0,0.1028388142585754,0.0,0.2465195655822754,0.0,0.1997703909873962,0.1997703909873962,0.1997703909873962,0.3315522074699402,0.0,0.4558430016040802,0.0,0.075473316013813,0.075473316013813,0.075473316013813,0.6376162767410278,0.0,0.69,0.68,0.69,0.69,0.69,0.69,0.66,0.68,0.69,0.74,0.77,0.68,0.67,0.67,0.75,0.76,0.73,0.77,0.67,0.72,0.74,0.76,0.68,0.68,0.68,0.68,0.68,0.68,0.56,0.56,0.57,0.57,0.57,0.57,0.57,0.57,0.59,0.72,0.71,0.71,0.71,0.72,0.71,0.71,0.66,0.66,0.65,0.65,0.65,0.66,0.66,0.65,0.65,0.64,0.66,0.66,0.65,0.75,0.75,0.75,0.75,0.75,0.75,0.75,0.74,0.76,0.75,0.75,0.76,0.75,0.78,0.75,0.6299999952316284,0.63,0.6299999952316284,0.63,0.63,0.65,0.63,0.64,0.6299999952316284,0.63,0.63,0.63,0.63,0.85,0.85,0.83,0.85,0.82,0.58,0.57,0.57,0.6,0.58,0.58,0.58,0.57,0.6,0.57
0.3204654884634266,0.0,0.4951382020005097,0.0,0.7132560126528195,0.0176642901289069,0.6382753326509722,0.0,0.6880452409638554,0.0002203389830508,0.0134493877728877,0.0003669055458712,0.043,0.0,0.6963529352658947,0.0,0.3029304482225657,0.0,0.653745305302941,0.0,0.4471743490837342,0.0,0.1338276714086532,0.0,0.2031904906034469,0.0,0.9642971754074096,0.9642971754074096,0.9642971754074096,0.5324016213417053,0.0092222243547439,0.2534088492393493,0.0,0.5765632390975952,0.0003190359857399,0.1544217765331268,0.0005767629481852,0.0967645049095153,0.0,0.201536014676094,0.0,0.2092518657445907,0.2092518657445907,0.2092518657445907,0.3047330975532532,0.0,0.3970930576324463,0.0,0.0588459707796573,0.0588459707796573,0.0588459707796573,0.6706153154373169,0.0127573199570178,0.72,0.72,0.72,0.73,0.72,0.73,0.71,0.73,0.74,0.78,0.8,0.73,0.72,0.72,0.79,0.8,0.78,0.81,0.72,0.77,0.78,0.79,0.73,0.72,0.73,0.72,0.73,0.73,0.64,0.64,0.65,0.66,0.65,0.65,0.66,0.65,0.66,0.76,0.76,0.77,0.76,0.76,0.77,0.77,0.68,0.68,0.68,0.7,0.68,0.72,0.68,0.68,0.71,0.69,0.72,0.71,0.71,0.79,0.79,0.79,0.79,0.79,0.7900000214576721,0.79,0.78,0.79,0.7900000214576721,0.79,0.79,0.7900000214576721,0.81,0.79,0.6899999976158142,0.69,0.6899999976158142,0.69,0.69,0.7,0.69,0.68,0.6899999976158142,0.69,0.68,0.68,0.68,0.86,0.86,0.85,0.86,0.84,0.64,0.63,0.63,0.65,0.63,0.63,0.65,0.63,0.65,0.63
0.2876305351006381,0.0936400562581126,0.4315714111418511,0.0335571098563366,0.6653749970889911,0.3480931043616458,0.6296466921001209,0.1054499999999999,0.7231048795180722,0.2079209039548022,0.0061767397272212,0.2628691652140228,0.021,0.0674188519468937,0.7110647341053532,0.012853845882855,0.332123390005152,0.1326625024532914,0.6112397543403805,0.0045061040339702,0.5031812638365024,0.21,0.1149313673377037,0.1309306919574737,0.2014303803443908,0.007871993817389,0.9674364924430848,0.9674364924430848,0.9674364924430848,0.4953179955482483,0.2546918094158172,0.2250767648220062,0.0589425228536129,0.5960109829902649,0.1939318925142288,0.1305959373712539,0.1748882383108139,0.0940414667129516,0.0697218552231788,0.1932321190834045,0.0102287083864212,0.2296601235866546,0.2296601235866546,0.2296601235866546,0.3105229139328003,0.1386301219463348,0.3077627122402191,0.0191845726221799,0.0376379340887069,0.0376379340887069,0.0376379340887069,0.6749755144119263,0.2658528685569763,0.74,0.74,0.73,0.75,0.74,0.75,0.75,0.78,0.79,0.84,0.86,0.77,0.77,0.77,0.85,0.85,0.84,0.86,0.77,0.83,0.85,0.85,0.75,0.75,0.76,0.75,0.76,0.75,0.67,0.67,0.7,0.71,0.7,0.69,0.7,0.7,0.7,0.78,0.79,0.79,0.79,0.78,0.79,0.79,0.71,0.71,0.73,0.76,0.73,0.77,0.71,0.72,0.76,0.75,0.76,0.76,0.75,0.84,0.84,0.84,0.84,0.84,0.8399999737739563,0.84,0.83,0.84,0.8399999737739563,0.84,0.85,0.8399999737739563,0.86,0.84,0.7200000286102295,0.72,0.7200000286102295,0.72,0.72,0.72,0.72,0.71,0.7200000286102295,0.72,0.71,0.71,0.71,0.88,0.88,0.87,0.88,0.86,0.67,0.66,0.66,0.68,0.66,0.66,0.66,0.66,0.68,0.65
0.325940206185567,0.5924968109934514,0.3365099826088724,0.418368220554814,0.4495223756719851,0.7335401951262582,0.621999813901554,0.5178499999999999,0.7197159036144578,0.634918079096045,0.0086436010283672,0.696523694234618,0.008,0.5155006301662606,0.7544785350046472,0.2807035073352475,0.3470370942812983,0.5953010803270632,0.6333668654777371,0.3001589702760086,0.5210042094155616,0.6665000000000001,0.0949665829539299,0.5944839715957642,0.1905441135168075,0.2983418107032776,0.9652870893478394,0.9652870893478394,0.9652870893478394,0.3705593645572662,0.6713685393333435,0.195932075381279,0.4507763087749481,0.5778782367706299,0.6060833930969238,0.0923229753971099,0.6316838264465332,0.0893012061715126,0.4902825653553009,0.1768465042114257,0.2774096727371216,0.2504225969314575,0.2504225969314575,0.2504225969314575,0.2631626725196838,0.5753399729728699,0.2479447126388549,0.2886902689933777,0.0244686212390661,0.0244686212390661,0.0244686212390661,0.5323117971420288,0.6860496997833252,0.75,0.75,0.74,0.77,0.76,0.77,0.77,0.8,0.81,0.87,0.88,0.79,0.79,0.79,0.87,0.88,0.87,0.88,0.79,0.86,0.87,0.87,0.77,0.76,0.77,0.77,0.77,0.77,0.69,0.69,0.71,0.71,0.71,0.71,0.71,0.71,0.71,0.8,0.81,0.81,0.81,0.8,0.81,0.81,0.75,0.75,0.76,0.78,0.77,0.79,0.75,0.76,0.78,0.78,0.78,0.77,0.77,0.87,0.87,0.87,0.87,0.87,0.8700000047683716,0.87,0.86,0.87,0.8700000047683716,0.87,0.87,0.8700000047683716,0.88,0.87,0.7400000095367432,0.74,0.7400000095367432,0.74,0.74,0.74,0.74,0.73,0.7400000095367432,0.74,0.73,0.72,0.72,0.89,0.88,0.88,0.88,0.87,0.7,0.69,0.69,0.71,0.7,0.69,0.68,0.69,0.71,0.67
0.1214920962199312,0.9022101297114704,0.2128327287151637,0.8211231474411657,0.2281536473961153,0.8744814144446408,0.4667528612636084,0.86635,0.78501,0.8883333333333332,0.003065493049806,0.8589737878494416,0.133,0.8808275401950529,0.6210744806450802,0.671899565407926,0.1834580113343637,0.8960584149700859,0.5122362997519784,0.7337186836518048,0.4232452781758582,0.8945000000000001,0.0464253276586532,0.878505527973175,0.1467100530862808,0.7631034851074219,0.9681077003479004,0.9681077003479004,0.9681077003479004,0.1454336494207382,0.8807785511016846,0.1070827469229698,0.833698034286499,0.503797709941864,0.8629412055015564,0.0416285209357738,0.8746950626373291,0.0520414970815181,0.8532931208610535,0.1051277443766594,0.665328860282898,0.2665586769580841,0.2665586769580841,0.2665586769580841,0.1851748824119568,0.8729889988899231,0.1462563425302505,0.6180703043937683,0.0106404339894652,0.0106404339894652,0.0106404339894652,0.2744545340538025,0.8863388299942017,0.76,0.76,0.74,0.78,0.77,0.78,0.79,0.82,0.83,0.89,0.9,0.81,0.81,0.81,0.89,0.89,0.88,0.9,0.81,0.88,0.89,0.88,0.78,0.78,0.78,0.78,0.79,0.78,0.71,0.71,0.72,0.72,0.72,0.73,0.72,0.73,0.73,0.82,0.82,0.82,0.82,0.82,0.83,0.83,0.78,0.78,0.79,0.8,0.79,0.8,0.78,0.79,0.8,0.8,0.79,0.79,0.78,0.89,0.89,0.89,0.89,0.89,0.8899999856948853,0.89,0.88,0.89,0.8899999856948853,0.89,0.89,0.8899999856948853,0.9,0.89,0.75,0.75,0.75,0.75,0.75,0.75,0.75,0.74,0.75,0.75,0.74,0.74,0.74,0.89,0.89,0.88,0.89,0.88,0.71,0.71,0.71,0.72,0.72,0.7,0.7,0.71,0.72,0.69
0.1272540991654393,0.945250109601696,0.0853990169771274,0.9307361596671592,0.2649972294169223,0.8908881555712521,0.492319717130362,0.9303750000000002,0.7731351807228917,0.9093107344632768,0.0,0.8714413454709795,0.193,0.938221802886258,0.4675677861790047,0.8456027926252805,0.2752658423493045,0.9309207702158208,0.4120620644856502,0.8794904458598728,0.4417246466359458,0.9165,0.0317360311746597,0.9278354048728944,0.0763375461101532,0.9421947598457336,0.9673652052879332,0.9673652052879332,0.9673652052879332,0.1330918669700622,0.9282537698745728,0.0838232785463333,0.9516448974609376,0.5268504023551941,0.9137471318244934,0.0296997725963592,0.929267168045044,0.0389501042664051,0.955394685268402,0.0699415430426597,0.8485711216926575,0.2771714329719543,0.2771714329719543,0.2771714329719543,0.1631870418787002,0.9312766790390016,0.1000648289918899,0.7596017718315125,0.002767086494714,0.002767086494714,0.002767086494714,0.2673120498657226,0.9249194264411926,0.77,0.77,0.75,0.79,0.78,0.79,0.8,0.83,0.84,0.9,0.91,0.82,0.82,0.82,0.9,0.9,0.9,0.91,0.82,0.89,0.9,0.89,0.79,0.79,0.78,0.79,0.79,0.79,0.72,0.72,0.73,0.73,0.74,0.74,0.73,0.74,0.75,0.83,0.83,0.84,0.84,0.83,0.84,0.84,0.8,0.8,0.81,0.82,0.81,0.81,0.8,0.81,0.81,0.82,0.8,0.8,0.8,0.91,0.91,0.91,0.91,0.91,0.9100000262260436,0.91,0.89,0.9,0.9100000262260436,0.91,0.9,0.9100000262260436,0.91,0.9,0.7699999809265137,0.77,0.7699999809265137,0.77,0.77,0.76,0.77,0.76,0.7699999809265137,0.77,0.75,0.75,0.75,0.9,0.89,0.89,0.89,0.89,0.74,0.73,0.73,0.76,0.74,0.72,0.72,0.73,0.76,0.7
0.1791183112420225,0.9268605412837788,0.023001160090909,0.906442570562598,0.3638027677296853,0.8685546530107718,0.4502926398064576,0.912225,0.7129803614457831,0.87614406779661,0.0012288117129286,0.8424727871392601,0.336,0.9264765143505288,0.3572176643472581,0.8784252450394289,0.209640391550747,0.9067399888446294,0.3414843805361994,0.8915092887473463,0.4535320160411633,0.8905000000000001,0.0258564446121454,0.9327763319015504,0.0678238496184349,0.9646266102790833,0.9685907959938048,0.9685907959938048,0.9685907959938048,0.1935628950595855,0.9156866669654846,0.0922639444470405,0.9513830542564392,0.5390118360519409,0.8915818929672241,0.0220690071582794,0.9251774549484252,0.0479345917701721,0.9564536213874816,0.0518887564539909,0.8661478757858276,0.2845295071601867,0.2845295071601867,0.2845295071601867,0.1651491224765777,0.928113043308258,0.1035862192511558,0.7923110723495483,0.0021758591756224,0.0021758591756224,0.0021758591756224,0.3195908665657043,0.9095105528831482,0.78,0.77,0.76,0.8,0.79,0.8,0.81,0.85,0.86,0.91,0.92,0.84,0.83,0.83,0.91,0.91,0.91,0.92,0.83,0.91,0.91,0.9,0.8,0.79,0.79,0.79,0.8,0.8,0.74,0.74,0.74,0.73,0.75,0.75,0.74,0.75,0.77,0.84,0.85,0.85,0.85,0.85,0.85,0.85,0.81,0.81,0.82,0.83,0.82,0.81,0.81,0.82,0.82,0.83,0.81,0.81,0.81,0.93,0.93,0.93,0.93,0.93,0.9300000071525574,0.93,0.91,0.91,0.9300000071525574,0.93,0.92,0.9300000071525574,0.92,0.91,0.7799999713897705,0.78,0.7799999713897705,0.78,0.78,0.77,0.78,0.77,0.7799999713897705,0.78,0.76,0.76,0.76,0.9,0.89,0.89,0.89,0.89,0.75,0.74,0.74,0.76,0.75,0.72,0.73,0.74,0.76,0.71
0.1444359351988218,0.9016204238213784,0.0106940794499238,0.8759120904919171,0.4153574665649515,0.8569608202366239,0.3923346050060481,0.8599749999999999,0.7045015060240964,0.8300790960451977,0.0008031722515142,0.837201400994254,0.351,0.8912971502490279,0.2657676656032555,0.8520541435962896,0.369226429675425,0.8723711448465751,0.2893890398015826,0.8619952229299364,0.5416467725570017,0.857,0.0264000855386257,0.9078371524810792,0.0577397942543029,0.948136270046234,0.9731050729751588,0.9731050729751588,0.9731050729751588,0.3090412020683288,0.9077229499816896,0.1073154062032699,0.9187777042388916,0.5574055910110474,0.8530150651931763,0.0197005607187747,0.9212133288383484,0.0850032642483711,0.936730682849884,0.043196965008974,0.8450342416763306,0.2976600229740143,0.2976600229740143,0.2976600229740143,0.1886320561170578,0.9033227562904358,0.0932724103331565,0.7887954711914062,0.0009801243431866,0.0009801243431866,0.0009801243431866,0.3990184664726257,0.8961922526359558,0.78,0.78,0.76,0.8,0.79,0.81,0.82,0.85,0.86,0.92,0.93,0.85,0.84,0.84,0.92,0.92,0.91,0.92,0.84,0.91,0.92,0.91,0.8,0.8,0.79,0.8,0.8,0.8,0.75,0.76,0.75,0.74,0.76,0.76,0.75,0.76,0.78,0.85,0.85,0.85,0.85,0.85,0.85,0.85,0.82,0.82,0.83,0.84,0.83,0.82,0.82,0.83,0.83,0.84,0.81,0.82,0.82,0.93,0.93,0.93,0.93,0.93,0.9300000071525574,0.93,0.92,0.92,0.9300000071525574,0.93,0.92,0.9300000071525574,0.92,0.92,0.7900000214576721,0.79,0.7900000214576721,0.79,0.79,0.78,0.79,0.78,0.7900000214576721,0.79,0.77,0.77,0.77,0.9,0.9,0.9,0.9,0.89,0.76,0.75,0.75,0.77,0.76,0.73,0.74,0.75,0.77,0.72
0.1612422189494354,0.8777906071411394,0.0291503086708658,0.8659471605342,0.5136700017049517,0.8405082774147979,0.3151915883502373,0.8287499999999999,0.7060682530120481,0.7959011299435028,0.0011155170159919,0.8151783523791076,0.607,0.8515458324769973,0.1453460272802632,0.808137399256218,0.3140206079340547,0.8379641664152293,0.2075863942364474,0.8272292993630574,0.432144416902455,0.8305,0.0299001485109329,0.881409227848053,0.0584076009690761,0.9176419377326964,0.9764646291732788,0.9764646291732788,0.9764646291732788,0.4072490632534027,0.8976230025291443,0.1310038566589355,0.8762943744659424,0.572260856628418,0.8174210786819458,0.0223523080348968,0.9050108194351196,0.1234509870409965,0.8970636129379272,0.0398975908756256,0.8177581429481506,0.3172690570354461,0.3172690570354461,0.3172690570354461,0.2426207810640335,0.868251383304596,0.0806670114398002,0.766997218132019,0.0012194676091894,0.0012194676091894,0.0012194676091894,0.4816321134567261,0.8880016207695007,0.79,0.79,0.77,0.81,0.8,0.81,0.82,0.86,0.87,0.93,0.93,0.85,0.84,0.84,0.92,0.93,0.92,0.93,0.84,0.92,0.93,0.91,0.81,0.8,0.8,0.8,0.8,0.8,0.77,0.77,0.76,0.75,0.76,0.77,0.76,0.76,0.8,0.86,0.86,0.86,0.86,0.86,0.86,0.86,0.83,0.83,0.84,0.85,0.84,0.82,0.83,0.84,0.84,0.85,0.82,0.83,0.83,0.93,0.93,0.93,0.93,0.93,0.9300000071525574,0.93,0.92,0.92,0.9300000071525574,0.93,0.93,0.9300000071525574,0.92,0.92,0.7900000214576721,0.79,0.7900000214576721,0.79,0.79,0.79,0.79,0.78,0.7900000214576721,0.79,0.78,0.78,0.78,0.9,0.9,0.9,0.9,0.9,0.76,0.76,0.76,0.76,0.76,0.74,0.75,0.76,0.76,0.73
0.3009189985272459,0.863382033055225,0.0411086394256782,0.842352819109705,0.5939537488461845,0.8391137206427689,0.28377556527403,0.802475,0.6522356626506024,0.7923389830508475,0.0247121878948973,0.7919175543934405,0.691,0.7896652779203387,0.0702676028033861,0.7815442895535056,0.3880383822771767,0.8337345913706187,0.1734869493327034,0.805954617834395,0.3622919198834282,0.827,0.0624549612402915,0.8583782911300659,0.0626138374209404,0.8941607475280762,0.9781813621520996,0.9781813621520996,0.9781813621520996,0.4902174174785614,0.891482949256897,0.1586683243513107,0.8442432284355164,0.586275577545166,0.8013921976089478,0.0368743576109409,0.8925237655639648,0.1911243051290512,0.8723307847976685,0.0428484492003917,0.792725682258606,0.3391842246055603,0.3391842246055603,0.3391842246055603,0.2964584231376648,0.8536432385444641,0.0760404765605926,0.7301669716835022,0.0019254148937761,0.0019254148937761,0.0019254148937761,0.547258734703064,0.8841893076896667,0.8,0.8,0.78,0.82,0.81,0.82,0.83,0.86,0.87,0.93,0.93,0.86,0.85,0.85,0.93,0.93,0.92,0.93,0.85,0.92,0.93,0.91,0.82,0.81,0.81,0.81,0.81,0.81,0.79,0.79,0.78,0.77,0.78,0.78,0.77,0.78,0.81,0.86,0.86,0.86,0.86,0.86,0.86,0.86,0.84,0.84,0.85,0.86,0.85,0.83,0.84,0.85,0.85,0.86,0.83,0.83,0.84,0.93,0.93,0.93,0.93,0.93,0.9300000071525574,0.93,0.92,0.92,0.9300000071525574,0.93,0.93,0.9300000071525574,0.93,0.93,0.800000011920929,0.8,0.800000011920929,0.8,0.8,0.79,0.8,0.79,0.800000011920929,0.8,0.79,0.79,0.79,0.9,0.9,0.9,0.9,0.9,0.77,0.77,0.77,0.78,0.77,0.76,0.76,0.77,0.78,0.74
0.2733303878252332,0.8168460235395989,0.0900834149874566,0.8249313480747822,0.5933588282636251,0.8286279577962212,0.2736520889550572,0.8034250000000001,0.6012466867469879,0.7976779661016951,0.0301754324807181,0.7901917812641228,0.681,0.7904546796835408,0.0562541385113919,0.7838216688083162,0.0835669757856775,0.7896867120496985,0.1744857978032361,0.8235122080679406,0.4469894224489085,0.8245,0.0935205295681953,0.8204952478408813,0.0779232457280159,0.8763022422790527,0.9792388081550598,0.9792388081550598,0.9792388081550598,0.5897623896598816,0.8758018016815186,0.1835964918136596,0.8305813670158386,0.5901597142219543,0.7894482612609863,0.0524884797632694,0.8842698931694031,0.2815307974815368,0.8554668426513672,0.0521443076431751,0.7982273697853088,0.3713801503181457,0.3713801503181457,0.3713801503181457,0.3282667696475982,0.8342533707618713,0.0818872600793838,0.7237043976783752,0.0078369434922933,0.0078369434922933,0.0078369434922933,0.610979437828064,0.8803646564483643,0.81,0.81,0.79,0.83,0.82,0.83,0.84,0.86,0.87,0.92,0.93,0.86,0.85,0.85,0.93,0.93,0.92,0.93,0.85,0.91,0.93,0.92,0.82,0.82,0.81,0.82,0.82,0.82,0.8,0.8,0.79,0.79,0.79,0.8,0.79,0.79,0.83,0.86,0.86,0.86,0.86,0.86,0.86,0.86,0.85,0.85,0.85,0.86,0.85,0.84,0.85,0.85,0.86,0.87,0.83,0.84,0.85,0.94,0.94,0.94,0.94,0.94,0.9399999976158142,0.94,0.93,0.93,0.9399999976158142,0.94,0.93,0.9399999976158142,0.93,0.93,0.800000011920929,0.8,0.800000011920929,0.8,0.8,0.8,0.8,0.8,0.800000011920929,0.8,0.8,0.79,0.79,0.91,0.9,0.9,0.9,0.9,0.78,0.77,0.77,0.79,0.78,0.76,0.76,0.77,0.79,0.76
0.1308443789887088,0.7987947667867994,0.2098452355863944,0.7895924525503301,0.7144708844527461,0.7893738301253754,0.3127738903880152,0.756525,0.5867910240963855,0.7864265536723164,0.0406710532049326,0.7498898895990702,0.669,0.7275704203444775,0.0430556406842673,0.7781958626483336,0.4017735703245749,0.7463986321696598,0.1801917739459076,0.8581462314225055,0.3787342816626243,0.8025,0.1064176931977272,0.7853826284408569,0.0952977985143661,0.872062623500824,0.9799070358276368,0.9799070358276368,0.9799070358276368,0.6162499785423279,0.8361425399780273,0.1963573694229126,0.8029223084449768,0.5810427665710449,0.7647919058799744,0.0618775151669979,0.8480773568153381,0.2735481858253479,0.8152264952659607,0.0624094307422637,0.8138558864593506,0.4188449680805206,0.4188449680805206,0.4188449680805206,0.337294727563858,0.8039271831512451,0.0896891206502914,0.7176827192306519,0.0243489276617765,0.0243489276617765,0.0243489276617765,0.6173000931739807,0.85808926820755,0.82,0.82,0.8,0.84,0.83,0.84,0.85,0.87,0.88,0.93,0.93,0.87,0.86,0.86,0.93,0.93,0.93,0.93,0.86,0.92,0.94,0.92,0.83,0.83,0.82,0.83,0.83,0.83,0.81,0.82,0.8,0.8,0.81,0.81,0.8,0.81,0.84,0.87,0.87,0.87,0.87,0.87,0.87,0.87,0.86,0.86,0.86,0.87,0.86,0.84,0.86,0.86,0.86,0.88,0.84,0.85,0.85,0.94,0.94,0.94,0.94,0.94,0.9399999976158142,0.94,0.93,0.93,0.9399999976158142,0.94,0.94,0.9399999976158142,0.93,0.94,0.8100000023841858,0.81,0.8100000023841858,0.81,0.81,0.8,0.81,0.8,0.8100000023841858,0.81,0.8,0.8,0.8,0.9,0.9,0.9,0.9,0.9,0.79,0.78,0.78,0.8,0.79,0.77,0.77,0.78,0.8,0.77
0.2156371134020618,0.6594943453285081,0.349158964306179,0.6988626110389347,0.6566491564170104,0.6445516952145506,0.3183106913557272,0.6646000000000001,0.6180130722891566,0.6885593220338982,0.0894557497058695,0.621425237265156,0.619,0.6241428747225725,0.0416816800221055,0.8071838399071685,0.3794234930448222,0.6495499778406202,0.1809968406755639,0.8583426220806796,0.3924416820389615,0.7005,0.0926645621657371,0.71056067943573,0.1022844165563583,0.8506590127944946,0.9782711267471312,0.9782711267471312,0.9782711267471312,0.644909679889679,0.7350911498069763,0.1998101472854614,0.7617624998092651,0.5745314955711365,0.6956439018249512,0.08852319419384,0.7758427262306213,0.2495636194944381,0.7662875056266785,0.0713540837168693,0.8127351403236389,0.4774870276451111,0.4774870276451111,0.4774870276451111,0.3120595514774322,0.7465559244155884,0.0971981212496757,0.7095999717712402,0.0316681005060672,0.0316681005060672,0.0316681005060672,0.6377378106117249,0.7522381544113159,0.83,0.83,0.82,0.85,0.84,0.85,0.85,0.88,0.89,0.93,0.93,0.87,0.87,0.87,0.92,0.92,0.92,0.93,0.87,0.92,0.94,0.92,0.83,0.83,0.83,0.83,0.83,0.83,0.82,0.83,0.81,0.8,0.82,0.83,0.81,0.82,0.86,0.87,0.87,0.87,0.87,0.87,0.87,0.87,0.87,0.87,0.87,0.87,0.87,0.85,0.87,0.87,0.87,0.88,0.85,0.85,0.86,0.94,0.94,0.94,0.94,0.94,0.9399999976158142,0.94,0.94,0.94,0.9399999976158142,0.94,0.94,0.9399999976158142,0.93,0.94,0.8100000023841858,0.81,0.8100000023841858,0.81,0.81,0.8,0.81,0.8,0.8100000023841858,0.81,0.8,0.8,0.8,0.9,0.9,0.91,0.9,0.91,0.78,0.78,0.78,0.79,0.78,0.77,0.77,0.78,0.79,0.77
0.4155782032400589,0.3720808360270276,0.4624429784936777,0.4358734475854339,0.5826188600731627,0.2616649081758785,0.3090183306969386,0.3653249999999999,0.5946335542168675,0.3716949152542373,0.1399084927447819,0.2670525857059849,0.417,0.3727394379703784,0.0633912934261096,0.6708309405163604,0.475052035033488,0.3127088694994035,0.1972647041455061,0.7713734076433123,0.5458303601873402,0.381,0.0870763882994651,0.5077903866767883,0.1100935935974121,0.7431526780128479,0.9755171537399292,0.9755171537399292,0.9755171537399292,0.7062160968780518,0.4306339919567108,0.1959724426269531,0.6160635352134705,0.5797579288482666,0.4739721715450287,0.1303611248731613,0.4997765719890594,0.2533716857433319,0.5977998971939087,0.0826442018151283,0.7396283149719238,0.5301130414009094,0.5301130414009094,0.5301130414009094,0.3034843206405639,0.5491487979888916,0.1051948517560958,0.6018297672271729,0.0372149609029293,0.0372149609029293,0.0372149609029293,0.6716904044151306,0.4174946248531341,0.83,0.83,0.82,0.84,0.84,0.85,0.85,0.88,0.89,0.93,0.93,0.87,0.87,0.87,0.92,0.92,0.92,0.93,0.87,0.92,0.93,0.92,0.8,0.8,0.8,0.8,0.8,0.8,0.81,0.81,0.8,0.79,0.81,0.82,0.8,0.82,0.84,0.85,0.84,0.84,0.85,0.85,0.84,0.84,0.87,0.87,0.88,0.87,0.88,0.85,0.87,0.88,0.87,0.88,0.85,0.85,0.86,0.94,0.94,0.94,0.94,0.94,0.9399999976158142,0.94,0.94,0.94,0.9399999976158142,0.94,0.94,0.9399999976158142,0.93,0.94,0.7900000214576721,0.79,0.7900000214576721,0.79,0.79,0.78,0.79,0.78,0.7900000214576721,0.79,0.79,0.78,0.78,0.9,0.9,0.9,0.9,0.9,0.75,0.74,0.74,0.76,0.75,0.74,0.74,0.74,0.76,0.73
0.5940905252822779,0.0,0.5117190562287205,0.0866021866943721,0.6278651256096719,0.0,0.2668128780124685,0.0,0.5482951807228915,0.0,0.2207009455749706,0.0,0.373,0.012909158991309,0.0889444095556281,0.3753146777905125,0.0820085007727975,0.0,0.2336990079130743,0.4674861995753716,0.4644874152729943,0.0,0.1058978587388992,0.1091668531298637,0.1171821430325508,0.4140368402004242,0.9738134145736694,0.9738134145736694,0.9738134145736694,0.7604013085365295,0.0594866834580898,0.1892552822828292,0.2421132922172546,0.5743204355239868,0.0969824343919754,0.1799099296331405,0.0829045176506042,0.2407883405685424,0.202299103140831,0.0965541303157806,0.4452276527881622,0.5834088325500488,0.5834088325500488,0.5834088325500488,0.3111390769481659,0.1436880975961685,0.1100634634494781,0.3234430253505707,0.0392060615122318,0.0392060615122318,0.0392060615122318,0.6904758810997009,0.0568771064281463,0.8,0.79,0.79,0.81,0.8,0.81,0.83,0.85,0.86,0.89,0.89,0.84,0.84,0.84,0.89,0.89,0.88,0.9,0.84,0.88,0.9,0.89,0.73,0.73,0.73,0.73,0.73,0.73,0.77,0.77,0.76,0.74,0.77,0.78,0.76,0.78,0.81,0.8,0.78,0.78,0.79,0.79,0.78,0.78,0.85,0.85,0.86,0.85,0.86,0.82,0.85,0.85,0.84,0.86,0.82,0.82,0.83,0.92,0.92,0.92,0.92,0.92,0.9200000166893004,0.92,0.91,0.91,0.9200000166893004,0.92,0.91,0.9200000166893004,0.91,0.91,0.7400000095367432,0.74,0.7400000095367432,0.74,0.74,0.72,0.74,0.73,0.7400000095367432,0.74,0.74,0.74,0.73,0.88,0.88,0.89,0.88,0.89,0.69,0.68,0.68,0.7,0.68,0.67,0.68,0.68,0.7,0.67
0.3019984290623466,0.0,0.6141870612466519,0.0110303879770978,0.8411190667216206,0.0,0.3424805061877733,0.0,0.5560700602409638,0.0,0.3488860081049283,0.0,0.318,0.0,0.1640160265266648,0.0782331869447932,0.0671115404430705,0.0,0.2788623479390575,0.0931143842887473,0.6132144846246281,0.0,0.1735073626041412,0.0,0.1738058030605316,0.0551425404846668,0.9728928804397584,0.9728928804397584,0.9728928804397584,0.7671072483062744,0.0,0.2378215938806533,0.0041585164144635,0.6515942811965942,0.0,0.2636943757534027,0.0,0.2800233364105224,0.0007919492200016,0.1359749883413314,0.0841829776763916,0.6225306391716003,0.6225306391716003,0.6225306391716003,0.3521219193935394,0.0,0.1329131722450256,0.0451377183198928,0.0428651310503482,0.0428651310503482,0.0428651310503482,0.6956778168678284,0.0,0.75,0.75,0.75,0.77,0.76,0.77,0.8,0.81,0.82,0.84,0.84,0.81,0.81,0.81,0.84,0.84,0.84,0.85,0.81,0.84,0.85,0.84,0.68,0.68,0.68,0.68,0.68,0.68,0.72,0.73,0.73,0.71,0.74,0.75,0.72,0.74,0.78,0.77,0.75,0.75,0.75,0.76,0.74,0.75,0.79,0.79,0.8,0.8,0.8,0.77,0.79,0.8,0.79,0.81,0.76,0.76,0.77,0.88,0.88,0.88,0.88,0.88,0.8799999952316284,0.88,0.86,0.86,0.8799999952316284,0.88,0.86,0.8799999952316284,0.87,0.86,0.6800000071525574,0.68,0.6800000071525574,0.68,0.68,0.68,0.68,0.68,0.6800000071525574,0.68,0.68,0.68,0.68,0.87,0.87,0.87,0.87,0.87,0.65,0.64,0.64,0.66,0.64,0.62,0.64,0.64,0.66,0.61
0.3148417280314187,0.0,0.6197008444114215,0.0,0.7230137253807241,0.0,0.2935917000093048,0.0,0.6037265060240963,0.0,0.3785962787049545,0.0,0.173,0.0,0.3768739732221357,0.0,0.12706980937661,0.0,0.3306111078304005,0.0,0.5522480520299338,0.0,0.2083177119493484,0.0,0.2327073663473129,0.0,0.971430003643036,0.971430003643036,0.971430003643036,0.6725663542747498,0.0,0.2750704884529114,0.0,0.639891505241394,0.0,0.2986148595809936,0.0,0.3199479281902313,0.0,0.2077012807130813,0.0,0.6396370530128479,0.6396370530128479,0.6396370530128479,0.3190198838710785,0.0,0.1921657174825668,0.0,0.0437072925269603,0.0437072925269603,0.0437072925269603,0.7387056946754456,0.0,0.73,0.73,0.73,0.74,0.74,0.74,0.76,0.77,0.78,0.8,0.79,0.77,0.77,0.77,0.79,0.79,0.8,0.8,0.77,0.8,0.81,0.79,0.65,0.65,0.65,0.65,0.65,0.65,0.68,0.69,0.68,0.66,0.69,0.7,0.68,0.7,0.75,0.75,0.72,0.72,0.73,0.74,0.72,0.72,0.76,0.76,0.76,0.75,0.76,0.73,0.76,0.76,0.75,0.77,0.72,0.73,0.73,0.85,0.85,0.85,0.85,0.85,0.8500000238418579,0.85,0.82,0.83,0.8500000238418579,0.85,0.83,0.8500000238418579,0.83,0.83,0.6600000262260437,0.66,0.6600000262260437,0.66,0.66,0.66,0.66,0.65,0.6600000262260437,0.66,0.65,0.65,0.65,0.86,0.86,0.85,0.86,0.85,0.62,0.61,0.61,0.64,0.62,0.59,0.62,0.61,0.64,0.58
0.3353837997054492,0.0,0.6177993413976675,0.0,0.6544469169011244,0.0,0.2003169256536707,0.0,0.5930474698795181,0.0,0.3377930628785567,0.0,0.337,0.0,0.4579659373508503,0.0,0.2568341061308604,0.0,0.2448916676508798,0.0,0.4614933791614394,0.0,0.2483264803886413,0.0,0.244317814707756,0.0,0.9691181182861328,0.9691181182861328,0.9691181182861328,0.6422886252403259,0.0,0.2682806253433227,0.0,0.5706399083137512,0.0,0.2980557680130005,0.0,0.3421335518360138,0.0,0.2089774757623672,0.0,0.6409701704978943,0.6409701704978943,0.6409701704978943,0.2955962717533111,0.0,0.2027058154344558,0.0,0.0346930995583534,0.0346930995583534,0.0346930995583534,0.7559599876403809,0.0,0.71,0.71,0.71,0.72,0.72,0.73,0.73,0.74,0.75,0.76,0.75,0.74,0.74,0.74,0.75,0.75,0.75,0.76,0.74,0.77,0.76,0.75,0.63,0.63,0.63,0.63,0.63,0.63,0.66,0.66,0.65,0.63,0.66,0.67,0.65,0.66,0.72,0.73,0.7,0.7,0.7,0.71,0.69,0.7,0.73,0.73,0.73,0.72,0.73,0.7,0.73,0.73,0.72,0.73,0.7,0.7,0.71,0.81,0.81,0.81,0.81,0.81,0.8100000023841858,0.81,0.79,0.8,0.8100000023841858,0.81,0.79,0.8100000023841858,0.8,0.79,0.6399999856948853,0.64,0.6399999856948853,0.64,0.64,0.64,0.64,0.63,0.6399999856948853,0.64,0.63,0.63,0.63,0.84,0.84,0.84,0.84,0.84,0.61,0.6,0.6,0.63,0.6,0.57,0.61,0.59,0.63,0.56
0.3343640648011782,0.0,0.6155790594282098,0.0,0.6968142856463002,0.0,0.1243809435191216,0.0,0.5592301807228917,0.0,0.2073453309512397,0.0,0.391,0.0,0.4645000879198172,0.0,0.6068325605358064,0.0,0.1667282095193102,0.0,0.3351548402140483,0.0,0.2506680488586426,0.0,0.2225158512592315,0.0,0.969123363494873,0.969123363494873,0.969123363494873,0.6980782151222229,0.0,0.2432081848382949,0.0,0.5048848390579224,0.0,0.3137261867523193,0.0,0.3302327990531921,0.0,0.1812373250722885,0.0,0.6243024468421936,0.6243024468421936,0.6243024468421936,0.284841388463974,0.0,0.1899991929531097,0.0,0.0173941776156425,0.0173941776156425,0.0173941776156425,0.767475962638855,0.0,0.7,0.7,0.7,0.71,0.71,0.71,0.7,0.71,0.71,0.72,0.72,0.71,0.71,0.71,0.71,0.71,0.71,0.72,0.71,0.72,0.71,0.72,0.61,0.61,0.61,0.61,0.61,0.61,0.63,0.64,0.62,0.6,0.63,0.64,0.62,0.63,0.69,0.71,0.68,0.68,0.68,0.7,0.68,0.68,0.71,0.71,0.71,0.7,0.71,0.68,0.71,0.71,0.69,0.71,0.68,0.68,0.69,0.78,0.78,0.78,0.78,0.78,0.7799999713897705,0.78,0.76,0.77,0.7799999713897705,0.78,0.76,0.7799999713897705,0.78,0.76,0.6299999952316284,0.63,0.6299999952316284,0.63,0.63,0.63,0.63,0.62,0.6299999952316284,0.63,0.62,0.62,0.62,0.83,0.83,0.82,0.83,0.82,0.59,0.58,0.58,0.61,0.58,0.56,0.59,0.57,0.61,0.55
0.3221013254786451,0.0,0.5701771228817336,0.0,0.715992801698323,0.0,0.0870039080673676,0.0,0.5419203614457831,0.0,0.1649909799991284,0.0,0.255,0.0,0.4539397623652944,0.0,0.5236908809891809,0.0,0.2241022203850242,0.0,0.3254509082090643,0.0,0.2495691478252411,0.0,0.1877697855234146,0.0,0.9699291586875916,0.9699291586875916,0.9699291586875916,0.6926098465919495,0.0,0.2100067287683487,0.0,0.4583086669445038,0.0,0.2840100824832916,0.0,0.2761611938476562,0.0,0.1705933213233947,0.0,0.6145123839378357,0.6145123839378357,0.6145123839378357,0.2571175992488861,0.0,0.1660966724157333,0.0,0.0093364706262946,0.0093364706262946,0.0093364706262946,0.7719516754150391,0.0,0.7,0.7,0.7,0.71,0.7,0.7,0.69,0.69,0.69,0.68,0.69,0.69,0.69,0.69,0.69,0.69,0.68,0.7,0.69,0.69,0.68,0.69,0.61,0.6,0.61,0.61,0.6,0.6,0.63,0.63,0.6,0.59,0.6,0.61,0.59,0.6,0.66,0.69,0.67,0.66,0.67,0.68,0.66,0.66,0.69,0.69,0.69,0.68,0.69,0.67,0.69,0.69,0.68,0.68,0.66,0.67,0.67,0.75,0.75,0.75,0.75,0.75,0.75,0.75,0.73,0.74,0.75,0.75,0.74,0.75,0.75,0.74,0.6200000047683716,0.62,0.6200000047683716,0.62,0.62,0.62,0.62,0.61,0.6200000047683716,0.62,0.61,0.61,0.61,0.82,0.82,0.81,0.82,0.81,0.58,0.57,0.57,0.6,0.57,0.55,0.58,0.56,0.6,0.54
0.2608824742268041,0.0,0.5238498971068408,0.0,0.8442467048791102,0.0,0.0437369498464687,0.0,0.5112862048192771,0.0,0.1130681946925791,0.0,0.453,0.0,0.3575814011906856,0.0,0.5618691396187533,0.0,0.2216995984410062,0.0,0.3940289673588769,0.0,0.2244559675455093,0.0,0.1685263663530349,0.0,0.9690995216369628,0.9690995216369628,0.9690995216369628,0.6843323111534119,0.0,0.1872656643390655,0.0,0.4089395999908447,0.0,0.2616511285305023,0.0,0.2488484233617782,0.0,0.1348601430654525,0.0,0.6152508854866028,0.6152508854866028,0.6152508854866028,0.2312018871307373,0.0,0.1466362625360489,0.0,0.0064730742014944,0.0064730742014944,0.0064730742014944,0.7532930374145508,0.0,0.7,0.7,0.7,0.71,0.7,0.7,0.68,0.68,0.67,0.67,0.67,0.68,0.68,0.68,0.67,0.67,0.66,0.68,0.68,0.67,0.65,0.68,0.6,0.6,0.61,0.6,0.6,0.6,0.62,0.62,0.58,0.57,0.58,0.59,0.57,0.58,0.65,0.69,0.66,0.66,0.66,0.67,0.65,0.66,0.68,0.68,0.68,0.66,0.68,0.66,0.68,0.68,0.66,0.67,0.65,0.66,0.66,0.72,0.72,0.72,0.72,0.72,0.7200000286102295,0.72,0.72,0.73,0.7200000286102295,0.72,0.72,0.7200000286102295,0.74,0.72,0.6100000143051147,0.61,0.6100000143051147,0.61,0.61,0.61,0.61,0.6,0.6100000143051147,0.61,0.6,0.6,0.6,0.82,0.82,0.81,0.82,0.8,0.58,0.56,0.56,0.59,0.57,0.55,0.58,0.56,0.59,0.54
0.1898668630338733,0.0,0.5072414423934133,0.0,0.8002778293362711,0.0,0.0161860984460779,0.0,0.4547178915662651,0.0,0.0914555318314523,0.0,0.1,0.0,0.3746050390615187,0.0,0.5672019577537353,0.0,0.1116322782567615,0.0,0.431056415618169,0.0,0.1947239637374878,0.0,0.1568762362003326,0.0,0.9654959440231324,0.9654959440231324,0.9654959440231324,0.6776425242424011,0.0,0.1621462255716323,0.0,0.3643629550933838,0.0,0.2398505806922912,0.0,0.2002468258142471,0.0,0.1049776300787925,0.0,0.6334759593009949,0.6334759593009949,0.6334759593009949,0.2109547853469848,0.0,0.1227542459964752,0.0,0.0052772304043173,0.0052772304043173,0.0052772304043173,0.7324841022491455,0.0,0.71,0.7,0.7,0.71,0.7,0.7,0.67,0.67,0.66,0.65,0.67,0.67,0.67,0.67,0.66,0.67,0.65,0.68,0.67,0.65,0.64,0.67,0.61,0.61,0.61,0.61,0.6,0.6,0.62,0.62,0.57,0.56,0.57,0.58,0.56,0.57,0.64,0.68,0.66,0.65,0.66,0.67,0.65,0.65,0.66,0.66,0.66,0.65,0.66,0.65,0.66,0.66,0.65,0.65,0.65,0.65,0.65,0.71,0.71,0.71,0.71,0.71,0.7099999785423279,0.71,0.71,0.72,0.7099999785423279,0.71,0.71,0.7099999785423279,0.73,0.71,0.6000000238418579,0.6,0.6000000238418579,0.6,0.6,0.61,0.6,0.6,0.6000000238418579,0.6,0.6,0.6,0.6,0.81,0.81,0.8,0.81,0.8,0.58,0.56,0.57,0.59,0.57,0.55,0.58,0.56,0.59,0.54
0.1415962690230731,0.0,0.487933616681128,0.0,0.7128256074799902,0.0,0.0130691355727179,0.0,0.3976217469879518,0.0,0.1023296439932023,0.0,0.297,0.0,0.3213109849531513,0.0,0.5881324059763009,0.0,0.0957709637415849,0.0,0.4508512740801659,0.0,0.1525136828422546,0.0,0.1331120729446411,0.0,0.9605996608734132,0.9605996608734132,0.9605996608734132,0.6416675448417664,0.0,0.1368744373321533,0.0,0.3078864812850952,0.0,0.2048134803771972,0.0,0.16141377389431,0.0,0.0801271349191665,0.0,0.6312711834907532,0.6312711834907532,0.6312711834907532,0.1867405623197555,0.0,0.0870610550045967,0.0,0.0063238837756216,0.0063238837756216,0.0063238837756216,0.684213399887085,0.0,0.71,0.71,0.7,0.71,0.71,0.71,0.67,0.67,0.66,0.65,0.67,0.67,0.67,0.67,0.66,0.67,0.65,0.68,0.67,0.65,0.64,0.68,0.62,0.62,0.62,0.62,0.61,0.61,0.62,0.62,0.57,0.56,0.57,0.58,0.56,0.58,0.64,0.69,0.66,0.66,0.66,0.67,0.66,0.66,0.66,0.66,0.66,0.64,0.66,0.65,0.66,0.66,0.65,0.64,0.64,0.65,0.65,0.71,0.71,0.71,0.71,0.71,0.7099999785423279,0.71,0.71,0.72,0.7099999785423279,0.71,0.71,0.7099999785423279,0.73,0.71,0.6100000143051147,0.61,0.6100000143051147,0.61,0.61,0.62,0.61,0.61,0.6100000143051147,0.61,0.6,0.6,0.6,0.81,0.81,0.8,0.81,0.8,0.58,0.57,0.57,0.59,0.57,0.56,0.59,0.57,0.59,0.55
0.1319513009327442,0.0,0.4633169792195964,0.0,0.5656654386098481,0.0,0.0228216246394342,0.0,0.3440284939759036,0.0,0.0641809229160312,0.0,0.477,0.0,0.2462171368283554,0.0,0.5991913961875323,0.0,0.0776984469115389,0.0,0.5031650924598114,0.0,0.1226558163762092,0.0,0.1087683141231536,0.0,0.956458330154419,0.956458330154419,0.956458330154419,0.6215342283248901,0.0,0.1211314424872398,0.0,0.2464231252670288,0.0,0.1665180623531341,0.0,0.1352508068084716,0.0,0.0585336908698082,0.0,0.6166154742240906,0.6166154742240906,0.6166154742240906,0.1956289112567901,0.0,0.0545240491628646,0.0,0.0096956323832273,0.0096956323832273,0.0096956323832273,0.6405182480812073,0.0,0.71,0.71,0.7,0.72,0.72,0.72,0.68,0.67,0.67,0.66,0.68,0.67,0.67,0.67,0.67,0.67,0.66,0.69,0.67,0.65,0.65,0.69,0.64,0.63,0.64,0.64,0.63,0.63,0.63,0.62,0.58,0.58,0.59,0.6,0.58,0.59,0.65,0.7,0.67,0.67,0.68,0.69,0.68,0.68,0.66,0.66,0.66,0.64,0.66,0.65,0.66,0.66,0.65,0.64,0.65,0.65,0.65,0.72,0.72,0.72,0.72,0.72,0.7200000286102295,0.72,0.72,0.73,0.7200000286102295,0.72,0.72,0.7200000286102295,0.73,0.72,0.6200000047683716,0.62,0.6200000047683716,0.62,0.62,0.63,0.62,0.62,0.6200000047683716,0.62,0.61,0.61,0.61,0.81,0.82,0.8,0.81,0.8,0.6,0.59,0.59,0.61,0.59,0.58,0.61,0.59,0.61,0.56
0.1395437407952871,0.0,0.418918688947526,0.0,0.6021779682924859,0.0,0.0672257374150925,0.0,0.2879360843373494,0.0,0.0386161488518018,0.0,0.462,0.0,0.1655375166419654,0.0,0.4978750643997939,0.0,0.0610389748435101,0.0,0.4097475534122588,0.0,0.0966866537928581,0.0,0.1017492413520813,0.0,0.952055811882019,0.952055811882019,0.952055811882019,0.6084011793136597,0.0,0.1000995859503746,0.0,0.2013867348432541,0.0,0.1326952576637268,0.0,0.1151744946837425,0.0,0.0458022281527519,0.0,0.6046505570411682,0.6046505570411682,0.6046505570411682,0.1757633835077285,0.0,0.0346694514155387,0.0,0.0144959120079875,0.0144959120079875,0.0144959120079875,0.6387432217597961,0.0,0.73,0.72,0.71,0.74,0.73,0.73,0.7,0.69,0.68,0.67,0.69,0.69,0.69,0.69,0.69,0.69,0.67,0.71,0.69,0.66,0.67,0.71,0.67,0.67,0.68,0.67,0.67,0.67,0.65,0.64,0.62,0.61,0.62,0.63,0.61,0.63,0.68,0.72,0.71,0.71,0.71,0.72,0.71,0.71,0.66,0.66,0.66,0.65,0.66,0.67,0.66,0.66,0.66,0.65,0.66,0.66,0.66,0.74,0.74,0.74,0.74,0.74,0.7400000095367432,0.74,0.73,0.74,0.7400000095367432,0.74,0.73,0.7400000095367432,0.75,0.73,0.6399999856948853,0.64,0.6399999856948853,0.64,0.64,0.66,0.64,0.64,0.6399999856948853,0.64,0.63,0.63,0.63,0.83,0.83,0.82,0.82,0.81,0.64,0.63,0.62,0.65,0.63,0.61,0.64,0.62,0.65,0.59
0.0804521354933726,0.0,0.3579767943501408,0.0,0.6672594015620208,0.0156707575490023,0.0654740857913836,0.0,0.2160252409638554,0.0002372881355932,0.0399725478234345,0.0003060236296726,0.431,0.0,0.092939988444824,0.0,0.5189389489953632,0.0,0.0784980512578245,0.0,0.301558392267007,0.0,0.0655500739812851,0.0,0.0954356715083122,0.0,0.9495967626571656,0.9495967626571656,0.9495967626571656,0.5747351050376892,0.007083045784384,0.0854839831590652,0.0,0.1529476642608642,0.0001956992055056,0.107858657836914,0.0004556610947474,0.0972892567515373,0.0,0.0416419245302677,0.0,0.592219352722168,0.592219352722168,0.592219352722168,0.1628609299659729,0.0,0.0241074226796627,0.0,0.0190974008291959,0.0190974008291959,0.0190974008291959,0.6146937012672424,0.0107123022899031,0.76,0.76,0.75,0.77,0.77,0.77,0.73,0.72,0.71,0.71,0.74,0.72,0.72,0.72,0.73,0.74,0.71,0.75,0.72,0.69,0.73,0.75,0.71,0.71,0.72,0.71,0.71,0.71,0.71,0.71,0.68,0.69,0.69,0.7,0.68,0.7,0.74,0.77,0.76,0.76,0.76,0.77,0.77,0.77,0.7,0.7,0.7,0.69,0.69,0.71,0.7,0.7,0.7,0.69,0.71,0.71,0.71,0.77,0.77,0.77,0.77,0.77,0.7699999809265137,0.77,0.76,0.77,0.7699999809265137,0.77,0.76,0.7699999809265137,0.78,0.77,0.699999988079071,0.7,0.699999988079071,0.7,0.7,0.7,0.7,0.69,0.699999988079071,0.7,0.68,0.68,0.68,0.84,0.84,0.83,0.84,0.83,0.71,0.71,0.71,0.7,0.71,0.68,0.72,0.71,0.7,0.66
0.1144048109965635,0.0993968463371591,0.1900810239638459,0.0291496914270192,0.653663170888279,0.3250176364117959,0.0595725318693588,0.07335,0.1931594578313253,0.1388926553672316,0.0282930846659985,0.2388894699464135,0.348,0.0960123136572536,0.0446139817629179,0.009332215275989,0.4618812467800103,0.1548988764254641,0.0714490669658674,0.0042871549893842,0.2425221262828275,0.004,0.049185860902071,0.1230263486504554,0.0871835574507713,0.0060672843828797,0.9475030303001404,0.9475030303001404,0.9475030303001404,0.5376612544059753,0.2232170403003692,0.0735362470149993,0.0526993982493877,0.1183282732963562,0.1852397620677948,0.0936682149767875,0.168068379163742,0.0826312899589538,0.0633973628282547,0.0394716449081897,0.0081938784569501,0.5920293927192688,0.5920293927192688,0.5920293927192688,0.1527270078659057,0.1297317296266555,0.0162643920630216,0.0147268455475568,0.0255377311259508,0.0255377311259508,0.0255377311259508,0.5886837244033813,0.2527409493923187,0.78,0.77,0.76,0.79,0.78,0.79,0.77,0.76,0.76,0.77,0.8,0.76,0.76,0.76,0.8,0.8,0.78,0.81,0.76,0.75,0.8,0.81,0.74,0.73,0.74,0.74,0.74,0.74,0.74,0.74,0.73,0.74,0.74,0.74,0.72,0.74,0.77,0.79,0.79,0.79,0.79,0.79,0.79,0.79,0.73,0.73,0.72,0.73,0.72,0.74,0.73,0.73,0.73,0.73,0.74,0.74,0.74,0.84,0.84,0.84,0.84,0.84,0.8399999737739563,0.84,0.82,0.83,0.8399999737739563,0.84,0.83,0.8399999737739563,0.84,0.83,0.7300000190734863,0.73,0.7300000190734863,0.73,0.73,0.72,0.73,0.71,0.7300000190734863,0.73,0.71,0.71,0.71,0.87,0.88,0.87,0.87,0.86,0.71,0.72,0.72,0.7,0.72,0.7,0.72,0.72,0.7,0.68
0.1421580756013745,0.3074159036337202,0.1277525308629834,0.3877517844329746,0.4620292728629531,0.6479910824651246,0.1082013585186563,0.44865,0.1236736746987951,0.2613248587570621,0.003019739422197,0.5782548260055522,0.36,0.3629396779372735,0.0174909944987314,0.2872797705949232,0.3850981452859351,0.415414004181401,0.0340575764733671,0.2735533439490446,0.0795612509176812,0.2279999999999999,0.0344726741313934,0.5568398237228394,0.0831932723522186,0.2544788718223572,0.947823166847229,0.947823166847229,0.947823166847229,0.4371162950992584,0.634586751461029,0.0644385144114494,0.4008528590202331,0.076841339468956,0.5919227004051208,0.0686452835798263,0.6276007890701294,0.0706731006503105,0.4465994536876678,0.0380400568246841,0.2698879837989807,0.6061323285102844,0.6061323285102844,0.6061323285102844,0.1340715289115905,0.547904372215271,0.0121418610215187,0.267425924539566,0.0365797020494937,0.0365797020494937,0.0365797020494937,0.4906508922576904,0.6654469966888428,0.79,0.79,0.77,0.81,0.8,0.8,0.78,0.78,0.77,0.79,0.82,0.78,0.78,0.78,0.82,0.82,0.79,0.84,0.78,0.76,0.83,0.83,0.77,0.75,0.77,0.76,0.76,0.76,0.75,0.75,0.76,0.78,0.77,0.77,0.76,0.77,0.8,0.8,0.81,0.81,0.81,0.8,0.81,0.81,0.74,0.74,0.74,0.75,0.74,0.76,0.74,0.74,0.75,0.75,0.76,0.76,0.75,0.87,0.87,0.87,0.87,0.87,0.8700000047683716,0.87,0.85,0.86,0.8700000047683716,0.87,0.86,0.8700000047683716,0.86,0.85,0.75,0.75,0.75,0.75,0.75,0.74,0.75,0.73,0.75,0.75,0.73,0.73,0.72,0.88,0.89,0.88,0.89,0.87,0.72,0.73,0.73,0.71,0.73,0.72,0.72,0.73,0.71,0.7
0.0687285223367697,0.3958632753587194,0.0773309877973417,0.7800731142461585,0.3256112165784328,0.7574880584495851,0.0237403926677212,0.7602,0.0496577108433735,0.4856214689265535,4.575362760904615e-5,0.7709828265220479,0.223,0.6632665468910026,0.0062880002009595,0.6985520623833297,0.2646919113858835,0.589732099285038,0.0045757352072753,0.6933970276008494,0.0772981694908043,0.0625,0.0155137060210108,0.8314099907875061,0.0799246579408645,0.6712633967399597,0.9456583261489868,0.9456583261489868,0.9456583261489868,0.2338852882385254,0.8602787256240845,0.0411085486412048,0.7380689978599548,0.0319510474801063,0.8529088497161865,0.033165443688631,0.8750845789909363,0.043112426996231,0.7831857204437256,0.0316701307892799,0.6642040014266968,0.6059701442718506,0.6059701442718506,0.6059701442718506,0.0745869427919387,0.8500332832336426,0.0085354493930935,0.5885311961174011,0.0492460951209068,0.0492460951209068,0.0492460951209068,0.302060067653656,0.8666433095932007,0.8,0.8,0.79,0.81,0.81,0.82,0.8,0.79,0.79,0.81,0.84,0.79,0.79,0.79,0.84,0.84,0.81,0.85,0.79,0.78,0.85,0.85,0.79,0.78,0.79,0.78,0.78,0.78,0.76,0.77,0.78,0.78,0.79,0.79,0.78,0.78,0.82,0.81,0.82,0.82,0.82,0.82,0.83,0.83,0.75,0.75,0.75,0.77,0.75,0.77,0.75,0.75,0.77,0.77,0.77,0.77,0.77,0.89,0.89,0.89,0.89,0.89,0.8899999856948853,0.89,0.87,0.87,0.8899999856948853,0.89,0.87,0.8899999856948853,0.88,0.87,0.7699999809265137,0.77,0.7699999809265137,0.77,0.77,0.75,0.77,0.75,0.7699999809265137,0.77,0.75,0.74,0.74,0.89,0.9,0.89,0.9,0.88,0.73,0.74,0.74,0.72,0.74,0.73,0.72,0.75,0.72,0.72
0.0391752577319587,0.4495448645143359,0.0444535507465306,0.8927877207726139,0.4125343905627421,0.779530284301607,0.0003517260630873,0.8371,0.0152474096385542,0.5685903954802259,0.0,0.7561424236554974,0.388,0.7512883348066957,0.0019839734733351,0.8580481465323686,0.3709211746522411,0.6236222619008317,0.0,0.8632444267515924,0.1125140397689436,0.0104999999999999,0.0092846108600497,0.8829233050346375,0.0425745211541652,0.8529331684112549,0.9418186545372008,0.9418186545372008,0.9418186545372008,0.2218807339668274,0.8886619210243225,0.0171830784529447,0.8265625834465027,0.0238192584365606,0.890995442867279,0.0337542034685611,0.9262639284133912,0.0392744913697242,0.8513404130935669,0.0168654005974531,0.8527546525001526,0.6072920560836792,0.6072920560836792,0.6072920560836792,0.0551653318107128,0.8967889547348022,0.0025992160663008,0.7577723264694214,0.0510663874447345,0.0510663874447345,0.0510663874447345,0.2603547573089599,0.9034079909324646,0.81,0.81,0.8,0.82,0.82,0.83,0.81,0.8,0.8,0.82,0.84,0.8,0.8,0.8,0.85,0.85,0.82,0.86,0.8,0.79,0.86,0.86,0.8,0.79,0.8,0.8,0.8,0.8,0.77,0.77,0.79,0.78,0.8,0.81,0.79,0.8,0.83,0.83,0.84,0.84,0.84,0.83,0.84,0.84,0.76,0.76,0.77,0.8,0.77,0.79,0.76,0.77,0.8,0.8,0.79,0.79,0.79,0.9,0.9,0.9,0.9,0.9,0.8999999761581421,0.9,0.88,0.88,0.8999999761581421,0.9,0.89,0.8999999761581421,0.9,0.89,0.7799999713897705,0.78,0.7799999713897705,0.78,0.78,0.77,0.78,0.76,0.7799999713897705,0.78,0.76,0.76,0.76,0.9,0.9,0.89,0.9,0.89,0.74,0.75,0.75,0.73,0.75,0.75,0.73,0.76,0.73,0.74
0.0942169857633775,0.5827496868073789,0.0495260150093043,0.892218453076177,0.5159701853436941,0.7662326505385839,0.0,0.8482750000000001,0.008858734939759,0.7579745762711864,0.0001756939300187,0.7686933307508553,0.408,0.8280321043144274,0.0004011655655756,0.8815591173579465,0.3413467284904689,0.6084040817963782,0.0,0.8811178343949045,0.1427682519757453,0.2975,0.007841576822102,0.8892495036125183,0.0396334789693355,0.8947066068649292,0.9406594634056092,0.9406594634056092,0.9406594634056092,0.3096475601196289,0.8977490663528442,0.0132368467748165,0.8230647444725037,0.0307454448193311,0.8755690455436707,0.0386802777647972,0.9356414079666138,0.0508489608764648,0.8502446413040161,0.0168624240905046,0.8952519297599792,0.614762544631958,0.614762544631958,0.614762544631958,0.0535107068717479,0.8899489045143127,0.0038199264090508,0.807258129119873,0.0454891547560691,0.0454891547560691,0.0454891547560691,0.2823997735977173,0.904221534729004,0.82,0.82,0.81,0.83,0.83,0.83,0.81,0.81,0.8,0.82,0.85,0.81,0.81,0.81,0.85,0.86,0.83,0.87,0.81,0.79,0.87,0.86,0.82,0.81,0.81,0.81,0.81,0.81,0.78,0.79,0.81,0.81,0.82,0.83,0.81,0.82,0.84,0.84,0.85,0.85,0.85,0.85,0.85,0.85,0.78,0.78,0.79,0.82,0.79,0.8,0.78,0.79,0.81,0.82,0.8,0.8,0.81,0.92,0.92,0.92,0.92,0.92,0.9200000166893004,0.92,0.89,0.9,0.9200000166893004,0.92,0.9,0.9200000166893004,0.91,0.9,0.7900000214576721,0.79,0.7900000214576721,0.79,0.79,0.78,0.79,0.77,0.7900000214576721,0.79,0.77,0.77,0.77,0.9,0.91,0.9,0.91,0.89,0.75,0.76,0.76,0.74,0.76,0.76,0.74,0.77,0.74,0.75
0.1194010800196367,0.5590309592135265,0.111682320217675,0.850127891996354,0.5656632909292962,0.6997019689210667,0.0,0.776175,0.0210021084337349,0.4923050847457626,0.0043462460237918,0.746421492672219,0.343,0.7305336433346237,0.0001909116029038,0.8652338264319993,0.2518186501803194,0.6275365489881561,0.0002416735561592,0.8477080679405522,0.111309286703574,0.147,0.0078495284542441,0.8876755237579346,0.054050263017416,0.8942623138427734,0.943347990512848,0.943347990512848,0.943347990512848,0.4480934739112854,0.8999557495117188,0.0153712928295135,0.8108887076377869,0.043823916465044,0.8500731587409973,0.0398120433092117,0.9334351420402528,0.0679049268364906,0.8375969529151917,0.0269225090742111,0.8851770162582397,0.6362212896347046,0.6362212896347046,0.6362212896347046,0.0595974512398242,0.8705483675003052,0.008684511296451,0.8040493726730347,0.0369120500981807,0.0369120500981807,0.0369120500981807,0.3261657655239105,0.8911735415458679,0.83,0.83,0.83,0.84,0.84,0.84,0.82,0.82,0.81,0.83,0.85,0.82,0.82,0.82,0.86,0.86,0.83,0.87,0.82,0.8,0.87,0.87,0.83,0.82,0.82,0.82,0.83,0.82,0.8,0.8,0.83,0.82,0.83,0.84,0.83,0.84,0.84,0.85,0.86,0.86,0.86,0.86,0.86,0.86,0.79,0.79,0.8,0.83,0.8,0.81,0.79,0.8,0.83,0.84,0.81,0.82,0.82,0.92,0.92,0.92,0.92,0.92,0.9200000166893004,0.92,0.9,0.9,0.9200000166893004,0.92,0.91,0.9200000166893004,0.92,0.91,0.7900000214576721,0.79,0.7900000214576721,0.79,0.79,0.78,0.79,0.78,0.7900000214576721,0.79,0.78,0.78,0.78,0.91,0.91,0.9,0.91,0.9,0.76,0.77,0.77,0.74,0.77,0.77,0.75,0.77,0.74,0.76
0.0894641138929798,0.5038562583144849,0.1362426382766364,0.8175575918879647,0.6109590662984007,0.714645903231503,0.0008751279426816,0.7098500000000001,0.0317939759036144,0.473867231638418,0.0093658111464551,0.7149958680353798,0.454,0.6297741228189722,0.0010242658695269,0.8311291477483573,0.1973536836682123,0.5724651091141801,0.0018222806188732,0.8143826963906583,0.1318339028233382,0.3445,0.0222304016351699,0.8668323755264282,0.09030032902956,0.8881668448448181,0.9484514594078064,0.9484514594078064,0.9484514594078064,0.4899585247039795,0.8972770571708679,0.0230968315154314,0.7912905812263489,0.0558966882526874,0.8145836591720581,0.0536313392221927,0.9253260493278505,0.1124007180333137,0.8138377070426941,0.0471621118485927,0.8667315244674683,0.667113184928894,0.667113184928894,0.667113184928894,0.1010284498333931,0.8258782029151917,0.0191290322691202,0.7731613516807556,0.0338621102273464,0.0338621102273464,0.0338621102273464,0.3359839916229248,0.8869267702102661,0.84,0.84,0.83,0.84,0.84,0.85,0.83,0.83,0.82,0.84,0.85,0.83,0.83,0.83,0.87,0.87,0.84,0.88,0.83,0.81,0.88,0.87,0.83,0.83,0.82,0.83,0.83,0.83,0.81,0.81,0.84,0.84,0.85,0.85,0.84,0.85,0.85,0.86,0.86,0.87,0.86,0.86,0.87,0.87,0.81,0.81,0.82,0.85,0.82,0.82,0.81,0.82,0.84,0.85,0.82,0.83,0.84,0.92,0.92,0.92,0.92,0.92,0.9200000166893004,0.92,0.91,0.91,0.9200000166893004,0.92,0.92,0.9200000166893004,0.92,0.91,0.800000011920929,0.8,0.800000011920929,0.8,0.8,0.79,0.8,0.79,0.800000011920929,0.8,0.79,0.78,0.78,0.91,0.91,0.91,0.91,0.9,0.76,0.77,0.77,0.75,0.77,0.78,0.75,0.78,0.75,0.77
0.144413352970054,0.4000752088534109,0.2291196448287925,0.7640228967019529,0.6177955974321584,0.711017305315204,0.0046785149344002,0.6734500000000001,0.042008734939759,0.5027796610169492,0.0195704387990762,0.6275522306152753,0.539,0.5186661960359666,0.0013653194001356,0.815390344459364,0.3900577022153529,0.509289428667756,0.0041481929845281,0.8013038747346074,0.2166268100694661,0.259,0.0530939102172851,0.8207509517669678,0.1348949670791626,0.866804301738739,0.9502971768379213,0.9502971768379213,0.9502971768379213,0.5456793308258057,0.9023259878158568,0.0408877320587635,0.7681931853294373,0.0618947483599185,0.7932408452033997,0.0851782113313674,0.9119428992271424,0.2082641422748565,0.7835749387741089,0.072154514491558,0.8520429134368896,0.7085556387901306,0.7085556387901306,0.7085556387901306,0.2114176452159881,0.803597629070282,0.0306975487619638,0.7634430527687073,0.0390830896794796,0.0390830896794796,0.0390830896794796,0.343579351902008,0.8909967541694641,0.84,0.84,0.84,0.85,0.85,0.86,0.84,0.83,0.83,0.84,0.86,0.83,0.83,0.83,0.87,0.87,0.85,0.88,0.83,0.82,0.89,0.87,0.84,0.83,0.83,0.83,0.84,0.84,0.82,0.82,0.85,0.85,0.85,0.85,0.85,0.85,0.86,0.86,0.86,0.86,0.86,0.86,0.87,0.87,0.82,0.82,0.83,0.85,0.83,0.83,0.82,0.83,0.85,0.86,0.83,0.84,0.84,0.93,0.93,0.93,0.93,0.93,0.9300000071525574,0.93,0.92,0.92,0.9300000071525574,0.93,0.92,0.9300000071525574,0.93,0.92,0.800000011920929,0.8,0.800000011920929,0.8,0.8,0.8,0.8,0.79,0.800000011920929,0.8,0.79,0.79,0.79,0.91,0.91,0.91,0.91,0.9,0.77,0.78,0.78,0.75,0.78,0.78,0.76,0.79,0.75,0.78
0.4368088365243004,0.3050358930847419,0.3128589010685951,0.7041406104765386,0.6139347219084349,0.6517171772911885,0.0305541081231971,0.5983499999999999,0.0455971686746987,0.4525338983050847,0.0379349862739117,0.5830777971463619,0.301,0.5845148451274382,0.0032550679494586,0.8220076207604299,0.4327470376094797,0.4255754281845467,0.0086308314633282,0.8192457537154991,0.3316195992987292,0.112,0.1110512837767601,0.7507544159889221,0.1824947148561477,0.8340931534767151,0.9561931490898132,0.9561931490898132,0.9561931490898132,0.6037431955337524,0.8978245258331299,0.0687120333313942,0.7363590598106384,0.069612480700016,0.7719010710716248,0.1487002819776535,0.8958888649940491,0.2755472064018249,0.715206503868103,0.0950696319341659,0.8481672406196594,0.7558819651603699,0.7558819651603699,0.7558819651603699,0.2418915182352066,0.7670654058456421,0.0446768850088119,0.7369763255119324,0.0621069967746734,0.0621069967746734,0.0621069967746734,0.3470011353492737,0.8873956203460693,0.85,0.85,0.85,0.86,0.85,0.86,0.85,0.84,0.84,0.85,0.86,0.84,0.84,0.84,0.88,0.88,0.86,0.89,0.84,0.83,0.89,0.88,0.84,0.83,0.83,0.84,0.84,0.84,0.83,0.83,0.85,0.85,0.85,0.86,0.85,0.86,0.86,0.87,0.87,0.87,0.87,0.87,0.87,0.87,0.83,0.83,0.84,0.86,0.84,0.84,0.83,0.84,0.86,0.87,0.83,0.84,0.85,0.94,0.94,0.94,0.94,0.94,0.9399999976158142,0.94,0.92,0.93,0.9399999976158142,0.94,0.93,0.9399999976158142,0.93,0.93,0.800000011920929,0.8,0.800000011920929,0.8,0.8,0.8,0.8,0.8,0.800000011920929,0.8,0.8,0.8,0.79,0.91,0.91,0.91,0.91,0.91,0.77,0.78,0.78,0.75,0.78,0.79,0.77,0.79,0.75,0.78
0.3722340697103584,0.2827829454296199,0.4790082220034716,0.6626700805160672,0.6392206209544371,0.5421477794455237,0.0341434819019261,0.5382,0.0407542168674698,0.4254406779661016,0.0359274042441936,0.4672603137710633,0.327,0.3601899449555345,0.0038235072471049,0.8268575401440945,0.4034034003091191,0.3909063468765156,0.0070510216133223,0.8478221868365181,0.4458934827423707,0.106,0.112683854997158,0.6961032748222351,0.2281337082386016,0.8140854239463806,0.9519914388656616,0.9519914388656616,0.9519914388656616,0.6089667677879333,0.8642832040786743,0.1005701795220375,0.6946843862533569,0.0737789496779441,0.7282429933547974,0.187381774187088,0.8615352511405945,0.3011708259582519,0.6697827577590942,0.1160046607255935,0.8376100659370422,0.8084436058998108,0.8084436058998108,0.8084436058998108,0.238509327173233,0.7293721437454224,0.052658911794424,0.7208619117736816,0.0858110785484314,0.0858110785484314,0.0858110785484314,0.394171267747879,0.8614619970321655,0.85,0.85,0.85,0.86,0.86,0.86,0.85,0.85,0.84,0.86,0.87,0.85,0.85,0.85,0.88,0.88,0.86,0.89,0.85,0.84,0.9,0.88,0.84,0.84,0.83,0.84,0.84,0.84,0.84,0.83,0.85,0.85,0.86,0.86,0.85,0.86,0.86,0.87,0.87,0.87,0.87,0.87,0.87,0.87,0.84,0.84,0.85,0.86,0.85,0.84,0.84,0.85,0.86,0.87,0.84,0.85,0.85,0.95,0.95,0.95,0.95,0.95,0.949999988079071,0.95,0.93,0.93,0.949999988079071,0.95,0.94,0.949999988079071,0.94,0.93,0.8100000023841858,0.81,0.8100000023841858,0.81,0.81,0.81,0.81,0.8,0.8100000023841858,0.81,0.8,0.8,0.8,0.91,0.91,0.91,0.91,0.91,0.77,0.78,0.78,0.75,0.78,0.79,0.77,0.79,0.75,0.78
0.4148309278350516,0.2313816710795527,0.5629630370615497,0.5925752731868303,0.7068128388187622,0.3938893695920891,0.0462317856145901,0.449175,0.0536601807228915,0.3940847457627118,0.069664211948233,0.3253101878752663,0.983,0.326374302466546,0.0049154462558717,0.8351993227294501,0.4789005667181865,0.2719930371512462,0.0074561533010511,0.8623330679405522,0.4443052222258813,0.1679999999999999,0.0953583344817161,0.6278653144836426,0.257278174161911,0.7663947343826294,0.9501030445098876,0.9501030445098876,0.9501030445098876,0.6326625943183899,0.7472816109657288,0.1228186041116714,0.6324080228805542,0.0809676870703697,0.652707576751709,0.2159247547388076,0.7689786553382874,0.3176490366458893,0.5976287722587585,0.1323020607233047,0.8134323358535767,0.8451566696166992,0.8451566696166992,0.8451566696166992,0.2320405542850494,0.6682169437408447,0.0602194517850875,0.692402184009552,0.1235812306404113,0.1235812306404113,0.1235812306404113,0.4455739259719848,0.7471020817756653,0.85,0.86,0.85,0.86,0.86,0.87,0.85,0.85,0.86,0.87,0.88,0.85,0.85,0.85,0.89,0.89,0.87,0.89,0.85,0.86,0.9,0.89,0.84,0.84,0.83,0.84,0.84,0.84,0.85,0.84,0.86,0.85,0.86,0.86,0.86,0.86,0.87,0.87,0.87,0.87,0.87,0.87,0.87,0.87,0.85,0.85,0.86,0.86,0.86,0.84,0.85,0.86,0.87,0.88,0.84,0.85,0.86,0.95,0.95,0.95,0.95,0.95,0.949999988079071,0.95,0.93,0.94,0.949999988079071,0.95,0.94,0.949999988079071,0.94,0.94,0.8100000023841858,0.81,0.8100000023841858,0.81,0.81,0.81,0.81,0.81,0.8100000023841858,0.81,0.81,0.8,0.8,0.91,0.91,0.91,0.91,0.91,0.78,0.79,0.79,0.76,0.78,0.79,0.78,0.79,0.76,0.78
0.3603852724594993,0.1169148082490008,0.5754601654279459,0.3967238071811148,0.6317972922603938,0.1242894225675437,0.0481143574951149,0.182075,0.0910915662650602,0.1525593220338983,0.116520589132424,0.1287235780231131,0.368,0.2247246663324336,0.0049628727172247,0.7252377889557886,0.1972516743946419,0.153185145646537,0.0051451812920751,0.7760220276008495,0.4109277535026289,0.0814999999999999,0.1121712699532508,0.4157901406288147,0.2898122072219848,0.64616459608078,0.9531387686729432,0.9531387686729432,0.9531387686729432,0.6886183619499207,0.401228129863739,0.1471559256315231,0.4766492247581482,0.1183530390262603,0.4196107685565948,0.2226008623838424,0.4701158702373504,0.3393659889698028,0.4242778718471527,0.1470049321651458,0.7088856101036072,0.8461037278175354,0.8461037278175354,0.8461037278175354,0.3019985854625702,0.457565039396286,0.0627072304487228,0.5869483351707458,0.201626107096672,0.201626107096672,0.201626107096672,0.4808500707149505,0.3996544778347015,0.85,0.85,0.85,0.86,0.85,0.86,0.85,0.85,0.86,0.88,0.88,0.85,0.85,0.85,0.89,0.89,0.88,0.9,0.85,0.87,0.91,0.89,0.81,0.8,0.8,0.8,0.8,0.8,0.84,0.83,0.85,0.85,0.85,0.86,0.85,0.86,0.86,0.86,0.85,0.85,0.85,0.85,0.85,0.85,0.85,0.85,0.86,0.86,0.86,0.84,0.85,0.86,0.86,0.87,0.84,0.85,0.85,0.95,0.95,0.95,0.95,0.95,0.949999988079071,0.95,0.93,0.93,0.949999988079071,0.95,0.94,0.949999988079071,0.94,0.94,0.800000011920929,0.8,0.800000011920929,0.8,0.8,0.8,0.8,0.8,0.800000011920929,0.8,0.79,0.79,0.79,0.91,0.91,0.91,0.91,0.91,0.78,0.78,0.78,0.78,0.77,0.77,0.79,0.77,0.78,0.76
0.3090118802160039,0.0,0.5975015116609091,0.085262741747623,0.6362355298993462,0.0,0.0431398529822276,0.0,0.1233431927710843,0.0,0.1900109808706261,0.0,0.811,0.0130274866637253,0.0037909015549247,0.3805531160724981,0.1047104585265327,0.0,0.0038942955001771,0.4459490445859873,0.3175738829417442,0.0,0.1492528170347213,0.0812110528349876,0.3151497542858124,0.343464583158493,0.9456645250320436,0.9456645250320436,0.9456645250320436,0.7329086661338806,0.0499818250536918,0.1730927526950836,0.1689265817403793,0.1699759662151336,0.0787998586893081,0.2431570440530777,0.0731256753206253,0.3717544376850128,0.1265746802091598,0.1649103909730911,0.3989006280899048,0.8448837995529175,0.8448837995529175,0.8448837995529175,0.3379087448120117,0.1076973751187324,0.0653537511825561,0.3012246787548065,0.2829723358154297,0.2829723358154297,0.2829723358154297,0.584217369556427,0.0499099642038345,0.82,0.82,0.82,0.83,0.83,0.83,0.83,0.83,0.84,0.86,0.86,0.83,0.83,0.83,0.86,0.86,0.85,0.87,0.83,0.85,0.88,0.87,0.74,0.74,0.74,0.74,0.74,0.74,0.81,0.8,0.8,0.79,0.81,0.81,0.8,0.81,0.83,0.8,0.79,0.79,0.79,0.8,0.79,0.79,0.83,0.83,0.84,0.83,0.84,0.81,0.83,0.84,0.83,0.84,0.81,0.82,0.82,0.91,0.91,0.91,0.91,0.91,0.9100000262260436,0.91,0.89,0.9,0.9100000262260436,0.91,0.91,0.9100000262260436,0.91,0.9,0.75,0.75,0.75,0.75,0.75,0.74,0.75,0.75,0.75,0.75,0.75,0.75,0.75,0.9,0.9,0.9,0.9,0.9,0.74,0.73,0.73,0.74,0.73,0.73,0.75,0.73,0.74,0.73
0.392353853706431,0.0,0.5628456752955906,0.009350849668737,0.7337823093597463,0.0,0.0693929468688936,0.0,0.2091426506024096,0.0,0.3518351562159571,0.0,0.051,0.0,0.0216498028084101,0.0706424403465148,0.1860991756826378,0.0,0.0367144502184953,0.0837088641188959,0.4119042531257062,0.0,0.2298687398433685,0.0,0.4217166900634765,0.0444443449378013,0.9455732107162476,0.9455732107162476,0.9455732107162476,0.7272129058837891,0.0,0.2030897885560989,0.0031091214623302,0.2709099948406219,0.0,0.3096621632575989,0.0,0.4107933342456817,0.0003265204722993,0.2132403403520584,0.0728859156370163,0.857943058013916,0.857943058013916,0.857943058013916,0.3239229321479797,0.0,0.0830684155225753,0.0440483763813972,0.3786371350288391,0.3786371350288391,0.3786371350288391,0.6654855012893677,0.0,0.79,0.79,0.8,0.8,0.8,0.8,0.79,0.8,0.8,0.82,0.82,0.8,0.8,0.8,0.82,0.82,0.81,0.83,0.8,0.81,0.84,0.83,0.69,0.69,0.69,0.69,0.69,0.69,0.76,0.75,0.73,0.71,0.73,0.74,0.72,0.73,0.76,0.76,0.75,0.75,0.75,0.76,0.75,0.75,0.79,0.79,0.79,0.78,0.8,0.77,0.79,0.79,0.79,0.79,0.77,0.77,0.78,0.86,0.86,0.86,0.86,0.86,0.8600000143051147,0.86,0.85,0.86,0.8600000143051147,0.86,0.86,0.8600000143051147,0.87,0.86,0.7200000286102295,0.72,0.7200000286102295,0.72,0.72,0.71,0.72,0.71,0.7200000286102295,0.72,0.72,0.72,0.71,0.88,0.88,0.88,0.88,0.87,0.67,0.67,0.67,0.67,0.67,0.67,0.68,0.67,0.67,0.68
0.5352457535591557,0.0,0.6258191175317618,0.0,0.5666545866021677,0.0,0.0987064297013119,0.0,0.2798455421686747,0.0,0.3876301363893852,0.0,0.039,0.0,0.1515860986209149,0.0,0.2579270994332818,0.0,0.0733372800283453,0.0,0.3957182829577597,0.0,0.3153747618198395,0.0,0.4998524785041809,0.0,0.9458480477333068,0.9458480477333068,0.9458480477333068,0.6832908391952515,0.0,0.2090124785900116,0.0,0.3626970946788788,0.0,0.3313082158565521,0.0,0.4048203527927398,0.0,0.2484580874443054,0.0,0.8800969123840332,0.8800969123840332,0.8800969123840332,0.3097239136695862,0.0,0.1332573741674423,0.0,0.4621441662311554,0.4621441662311554,0.4621441662311554,0.6651380658149719,0.0,0.77,0.77,0.78,0.78,0.78,0.78,0.77,0.76,0.76,0.75,0.76,0.76,0.76,0.76,0.76,0.76,0.75,0.77,0.76,0.75,0.79,0.77,0.66,0.65,0.66,0.65,0.65,0.65,0.7,0.7,0.68,0.67,0.69,0.7,0.68,0.69,0.72,0.74,0.73,0.73,0.73,0.74,0.72,0.72,0.75,0.74,0.74,0.73,0.74,0.73,0.75,0.74,0.73,0.73,0.73,0.73,0.73,0.79,0.79,0.79,0.79,0.79,0.7900000214576721,0.79,0.77,0.79,0.7900000214576721,0.79,0.79,0.7900000214576721,0.8,0.78,0.699999988079071,0.7,0.699999988079071,0.7,0.7,0.69,0.7,0.69,0.699999988079071,0.7,0.69,0.69,0.69,0.86,0.86,0.85,0.86,0.85,0.63,0.64,0.64,0.63,0.64,0.64,0.63,0.64,0.63,0.64
0.5045156602847325,0.0,0.6506333622540759,0.0,0.4519616742480934,0.0,0.0402847306224993,0.0,0.3106568072289156,0.0,0.3280999607826049,0.0,0.0,0.0,0.2062750885478158,0.0,0.0355602782071097,0.0,0.0723270638951222,0.0,0.3552124484262031,0.0,0.3228887021541595,0.0,0.4548479318618774,0.0,0.9469849467277528,0.9469849467277528,0.9469849467277528,0.624986469745636,0.0,0.1950405985116958,0.0,0.382732093334198,0.0,0.3354321420192718,0.0,0.3621827363967895,0.0,0.2144939750432968,0.0,0.8979830145835876,0.8979830145835876,0.8979830145835876,0.2709306180477142,0.0,0.1185022443532943,0.0,0.5311772227287292,0.5311772227287292,0.5311772227287292,0.5847303867340088,0.0,0.76,0.76,0.78,0.76,0.76,0.77,0.74,0.73,0.72,0.71,0.72,0.73,0.73,0.73,0.72,0.72,0.71,0.74,0.73,0.7,0.75,0.74,0.63,0.63,0.64,0.63,0.63,0.63,0.65,0.65,0.65,0.64,0.65,0.66,0.64,0.66,0.68,0.73,0.71,0.7,0.71,0.72,0.7,0.7,0.71,0.71,0.7,0.7,0.7,0.71,0.71,0.7,0.7,0.7,0.71,0.71,0.7,0.73,0.73,0.73,0.73,0.73,0.7300000190734863,0.73,0.73,0.75,0.7300000190734863,0.73,0.74,0.7300000190734863,0.76,0.74,0.6800000071525574,0.68,0.6800000071525574,0.68,0.68,0.67,0.68,0.67,0.6800000071525574,0.68,0.67,0.67,0.67,0.84,0.84,0.84,0.84,0.83,0.61,0.61,0.61,0.6,0.61,0.61,0.6,0.62,0.6,0.62
0.3511211585665194,0.0,0.5910455271205202,0.0,0.4257619106157298,0.0,0.0539868800595514,0.0,0.3214906626506024,0.0,0.3292839775153602,0.0,0.0,0.0,0.3554176442512999,0.0,0.1493477588871715,0.0,0.0854223751033423,0.0,0.1803859299827286,0.0,0.3175025582313537,0.0,0.4452355206012726,0.0,0.9451829791069032,0.9451829791069032,0.9451829791069032,0.5733585357666016,0.0,0.1923409551382064,0.0,0.35170379281044,0.0,0.3582676351070404,0.0,0.3392930924892425,0.0,0.1706025302410125,0.0,0.9103134274482728,0.9103134274482728,0.9103134274482728,0.2977268099784851,0.0,0.0895776450634002,0.0,0.5408654808998108,0.5408654808998108,0.5408654808998108,0.5389506220817566,0.0,0.75,0.75,0.77,0.75,0.75,0.75,0.72,0.71,0.7,0.68,0.69,0.71,0.71,0.71,0.69,0.69,0.68,0.71,0.71,0.68,0.71,0.71,0.62,0.61,0.62,0.61,0.61,0.61,0.63,0.63,0.62,0.61,0.62,0.63,0.61,0.63,0.65,0.71,0.68,0.68,0.69,0.7,0.68,0.68,0.69,0.69,0.68,0.67,0.68,0.69,0.69,0.68,0.68,0.67,0.7,0.69,0.68,0.68,0.68,0.68,0.68,0.68,0.6800000071525574,0.68,0.7,0.72,0.6800000071525574,0.68,0.71,0.6800000071525574,0.73,0.71,0.6600000262260437,0.66,0.6600000262260437,0.66,0.66,0.65,0.66,0.65,0.6600000262260437,0.66,0.66,0.66,0.66,0.83,0.83,0.82,0.83,0.82,0.59,0.59,0.59,0.59,0.59,0.59,0.58,0.6,0.59,0.6
0.3289771232204221,0.0,0.6126057692183133,0.0,0.4929921629445045,0.0,0.1751939145808132,0.0,0.334839156626506,0.0,0.3767058695367989,0.0,0.0,0.0,0.4291566228742244,0.0,0.2698369397217929,0.0,0.0753274182118814,0.0,0.4323241458780696,0.0,0.2797726094722748,0.0,0.4473205506801605,0.0,0.9512377977371216,0.9512377977371216,0.9512377977371216,0.5129932165145874,0.0,0.2098337709903717,0.0,0.3238823115825653,0.0,0.3406161963939667,0.0,0.314425528049469,0.0,0.1526061296463012,0.0,0.9195385575294496,0.9195385575294496,0.9195385575294496,0.2800030708312988,0.0,0.0746141672134399,0.0,0.4936311244964599,0.4936311244964599,0.4936311244964599,0.515672504901886,0.0,0.75,0.74,0.76,0.74,0.74,0.74,0.7,0.69,0.68,0.66,0.68,0.69,0.69,0.69,0.68,0.68,0.66,0.69,0.69,0.66,0.69,0.7,0.61,0.61,0.61,0.61,0.61,0.61,0.61,0.61,0.6,0.6,0.6,0.61,0.6,0.61,0.63,0.7,0.67,0.67,0.68,0.69,0.67,0.67,0.67,0.67,0.66,0.66,0.66,0.68,0.67,0.66,0.67,0.65,0.68,0.68,0.67,0.66,0.66,0.66,0.66,0.66,0.6600000262260437,0.66,0.68,0.7,0.6600000262260437,0.66,0.69,0.6600000262260437,0.71,0.69,0.6499999761581421,0.65,0.6499999761581421,0.65,0.65,0.64,0.65,0.65,0.6499999761581421,0.65,0.65,0.65,0.65,0.82,0.82,0.81,0.82,0.8,0.58,0.59,0.59,0.58,0.59,0.58,0.57,0.59,0.58,0.59
0.3405056455571919,0.0,0.524003336524577,0.0,0.5325749354646963,0.0,0.3896684656183121,0.0,0.3846051807228915,0.0,0.2163026711403547,0.0,0.0,0.0,0.4680683513778292,0.0,0.2030832045337455,0.0,0.0766171312153064,0.0,0.2627513682167125,0.0,0.2398253828287124,0.0,0.4457084536552429,0.0,0.9508107900619508,0.9508107900619508,0.9508107900619508,0.5143446326255798,0.0,0.2281200140714645,0.0,0.2895197570323944,0.0,0.2900550961494446,0.0,0.2714230418205261,0.0,0.148787572979927,0.0,0.927034854888916,0.927034854888916,0.927034854888916,0.2488027960062027,0.0,0.0653465986251831,0.0,0.4286390542984009,0.4286390542984009,0.4286390542984009,0.4800236225128174,0.0,0.74,0.73,0.74,0.73,0.73,0.73,0.69,0.67,0.66,0.65,0.67,0.68,0.68,0.68,0.67,0.67,0.65,0.69,0.68,0.64,0.68,0.69,0.6,0.6,0.61,0.6,0.61,0.6,0.6,0.6,0.59,0.59,0.59,0.59,0.58,0.59,0.61,0.69,0.67,0.67,0.67,0.68,0.66,0.66,0.65,0.65,0.65,0.64,0.65,0.67,0.65,0.64,0.66,0.64,0.67,0.67,0.66,0.64,0.64,0.64,0.64,0.64,0.6399999856948853,0.64,0.67,0.69,0.6399999856948853,0.64,0.67,0.6399999856948853,0.69,0.67,0.6399999856948853,0.64,0.6399999856948853,0.64,0.64,0.64,0.64,0.65,0.6399999856948853,0.64,0.65,0.65,0.65,0.82,0.82,0.81,0.82,0.8,0.58,0.59,0.59,0.57,0.59,0.58,0.57,0.6,0.57,0.59
0.3093298969072164,0.0,0.5493955959696675,0.0,0.5558320746288198,0.0,0.5383298594956732,0.0,0.3230802409638554,0.0,0.1527409473179659,0.0,0.0,0.0,0.4816909241628777,0.0,0.2976602266872746,0.0,0.0726668536671784,0.0,0.3503062705093696,0.0,0.2167860269546508,0.0,0.4238794445991516,0.0,0.950578272342682,0.950578272342682,0.950578272342682,0.5342177152633667,0.0,0.2534052729606628,0.0,0.2381381690502166,0.0,0.2423664629459381,0.0,0.2214595377445221,0.0,0.1401360034942627,0.0,0.9156721234321594,0.9156721234321594,0.9156721234321594,0.2087130397558212,0.0,0.060091957449913,0.0,0.4076151251792907,0.4076151251792907,0.4076151251792907,0.4658986628055572,0.0,0.73,0.73,0.73,0.73,0.73,0.73,0.69,0.67,0.66,0.64,0.67,0.68,0.68,0.68,0.67,0.67,0.65,0.69,0.68,0.64,0.68,0.69,0.61,0.61,0.61,0.61,0.61,0.61,0.59,0.6,0.58,0.58,0.58,0.58,0.58,0.58,0.6,0.68,0.66,0.66,0.66,0.67,0.66,0.66,0.64,0.64,0.63,0.63,0.63,0.66,0.64,0.63,0.65,0.63,0.66,0.66,0.65,0.63,0.63,0.63,0.63,0.63,0.6299999952316284,0.63,0.66,0.68,0.6299999952316284,0.63,0.66,0.6299999952316284,0.69,0.67,0.6399999856948853,0.64,0.6399999856948853,0.64,0.64,0.65,0.64,0.65,0.6399999856948853,0.64,0.66,0.66,0.66,0.81,0.81,0.8,0.81,0.79,0.59,0.61,0.61,0.58,0.61,0.59,0.57,0.62,0.58,0.59
0.3161476681394207,0.0,0.6386687022979602,0.0,0.563864665935154,0.0,0.4732491858192983,0.0,0.3285016265060241,0.0,0.1302325591529042,0.0,0.1,0.0,0.4574446733150795,0.0,0.3085790829469346,0.0,0.0758605763552616,0.0,0.3409000385672001,0.0,0.1731171011924743,0.0,0.3898012936115265,0.0,0.9502267241477966,0.9502267241477966,0.9502267241477966,0.5056921243667603,0.0,0.2815877199172973,0.0,0.2021497189998626,0.0,0.2020702958106994,0.0,0.1804101914167404,0.0,0.1331386268138885,0.0,0.8892930746078491,0.8892930746078491,0.8892930746078491,0.1827620267868042,0.0,0.0595570877194404,0.0,0.3871174156665802,0.3871174156665802,0.3871174156665802,0.4472754597663879,0.0,0.73,0.73,0.73,0.73,0.73,0.73,0.69,0.67,0.66,0.65,0.68,0.68,0.68,0.68,0.67,0.68,0.65,0.69,0.68,0.64,0.68,0.69,0.62,0.62,0.62,0.62,0.63,0.63,0.59,0.59,0.58,0.58,0.58,0.59,0.58,0.58,0.6,0.69,0.67,0.67,0.67,0.68,0.67,0.67,0.63,0.63,0.62,0.63,0.62,0.66,0.63,0.63,0.64,0.62,0.66,0.66,0.65,0.62,0.62,0.62,0.62,0.62,0.6200000047683716,0.62,0.66,0.68,0.6200000047683716,0.62,0.66,0.6200000047683716,0.69,0.67,0.6499999761581421,0.65,0.6499999761581421,0.65,0.65,0.66,0.65,0.66,0.6499999761581421,0.65,0.66,0.67,0.66,0.81,0.81,0.8,0.81,0.79,0.6,0.62,0.62,0.59,0.62,0.6,0.59,0.62,0.59,0.6
0.2793457044673539,0.0,0.6557345153082338,0.0,0.6041576594113713,0.0,0.5799511491579045,0.0,0.3424338554216867,0.0,0.0990157741078042,0.0,0.166,0.0,0.4971016855484941,0.0,0.2451823802163833,0.0,0.100045382071572,0.0,0.215964327883157,0.0,0.1197690442204475,0.0,0.3364689648151397,0.0,0.9462486505508424,0.9462486505508424,0.9462486505508424,0.4531636536121368,0.0,0.291599690914154,0.0,0.1793663948774337,0.0,0.1691784858703613,0.0,0.1544092744588852,0.0,0.1345638185739517,0.0,0.8681014180183411,0.8681014180183411,0.8681014180183411,0.1484459787607193,0.0,0.061059970408678,0.0,0.3653144240379333,0.3653144240379333,0.3653144240379333,0.4174825549125671,0.0,0.74,0.73,0.73,0.74,0.74,0.74,0.7,0.69,0.68,0.67,0.7,0.69,0.69,0.69,0.69,0.69,0.67,0.71,0.69,0.66,0.71,0.71,0.64,0.65,0.65,0.64,0.65,0.65,0.6,0.6,0.59,0.6,0.59,0.59,0.59,0.59,0.61,0.7,0.68,0.68,0.69,0.69,0.68,0.68,0.63,0.63,0.62,0.63,0.62,0.66,0.63,0.63,0.65,0.63,0.66,0.66,0.65,0.63,0.63,0.63,0.63,0.63,0.6299999952316284,0.63,0.66,0.69,0.6299999952316284,0.63,0.67,0.6299999952316284,0.7,0.67,0.6600000262260437,0.66,0.6600000262260437,0.66,0.66,0.68,0.66,0.68,0.6600000262260437,0.66,0.67,0.67,0.67,0.82,0.82,0.81,0.82,0.8,0.62,0.63,0.63,0.61,0.63,0.62,0.61,0.63,0.61,0.62
0.249413058419244,0.0,0.564076243762518,0.0,0.5977273153849436,0.0,0.6249676188703824,0.0,0.3427999397590361,0.0,0.1054379275785437,0.0,0.135,0.0,0.5691462483358033,0.0,0.3927096857290057,0.0,0.102368637061533,0.0,0.2153692678831019,0.0,0.0824318453669548,0.0,0.2928060889244079,0.0,0.9407539963722228,0.9407539963722228,0.9407539963722228,0.4047187864780426,0.0,0.2779202461242676,0.0,0.1633221358060836,0.0,0.1518015563488006,0.0,0.1454160362482071,0.0,0.1347385495901107,0.0,0.8449457883834839,0.8449457883834839,0.8449457883834839,0.1274861693382263,0.0,0.0580679923295974,0.0,0.387012243270874,0.387012243270874,0.387012243270874,0.3830500841140747,0.0,0.75,0.75,0.75,0.76,0.75,0.76,0.72,0.71,0.7,0.69,0.72,0.71,0.71,0.71,0.72,0.72,0.7,0.74,0.71,0.68,0.74,0.74,0.68,0.69,0.68,0.68,0.69,0.69,0.63,0.63,0.63,0.63,0.63,0.63,0.63,0.63,0.65,0.73,0.72,0.72,0.72,0.73,0.72,0.72,0.64,0.64,0.63,0.65,0.63,0.67,0.64,0.64,0.66,0.64,0.67,0.67,0.66,0.65,0.65,0.65,0.65,0.65,0.6499999761581421,0.65,0.68,0.7,0.6499999761581421,0.65,0.69,0.6499999761581421,0.72,0.69,0.6800000071525574,0.68,0.6800000071525574,0.68,0.68,0.7,0.68,0.69,0.6800000071525574,0.68,0.69,0.69,0.69,0.83,0.83,0.82,0.83,0.81,0.65,0.65,0.66,0.65,0.66,0.65,0.65,0.66,0.65,0.64
0.1471986254295532,0.0,0.4983848422813476,0.0,0.5985354698144865,0.0154843722408617,0.6182166185912348,0.0,0.3300440361445783,0.0,0.0483920868011678,0.0003165472270643,0.138,0.0,0.5388357406616594,0.0,0.3105054095826893,0.0,0.107782360930672,0.0,0.2333190920015371,0.0,0.0580902472138404,0.0,0.2834491729736328,0.0,0.937219500541687,0.937219500541687,0.937219500541687,0.3670631945133209,0.0067340545356273,0.2803158760070801,0.0,0.1436773091554641,7.293582166312262e-5,0.1404594182968139,0.0004009146359749,0.1302158534526825,0.0,0.1408369243144989,0.0,0.8256109356880188,0.8256109356880188,0.8256109356880188,0.1270140409469604,0.0,0.0550051145255565,0.0,0.3816148042678833,0.3816148042678833,0.3816148042678833,0.3634820878505707,0.0096500609070062,0.78,0.78,0.78,0.79,0.78,0.79,0.75,0.74,0.74,0.74,0.77,0.74,0.74,0.74,0.77,0.77,0.74,0.78,0.74,0.72,0.8,0.78,0.74,0.74,0.74,0.74,0.75,0.75,0.66,0.66,0.7,0.71,0.69,0.69,0.7,0.69,0.69,0.78,0.78,0.78,0.78,0.78,0.78,0.78,0.66,0.66,0.66,0.68,0.66,0.71,0.66,0.66,0.69,0.67,0.71,0.71,0.7,0.71,0.71,0.71,0.71,0.71,0.7099999785423279,0.71,0.73,0.75,0.7099999785423279,0.71,0.74,0.7099999785423279,0.76,0.74,0.7200000286102295,0.72,0.7200000286102295,0.72,0.72,0.73,0.72,0.73,0.7200000286102295,0.72,0.72,0.72,0.72,0.85,0.85,0.84,0.85,0.83,0.67,0.68,0.68,0.65,0.67,0.69,0.68,0.68,0.65,0.68
0.050653411880216,0.0991523473887551,0.3841622689544852,0.0267042675812698,0.6197897262751728,0.3233184045558892,0.5851193821531591,0.1021499999999999,0.366320361445783,0.2050847457627118,0.0152621029238746,0.2024221382916908,0.282,0.122477683799647,0.514989223542415,0.0108027509643357,0.2967053065430191,0.1651228134512252,0.1099098559111846,0.0039251592356687,0.2267469161529714,0.191,0.0431310720741748,0.117256186902523,0.2434569299221038,0.0049318089149892,0.9274691343307496,0.9274691343307496,0.9274691343307496,0.3389520049095154,0.2079555094242096,0.2992171943187713,0.0475159920752048,0.1269490271806717,0.166768342256546,0.1300095021724701,0.1497319340705871,0.1244828775525093,0.0583117268979549,0.1380632817745208,0.0065970905125141,0.7943108677864075,0.7943108677864075,0.7943108677864075,0.1423071324825287,0.118216760456562,0.0528735071420669,0.0115744937211275,0.3786136209964752,0.3786136209964752,0.3786136209964752,0.3434950709342956,0.235243871808052,0.8,0.8,0.8,0.81,0.8,0.81,0.78,0.79,0.79,0.81,0.83,0.79,0.79,0.79,0.83,0.83,0.81,0.84,0.79,0.8,0.86,0.83,0.77,0.77,0.76,0.77,0.78,0.77,0.68,0.68,0.74,0.75,0.73,0.73,0.74,0.73,0.72,0.8,0.8,0.8,0.8,0.8,0.8,0.8,0.71,0.71,0.7,0.71,0.7,0.75,0.71,0.7,0.73,0.7,0.75,0.75,0.73,0.78,0.78,0.78,0.78,0.78,0.7799999713897705,0.78,0.77,0.79,0.7799999713897705,0.78,0.79,0.7799999713897705,0.81,0.79,0.75,0.75,0.75,0.75,0.75,0.75,0.75,0.75,0.75,0.75,0.74,0.74,0.74,0.87,0.88,0.87,0.88,0.86,0.68,0.69,0.69,0.66,0.68,0.71,0.69,0.69,0.66,0.7
0.0281323514972999,0.5087026534067067,0.3178950950847779,0.3647034338721637,0.4701645323584815,0.7171617958679146,0.5562626779566391,0.3244749999999999,0.4058618072289156,0.537725988700565,0.0126086539718506,0.431074762734844,0.488,0.4453118673855905,0.5394047074782085,0.2599232930213891,0.258440752189593,0.474727749010252,0.1658441596787528,0.2689341825902336,0.1510005321595157,0.625,0.0310414806008338,0.5464431047439575,0.2511796355247497,0.2270684838294983,0.9191651940345764,0.9191651940345764,0.9191651940345764,0.2612020373344421,0.5552831888198853,0.2900165021419525,0.3394495546817779,0.1033790782094001,0.5516278147697449,0.0980190858244896,0.5564027428627014,0.1223243996500969,0.39954674243927,0.1344095021486282,0.2248760908842086,0.7655115127563477,0.7655115127563477,0.7655115127563477,0.1459123492240905,0.5110783576965332,0.0507900528609752,0.230714812874794,0.3675388097763061,0.3675388097763061,0.3675388097763061,0.216867908835411,0.6030446290969849,0.81,0.81,0.8,0.82,0.81,0.82,0.81,0.81,0.82,0.84,0.86,0.81,0.81,0.81,0.86,0.86,0.84,0.87,0.81,0.83,0.88,0.86,0.79,0.79,0.79,0.79,0.8,0.79,0.69,0.7,0.76,0.77,0.75,0.75,0.76,0.75,0.74,0.81,0.82,0.82,0.82,0.82,0.82,0.82,0.74,0.74,0.73,0.73,0.73,0.77,0.74,0.73,0.75,0.72,0.77,0.76,0.75,0.82,0.82,0.82,0.82,0.82,0.8199999928474426,0.82,0.8,0.82,0.8199999928474426,0.82,0.82,0.8199999928474426,0.84,0.81,0.7599999904632568,0.76,0.7599999904632568,0.76,0.76,0.76,0.76,0.76,0.7599999904632568,0.76,0.76,0.76,0.76,0.89,0.89,0.88,0.89,0.88,0.69,0.7,0.7,0.67,0.69,0.72,0.7,0.7,0.67,0.72
0.1008247422680412,0.7691137587708721,0.3123395268001555,0.6976261131626856,0.2509769253297061,0.8567835069751017,0.436775658323253,0.590725,0.3734821686746988,0.7714802259887005,0.0027909712841518,0.4746275098456969,0.567,0.7836570169167223,0.4496599010274058,0.6552340762439121,0.1382017001545595,0.6922696548726355,0.1944388213062478,0.7110355626326965,0.0851796596980106,0.8725,0.011739132925868,0.837156355381012,0.2004061341285705,0.5749869346618652,0.916304051876068,0.916304051876068,0.916304051876068,0.1291984766721725,0.7543474435806274,0.2437649518251419,0.6417080760002136,0.0680724084377288,0.8260879516601562,0.0580431409180164,0.8048520088195801,0.0954807624220848,0.7144428491592407,0.0992680117487907,0.6029468178749084,0.7484015226364136,0.7484015226364136,0.7484015226364136,0.1021399423480033,0.8070831894874573,0.0447985753417015,0.5327115654945374,0.3485456705093384,0.3485456705093384,0.3485456705093384,0.0920320376753807,0.7942652106285095,0.82,0.82,0.81,0.83,0.83,0.83,0.82,0.83,0.84,0.86,0.88,0.83,0.83,0.83,0.87,0.87,0.86,0.88,0.83,0.86,0.89,0.87,0.8,0.8,0.8,0.8,0.81,0.81,0.71,0.71,0.77,0.79,0.77,0.76,0.77,0.77,0.75,0.83,0.84,0.84,0.84,0.83,0.84,0.84,0.78,0.77,0.77,0.76,0.76,0.78,0.78,0.77,0.76,0.74,0.79,0.78,0.77,0.85,0.85,0.85,0.85,0.85,0.8500000238418579,0.85,0.82,0.84,0.8500000238418579,0.85,0.84,0.8500000238418579,0.86,0.83,0.7699999809265137,0.77,0.7699999809265137,0.77,0.77,0.77,0.77,0.77,0.7699999809265137,0.77,0.77,0.77,0.77,0.9,0.9,0.9,0.9,0.89,0.7,0.71,0.71,0.69,0.71,0.73,0.7,0.71,0.69,0.74
0.1268335787923417,0.8155032821053568,0.331512497230335,0.8034904175056847,0.3448842416510813,0.8679851668726825,0.2333478179957197,0.607275,0.3525196385542168,0.8729661016949152,0.0169798248289685,0.5174018658402737,0.692,0.8535795233779293,0.3675763520811877,0.8357352238249729,0.1647722823286966,0.7605480432421123,0.1422477855202551,0.900175159235669,0.0910436998005506,0.8625,0.0081039350479841,0.9026232957839966,0.170085996389389,0.7655325531959534,0.9085837006568908,0.9085837006568908,0.9085837006568908,0.1518225520849228,0.8046313524246216,0.2507899403572082,0.7579556703567505,0.0536467172205448,0.8841407895088196,0.0522668175399303,0.8661333918571472,0.1338941603899002,0.809948205947876,0.0642182007431984,0.7881868481636047,0.7296399474143982,0.7296399474143982,0.7296399474143982,0.1385030150413513,0.8828636407852173,0.0177151132375001,0.6890090703964233,0.3350038528442383,0.3350038528442383,0.3350038528442383,0.111430138349533,0.8422302603721619,0.83,0.83,0.82,0.84,0.83,0.84,0.83,0.85,0.85,0.88,0.89,0.85,0.84,0.84,0.89,0.89,0.88,0.89,0.84,0.88,0.9,0.88,0.81,0.81,0.81,0.81,0.82,0.81,0.73,0.73,0.78,0.79,0.77,0.77,0.78,0.77,0.76,0.84,0.85,0.85,0.85,0.85,0.85,0.85,0.8,0.8,0.79,0.78,0.79,0.8,0.8,0.79,0.78,0.77,0.8,0.79,0.78,0.86,0.86,0.86,0.86,0.86,0.8600000143051147,0.86,0.84,0.85,0.8600000143051147,0.86,0.85,0.8600000143051147,0.87,0.85,0.7799999713897705,0.78,0.7799999713897705,0.78,0.78,0.78,0.78,0.78,0.7799999713897705,0.78,0.78,0.77,0.77,0.9,0.91,0.9,0.91,0.89,0.72,0.73,0.73,0.72,0.73,0.75,0.71,0.73,0.72,0.75
0.1832204221894944,0.8431194266023752,0.3551493175558903,0.8276904869736001,0.4283939209155182,0.8525438151156632,0.1387489531962408,0.637925,0.3535311445783132,0.8340169491525422,0.0127917556320536,0.5269587449157467,0.863,0.840910806647066,0.3123081463990555,0.8722835414910449,0.1145407006697578,0.7754113840025515,0.1237080134640368,0.9212956475583868,0.0800564789920934,0.893,0.0099474322050809,0.921803057193756,0.2112563699483871,0.8202651739120483,0.8965793251991272,0.8965793251991272,0.8965793251991272,0.2196621894836425,0.8177441954612732,0.2740705013275146,0.775363564491272,0.0526039451360702,0.880774974822998,0.0501463375985622,0.8852976560592651,0.2087308466434478,0.8279795050621033,0.0685072392225265,0.8167837858200073,0.7098925113677979,0.7098925113677979,0.7098925113677979,0.1929640173912048,0.8952218890190125,0.0128965955227613,0.73077392578125,0.3249863982200622,0.3249863982200622,0.3249863982200622,0.1624343544244766,0.8387338519096375,0.84,0.84,0.84,0.85,0.84,0.85,0.84,0.86,0.87,0.9,0.9,0.86,0.85,0.86,0.9,0.9,0.89,0.9,0.85,0.9,0.91,0.89,0.82,0.81,0.82,0.82,0.82,0.82,0.75,0.75,0.79,0.79,0.78,0.78,0.78,0.78,0.77,0.85,0.86,0.86,0.86,0.85,0.86,0.86,0.82,0.82,0.81,0.79,0.8,0.81,0.82,0.81,0.8,0.79,0.81,0.8,0.8,0.88,0.88,0.88,0.88,0.88,0.8799999952316284,0.88,0.85,0.86,0.8799999952316284,0.88,0.86,0.8799999952316284,0.88,0.86,0.7900000214576721,0.79,0.7900000214576721,0.79,0.79,0.8,0.79,0.79,0.7900000214576721,0.79,0.79,0.78,0.78,0.91,0.91,0.91,0.91,0.9,0.74,0.74,0.74,0.74,0.75,0.76,0.72,0.75,0.74,0.77
0.2427758468335788,0.8080590964462098,0.3924631367517476,0.8155502984582306,0.5261405797362874,0.8224153937842135,0.224780403833628,0.6413499999999999,0.2688804819277108,0.7738276836158191,0.0072719508475314,0.4886518496997869,0.924,0.7805020147599032,0.2802576050641815,0.855689832439354,0.1543773827923751,0.7655013151075643,0.1317568501240109,0.8848351910828027,0.1177538291607448,0.848,0.0159551464021205,0.9150094389915466,0.2586267292499542,0.8289502859115601,0.8807041645050049,0.8807041645050049,0.8807041645050049,0.2812675535678863,0.8121453523635864,0.2797757089138031,0.7600456476211548,0.0565520115196704,0.8544763922691345,0.0473705865442752,0.8890116810798645,0.30428147315979,0.8222180008888245,0.0924217030405998,0.8187664151191711,0.695953369140625,0.695953369140625,0.695953369140625,0.2818399667739868,0.883066713809967,0.0165231265127658,0.7333425283432007,0.3076069355010986,0.3076069355010986,0.3076069355010986,0.2631742358207702,0.8254674077033997,0.85,0.85,0.85,0.86,0.85,0.86,0.85,0.88,0.89,0.91,0.91,0.87,0.87,0.87,0.9,0.9,0.91,0.9,0.87,0.92,0.92,0.89,0.82,0.82,0.82,0.82,0.83,0.83,0.76,0.77,0.78,0.78,0.78,0.78,0.78,0.77,0.78,0.86,0.87,0.87,0.87,0.86,0.86,0.87,0.83,0.83,0.82,0.8,0.81,0.82,0.83,0.82,0.81,0.8,0.82,0.81,0.81,0.89,0.89,0.89,0.89,0.89,0.8899999856948853,0.89,0.86,0.87,0.8899999856948853,0.89,0.87,0.8899999856948853,0.88,0.86,0.800000011920929,0.8,0.800000011920929,0.8,0.8,0.8,0.8,0.79,0.800000011920929,0.8,0.79,0.79,0.79,0.91,0.92,0.91,0.92,0.9,0.75,0.76,0.76,0.75,0.76,0.77,0.73,0.76,0.75,0.77
0.2935304860088365,0.7927813597821848,0.3969279227545358,0.788492379197284,0.5615119284988174,0.785410140384955,0.5542566297571415,0.645875,0.2240992168674698,0.7534237288135592,0.0043013638938515,0.4665531667635095,0.925,0.7347463535915332,0.2348902007083825,0.8283997306341886,0.2400030911901082,0.7425393853231789,0.1564219026809968,0.8525997876857752,0.1816729305908884,0.8140000000000001,0.0330159291625022,0.9003630876541138,0.3427645564079284,0.8082900643348694,0.8769886493682861,0.8769886493682861,0.8769886493682861,0.3310634195804596,0.8091853857040405,0.2637624144554138,0.7323582768440247,0.0637083500623703,0.8247698545455933,0.0427213795483112,0.8861564993858337,0.4047045111656189,0.7952271699905396,0.1369529217481613,0.8015660643577576,0.701485812664032,0.701485812664032,0.701485812664032,0.4455328583717346,0.8605628609657288,0.026725061237812,0.7130520939826965,0.3007733225822449,0.3007733225822449,0.3007733225822449,0.3637354373931885,0.8138312697410583,0.86,0.86,0.86,0.86,0.86,0.87,0.86,0.89,0.9,0.91,0.92,0.88,0.88,0.88,0.91,0.91,0.91,0.91,0.88,0.93,0.92,0.9,0.83,0.83,0.83,0.83,0.83,0.83,0.78,0.78,0.79,0.79,0.79,0.79,0.79,0.79,0.79,0.87,0.87,0.87,0.87,0.87,0.87,0.87,0.83,0.83,0.82,0.82,0.82,0.83,0.83,0.83,0.82,0.81,0.83,0.82,0.82,0.89,0.89,0.89,0.89,0.89,0.8899999856948853,0.89,0.86,0.87,0.8899999856948853,0.89,0.88,0.8899999856948853,0.89,0.87,0.8100000023841858,0.81,0.8100000023841858,0.81,0.81,0.81,0.81,0.8,0.8100000023841858,0.81,0.8,0.8,0.8,0.92,0.92,0.92,0.92,0.91,0.77,0.78,0.78,0.78,0.78,0.78,0.75,0.78,0.78,0.78
0.367686794305351,0.6961341631629536,0.49784916545956,0.7217397191671944,0.5983487097932703,0.6858374977926894,0.3436629757141528,0.5809,0.1704631325301204,0.667864406779661,0.0053991023574011,0.401650332494028,0.93,0.7197649976229386,0.2461086437740209,0.8021043803511398,0.683171303451829,0.6850558087896311,0.2062472245187197,0.8374057855626328,0.2631968073156429,0.804,0.0634866058826446,0.8805620074272156,0.3787664473056793,0.798291027545929,0.878166913986206,0.878166913986206,0.878166913986206,0.3821769654750824,0.8034340739250183,0.2909396290779114,0.6731647253036499,0.0832480564713478,0.812658965587616,0.0638647153973579,0.8891151547431946,0.4841286242008209,0.7410995364189148,0.1822114288806915,0.7801455855369568,0.7180882096290588,0.7180882096290588,0.7180882096290588,0.5637310743331909,0.8382284641265869,0.048120692372322,0.6762785911560059,0.2941082417964935,0.2941082417964935,0.2941082417964935,0.4433571398258209,0.8069002032279968,0.86,0.86,0.86,0.87,0.86,0.87,0.87,0.9,0.91,0.92,0.92,0.89,0.89,0.89,0.91,0.91,0.92,0.91,0.89,0.94,0.93,0.9,0.83,0.83,0.83,0.83,0.84,0.84,0.79,0.79,0.8,0.8,0.8,0.8,0.8,0.8,0.8,0.87,0.88,0.87,0.87,0.87,0.87,0.87,0.83,0.83,0.83,0.82,0.82,0.83,0.83,0.83,0.82,0.82,0.83,0.83,0.83,0.88,0.88,0.88,0.88,0.88,0.8799999952316284,0.88,0.86,0.87,0.8799999952316284,0.88,0.88,0.8799999952316284,0.89,0.87,0.8100000023841858,0.81,0.8100000023841858,0.81,0.81,0.82,0.81,0.81,0.8100000023841858,0.81,0.8,0.8,0.8,0.92,0.92,0.92,0.92,0.91,0.78,0.79,0.79,0.79,0.79,0.78,0.76,0.79,0.79,0.79
0.4178025527736868,0.5990616908211891,0.5760809403444981,0.6933120448708125,0.629564687259772,0.7343711813526399,0.3737844979994417,0.65515,0.1659643373493975,0.6000197740112995,0.0048138045230729,0.3877737426560785,0.947,0.6901819385902412,0.3294961189680725,0.7995956782997661,0.8230502318392582,0.6089418491276938,0.2968410889335066,0.8376515392781317,0.384727027732853,0.7865,0.0976857617497444,0.8216242790222168,0.4173015654087066,0.7856593132019043,0.872326672077179,0.872326672077179,0.872326672077179,0.4397763609886169,0.8039081692695618,0.3407797217369079,0.6203456521034241,0.121171548962593,0.7919446229934692,0.0912201628088951,0.8830295205116272,0.5586205720901489,0.6397721171379089,0.2331691980361938,0.785332977771759,0.7484878301620483,0.7484878301620483,0.7484878301620483,0.6164559125900269,0.769713282585144,0.0731530860066413,0.6568186283111572,0.2930463552474975,0.2930463552474975,0.2930463552474975,0.5301838517189026,0.8073462843894958,0.87,0.87,0.87,0.87,0.87,0.87,0.88,0.91,0.92,0.93,0.93,0.9,0.9,0.9,0.92,0.92,0.93,0.91,0.9,0.95,0.93,0.91,0.84,0.84,0.83,0.84,0.84,0.84,0.79,0.79,0.81,0.8,0.8,0.8,0.81,0.8,0.81,0.87,0.88,0.88,0.88,0.88,0.88,0.88,0.83,0.83,0.83,0.83,0.83,0.84,0.83,0.84,0.83,0.82,0.84,0.83,0.83,0.88,0.88,0.88,0.88,0.88,0.8799999952316284,0.88,0.87,0.87,0.8799999952316284,0.88,0.88,0.8799999952316284,0.89,0.88,0.8199999928474426,0.82,0.8199999928474426,0.82,0.82,0.82,0.82,0.81,0.8199999928474426,0.82,0.81,0.81,0.81,0.92,0.92,0.92,0.92,0.92,0.79,0.8,0.8,0.8,0.8,0.79,0.78,0.8,0.8,0.79
0.4746552773686794,0.4837024932096178,0.6017821253271964,0.6529184217407863,0.617017463176997,0.6337192080169524,0.4721030985391272,0.3970999999999999,0.2420045783132529,0.4238926553672316,0.007250076256046,0.3282120859965136,0.983,0.6527807675911056,0.4430726971287901,0.8056032137125133,0.7746246780010305,0.5178074163235642,0.3602752155426951,0.8567200106157115,0.7009155738792394,0.6795,0.1222349926829338,0.7374516725540161,0.4515981376171112,0.7563906311988831,0.8844331502914429,0.8844331502914429,0.8844331502914429,0.4725698828697204,0.7713612914085388,0.417659729719162,0.5576978921890259,0.1778126806020736,0.7616477012634277,0.0975964143872261,0.8750492930412292,0.5974401831626892,0.5559880137443542,0.3064703345298767,0.772985577583313,0.7818331122398376,0.7818331122398376,0.7818331122398376,0.649747371673584,0.6965770125389099,0.1058026701211929,0.6445788741111755,0.3288010656833648,0.3288010656833648,0.3288010656833648,0.6004167795181274,0.7824625372886658,0.87,0.87,0.87,0.88,0.87,0.88,0.89,0.91,0.92,0.94,0.93,0.91,0.9,0.9,0.92,0.92,0.93,0.92,0.9,0.96,0.93,0.91,0.84,0.84,0.84,0.84,0.85,0.85,0.8,0.8,0.81,0.81,0.81,0.81,0.81,0.81,0.82,0.88,0.88,0.88,0.88,0.88,0.88,0.88,0.83,0.83,0.83,0.83,0.83,0.84,0.83,0.84,0.83,0.83,0.84,0.84,0.84,0.88,0.88,0.88,0.88,0.88,0.8799999952316284,0.88,0.86,0.87,0.8799999952316284,0.88,0.88,0.8799999952316284,0.89,0.88,0.8299999833106995,0.83,0.8299999833106995,0.83,0.83,0.83,0.83,0.82,0.8299999833106995,0.83,0.82,0.82,0.82,0.93,0.93,0.92,0.93,0.92,0.8,0.81,0.81,0.8,0.81,0.79,0.8,0.81,0.8,0.8
0.4733069219440353,0.3848143253675008,0.6463807262301935,0.5732993246026351,0.6530149626186152,0.4163305447642593,0.1786410160975155,0.4767249999999999,0.4200514457831325,0.3013559322033898,0.0139087541940825,0.2776260249209116,0.958,0.5639898392070504,0.6159674696676632,0.7538430146171933,0.680392838742916,0.4314571081823163,0.4446838903980158,0.8442555732484078,0.6800871472342969,0.0495,0.1316298991441726,0.6229727268218994,0.5056884288787842,0.7184528708457947,0.9088950753211976,0.9088950753211976,0.9088950753211976,0.4993920028209686,0.6751263737678528,0.4215721487998962,0.5117526650428772,0.2537064850330353,0.6723207831382751,0.1040772274136543,0.7966758608818054,0.617802083492279,0.4840591847896576,0.3864586651325226,0.7644464373588562,0.815727949142456,0.815727949142456,0.815727949142456,0.6428492665290833,0.5965616703033447,0.1462782323360443,0.6481054425239563,0.3708420097827911,0.3708420097827911,0.3708420097827911,0.6495652794837952,0.6839226484298706,0.88,0.87,0.88,0.88,0.88,0.88,0.89,0.92,0.93,0.94,0.93,0.91,0.91,0.91,0.92,0.92,0.93,0.92,0.91,0.96,0.94,0.91,0.84,0.85,0.84,0.84,0.85,0.85,0.81,0.81,0.82,0.82,0.81,0.82,0.82,0.81,0.83,0.88,0.88,0.88,0.88,0.88,0.88,0.88,0.83,0.83,0.83,0.84,0.83,0.85,0.83,0.84,0.84,0.83,0.85,0.85,0.85,0.88,0.88,0.88,0.88,0.88,0.8799999952316284,0.88,0.87,0.87,0.8799999952316284,0.88,0.89,0.8799999952316284,0.89,0.88,0.8299999833106995,0.83,0.8299999833106995,0.83,0.83,0.83,0.83,0.83,0.8299999833106995,0.83,0.83,0.83,0.82,0.93,0.93,0.92,0.93,0.92,0.81,0.81,0.81,0.8,0.81,0.8,0.81,0.81,0.8,0.8
0.5281008345606284,0.1816442175012435,0.6793383917526203,0.3730009592320621,0.6651165881303689,0.095309729825181,0.2128238578207871,0.218275,0.3812407831325301,0.197319209039548,0.0540708527604688,0.1022965007424624,0.786,0.2628010137350628,0.7477014745409329,0.6431874488949052,0.682584492529624,0.1798472785285667,0.5005990610605882,0.7964294055201699,0.7024517135006335,0.1035,0.1427823603153228,0.388791024684906,0.4750497937202453,0.6285175085067749,0.9325411319732666,0.9325411319732666,0.9325411319732666,0.5479658842086792,0.3772285580635071,0.3754465281963348,0.3814977705478668,0.3437929451465606,0.4189181923866272,0.122836910188198,0.4911608397960663,0.5908372402191162,0.3391439318656921,0.4696460962295532,0.6912004351615906,0.8315611481666565,0.8315611481666565,0.8315611481666565,0.5554230809211731,0.3861314058303833,0.1906718164682388,0.5510481595993042,0.4337850511074066,0.4337850511074066,0.4337850511074066,0.6511873602867126,0.3713440001010895,0.86,0.86,0.86,0.87,0.86,0.87,0.89,0.92,0.93,0.94,0.94,0.91,0.91,0.91,0.93,0.93,0.94,0.92,0.91,0.96,0.94,0.91,0.82,0.82,0.82,0.82,0.82,0.82,0.79,0.79,0.8,0.8,0.8,0.8,0.8,0.8,0.82,0.86,0.85,0.85,0.85,0.85,0.85,0.85,0.83,0.83,0.83,0.83,0.83,0.84,0.83,0.84,0.84,0.83,0.84,0.84,0.84,0.88,0.88,0.88,0.88,0.88,0.8799999952316284,0.88,0.87,0.88,0.8799999952316284,0.88,0.89,0.8799999952316284,0.9,0.88,0.8100000023841858,0.81,0.8100000023841858,0.81,0.81,0.81,0.81,0.81,0.8100000023841858,0.81,0.81,0.81,0.81,0.93,0.93,0.92,0.93,0.92,0.77,0.77,0.77,0.77,0.77,0.77,0.78,0.77,0.77,0.77
0.454413647520864,0.0,0.7213420534408788,0.0778359371033187,0.6483896768546175,0.0,0.3542904996743277,0.0,0.5374681325301205,0.0,0.2072939561636672,0.0,0.144,0.0122470288213455,0.8236188550327815,0.3609410834276029,0.7578464708912932,0.0,0.5116192571158616,0.4587722929936307,0.7604509058254277,0.0,0.1597214788198471,0.0668518766760826,0.4886786639690399,0.3409014344215393,0.9433449506759644,0.9433449506759644,0.9433449506759644,0.6360008120536804,0.0457200072705745,0.3752890527248382,0.131174236536026,0.4369341433048248,0.0707972720265388,0.1651341319084167,0.0727310255169868,0.5761315822601318,0.093216486275196,0.516643226146698,0.3884295225143432,0.8380442261695862,0.8380442261695862,0.8380442261695862,0.482251226902008,0.0779019072651863,0.2582682967185974,0.2808511853218078,0.4714874923229217,0.4714874923229217,0.4714874923229217,0.7098779082298279,0.046483427286148,0.83,0.83,0.83,0.83,0.83,0.84,0.86,0.89,0.9,0.92,0.92,0.88,0.88,0.88,0.91,0.91,0.91,0.91,0.88,0.94,0.92,0.9,0.76,0.76,0.76,0.76,0.76,0.76,0.75,0.75,0.75,0.74,0.75,0.75,0.74,0.75,0.78,0.8,0.79,0.79,0.79,0.79,0.79,0.79,0.82,0.82,0.82,0.81,0.82,0.82,0.82,0.82,0.81,0.81,0.82,0.81,0.81,0.87,0.87,0.87,0.87,0.87,0.8700000047683716,0.87,0.85,0.86,0.8700000047683716,0.87,0.87,0.8700000047683716,0.88,0.86,0.7699999809265137,0.77,0.7699999809265137,0.77,0.77,0.78,0.77,0.78,0.7699999809265137,0.77,0.78,0.78,0.78,0.91,0.91,0.91,0.91,0.91,0.71,0.71,0.71,0.71,0.71,0.71,0.71,0.71,0.71,0.72
0.5027724104074619,0.0,0.7004679605737052,0.0085478848474951,0.7875947056423029,0.0,0.2643848515864892,0.0,0.5489866867469879,0.0,0.432519499760338,0.0,0.7,0.0,0.8583141751865156,0.0692326438176568,0.4610224111282844,0.0,0.5005002362111729,0.0822385881104034,0.6126667970397467,0.0,0.2125381827354431,0.0,0.5337912440299988,0.0448762215673923,0.9479280710220336,0.9479280710220336,0.9479280710220336,0.760528564453125,0.0,0.387407511472702,0.0020005675032734,0.5134091377258301,0.0,0.2470817863941192,0.0,0.521740734577179,6.093177034927066e-6,0.5688728094100952,0.0673485696315765,0.8411775827407837,0.8411775827407837,0.8411775827407837,0.4417762756347656,0.0,0.3827314674854278,0.0411986894905567,0.4967111945152282,0.4967111945152282,0.4967111945152282,0.7938171029090881,0.0,0.8,0.8,0.81,0.8,0.8,0.81,0.82,0.85,0.86,0.88,0.88,0.84,0.84,0.84,0.87,0.87,0.88,0.87,0.84,0.91,0.9,0.86,0.71,0.71,0.71,0.71,0.71,0.71,0.7,0.7,0.68,0.67,0.69,0.7,0.68,0.69,0.72,0.77,0.76,0.76,0.76,0.76,0.76,0.76,0.76,0.76,0.76,0.77,0.76,0.78,0.76,0.76,0.77,0.77,0.78,0.78,0.77,0.83,0.83,0.83,0.83,0.83,0.8299999833106995,0.83,0.81,0.82,0.8299999833106995,0.83,0.83,0.8299999833106995,0.85,0.83,0.7400000095367432,0.74,0.7400000095367432,0.74,0.74,0.75,0.74,0.74,0.7400000095367432,0.74,0.74,0.74,0.74,0.89,0.89,0.89,0.89,0.89,0.68,0.68,0.68,0.69,0.68,0.67,0.68,0.68,0.69,0.68
0.4635420716740305,0.0,0.7753208208079141,0.0,0.8131911469652382,0.0,0.2058892714245836,0.0,0.5206190963855422,0.0,0.4666205063401455,0.0,0.209,0.0,0.913927729910322,0.0,0.2641885625965997,0.0,0.5740431971182237,0.0,0.6078208868854171,0.0,0.2904034256935119,0.0,0.5646070241928101,0.0,0.937747061252594,0.937747061252594,0.937747061252594,0.7601113319396973,0.0,0.4135426580905914,0.0,0.4994717538356781,0.0,0.2881583273410797,0.0,0.4513089656829834,0.0,0.62482088804245,0.0,0.8257901072502136,0.8257901072502136,0.8257901072502136,0.3980926871299743,0.0,0.5687111616134644,0.0,0.5208470821380615,0.5208470821380615,0.5208470821380615,0.8058953881263733,0.0,0.77,0.77,0.78,0.78,0.78,0.79,0.79,0.82,0.83,0.85,0.85,0.81,0.81,0.81,0.84,0.84,0.84,0.84,0.81,0.87,0.87,0.83,0.68,0.67,0.68,0.68,0.68,0.68,0.68,0.68,0.64,0.64,0.64,0.64,0.64,0.64,0.65,0.74,0.73,0.73,0.73,0.74,0.73,0.73,0.73,0.73,0.73,0.73,0.73,0.75,0.73,0.72,0.74,0.72,0.76,0.75,0.74,0.74,0.74,0.74,0.74,0.74,0.7400000095367432,0.74,0.76,0.78,0.7400000095367432,0.74,0.78,0.7400000095367432,0.81,0.78,0.7200000286102295,0.72,0.7200000286102295,0.72,0.72,0.73,0.72,0.72,0.7200000286102295,0.72,0.72,0.72,0.72,0.87,0.87,0.87,0.87,0.86,0.67,0.67,0.67,0.68,0.67,0.65,0.68,0.67,0.68,0.65
0.574571821305842,0.0,0.9249023574692592,0.0,0.8645391688066193,0.0,0.473489438913185,0.0,0.7564540963855421,0.0,0.4739104536145366,0.0,0.45,0.0,0.9509868873872744,0.0,0.5552205048943845,0.0,0.5215470355497815,0.0,0.5611020167660591,0.0,0.3111580908298492,0.0,0.5303984880447388,0.0,0.9295707941055298,0.9295707941055298,0.9295707941055298,0.7413438558578491,0.0,0.4404716491699219,0.0,0.485485166311264,0.0,0.3076217770576477,0.0,0.4068524837493896,0.0,0.584846556186676,0.0,0.8004040122032166,0.8004040122032166,0.8004040122032166,0.3196918368339538,0.0,0.6779053807258606,0.0,0.530584990978241,0.530584990978241,0.530584990978241,0.8517152070999146,0.0,0.76,0.76,0.77,0.76,0.76,0.77,0.76,0.79,0.8,0.81,0.82,0.78,0.78,0.78,0.81,0.81,0.81,0.81,0.78,0.83,0.84,0.81,0.65,0.65,0.65,0.65,0.66,0.65,0.66,0.67,0.61,0.62,0.62,0.62,0.61,0.62,0.61,0.72,0.71,0.71,0.71,0.71,0.71,0.71,0.71,0.71,0.71,0.71,0.71,0.74,0.71,0.7,0.72,0.7,0.74,0.74,0.72,0.71,0.71,0.71,0.71,0.71,0.7099999785423279,0.71,0.73,0.76,0.7099999785423279,0.71,0.76,0.7099999785423279,0.78,0.75,0.7099999785423279,0.71,0.7099999785423279,0.71,0.71,0.71,0.71,0.71,0.7099999785423279,0.71,0.71,0.71,0.71,0.85,0.85,0.85,0.85,0.84,0.68,0.66,0.67,0.69,0.67,0.64,0.68,0.66,0.69,0.64
0.5787099656357388,0.0,0.926967754015912,0.0,0.8927091645992624,0.0,0.7095704847864519,0.0,0.6137418674698795,0.0,0.5038125844263367,0.0,0.0,0.0,0.8788963299756337,0.0,0.5929953632148378,0.0,0.5763637061533011,0.0,0.5112240095475891,0.0,0.2651476562023163,0.0,0.4474104046821594,0.0,0.9243192076683044,0.9243192076683044,0.9243192076683044,0.7165017127990723,0.0,0.4502961933612823,0.0,0.4595578908920288,0.0,0.3201714158058166,0.0,0.3344705998897552,0.0,0.5175628662109375,0.0,0.7752965092658997,0.7752965092658997,0.7752965092658997,0.3482928574085235,0.0,0.6811123490333557,0.0,0.5019629597663879,0.5019629597663879,0.5019629597663879,0.8287732601165771,0.0,0.74,0.74,0.75,0.74,0.74,0.75,0.74,0.76,0.77,0.79,0.8,0.76,0.75,0.75,0.79,0.79,0.78,0.79,0.75,0.8,0.82,0.78,0.64,0.63,0.63,0.63,0.64,0.63,0.65,0.66,0.59,0.6,0.6,0.59,0.59,0.6,0.58,0.71,0.69,0.69,0.69,0.7,0.68,0.69,0.69,0.69,0.69,0.69,0.69,0.72,0.69,0.68,0.7,0.68,0.72,0.72,0.71,0.68,0.68,0.68,0.68,0.68,0.6800000071525574,0.68,0.71,0.73,0.6800000071525574,0.68,0.73,0.6800000071525574,0.76,0.73,0.7200000286102295,0.72,0.7200000286102295,0.72,0.72,0.71,0.72,0.7,0.7200000286102295,0.72,0.7,0.7,0.7,0.83,0.83,0.83,0.83,0.83,0.69,0.67,0.67,0.71,0.67,0.64,0.7,0.66,0.71,0.64
0.5407745704467354,0.0,0.9036038901238636,0.0,0.8834228245764435,0.0,0.5832663999255605,0.0,0.7151638554216868,0.0,0.4812312954812845,0.0,0.0,0.0,0.806216358109975,0.0,0.6818786707882536,0.0,0.7063733612849888,0.0,0.4688500044960379,0.0,0.2119742482900619,0.0,0.3866503238677978,0.0,0.9261544942855836,0.9261544942855836,0.9261544942855836,0.6861887574195862,0.0,0.4483272135257721,0.0,0.4434094727039337,0.0,0.2968100607395172,0.0,0.2697701454162597,0.0,0.4648853540420532,0.0,0.7409431338310242,0.7409431338310242,0.7409431338310242,0.3445374667644501,0.0,0.6575302481651306,0.0,0.4498082101345062,0.4498082101345062,0.4498082101345062,0.7942971587181091,0.0,0.73,0.73,0.74,0.73,0.73,0.74,0.72,0.74,0.74,0.76,0.77,0.74,0.73,0.73,0.77,0.77,0.76,0.77,0.73,0.77,0.8,0.77,0.62,0.62,0.62,0.62,0.63,0.62,0.65,0.66,0.59,0.6,0.59,0.58,0.59,0.59,0.57,0.69,0.67,0.67,0.68,0.68,0.67,0.67,0.67,0.67,0.67,0.67,0.67,0.71,0.67,0.67,0.69,0.66,0.71,0.7,0.69,0.66,0.66,0.66,0.66,0.66,0.6600000262260437,0.66,0.7,0.72,0.6600000262260437,0.66,0.71,0.6600000262260437,0.74,0.71,0.7400000095367432,0.74,0.7400000095367432,0.74,0.74,0.72,0.74,0.7,0.7400000095367432,0.74,0.7,0.7,0.69,0.82,0.82,0.82,0.82,0.81,0.71,0.7,0.7,0.73,0.7,0.65,0.72,0.69,0.73,0.65
0.4585011291114383,0.0,0.8901055037399548,0.0,0.8347904187845081,0.0,0.6031383641946589,0.0,0.6511021686746987,0.0,0.4034421979171206,0.0,0.0,0.0,0.7598636991635058,0.0,0.701348274085523,0.0,0.6461911243651826,0.0,0.3450189398567839,0.0,0.146214872598648,0.0,0.3796723186969757,0.0,0.9296417236328124,0.9296417236328124,0.9296417236328124,0.660447359085083,0.0,0.4592220485210418,0.0,0.4019139111042022,0.0,0.2577540874481201,0.0,0.2402975112199783,0.0,0.4180730879306793,0.0,0.705595076084137,0.705595076084137,0.705595076084137,0.3200275599956512,0.0,0.6401559710502625,0.0,0.3826532959938049,0.3826532959938049,0.3826532959938049,0.7887736558914185,0.0,0.73,0.73,0.74,0.73,0.73,0.74,0.71,0.72,0.72,0.74,0.76,0.72,0.72,0.72,0.76,0.76,0.74,0.76,0.72,0.74,0.79,0.76,0.62,0.61,0.62,0.62,0.62,0.62,0.65,0.66,0.59,0.61,0.59,0.59,0.59,0.59,0.56,0.68,0.67,0.66,0.67,0.67,0.66,0.66,0.66,0.66,0.66,0.66,0.66,0.7,0.66,0.66,0.68,0.65,0.7,0.69,0.69,0.65,0.65,0.65,0.65,0.65,0.6499999761581421,0.65,0.69,0.71,0.6499999761581421,0.65,0.7,0.6499999761581421,0.72,0.7,0.7300000190734863,0.73,0.7300000190734863,0.73,0.73,0.72,0.73,0.71,0.7300000190734863,0.73,0.71,0.71,0.7,0.82,0.82,0.81,0.82,0.81,0.73,0.71,0.71,0.73,0.71,0.67,0.74,0.71,0.73,0.66
0.2964883652430044,0.0,0.8519153241571137,0.0,0.7837951050214486,0.0,0.6525604354703637,0.0,0.6579387349397591,0.0,0.3411268029108022,0.0,0.0,0.0,0.7051525785626368,0.0,0.6339335394126739,0.0,0.6096793728593364,0.0,0.3250272660829736,0.0,0.0977738127112388,0.0,0.3437319993972778,0.0,0.929968237876892,0.929968237876892,0.929968237876892,0.6261235475540161,0.0,0.4257904589176178,0.0,0.3454068601131439,0.0,0.2174803912639618,0.0,0.2210933119058609,0.0,0.3749123215675354,0.0,0.6722395420074463,0.6722395420074463,0.6722395420074463,0.2805557250976562,0.0,0.6065012812614441,0.0,0.3295181691646576,0.3295181691646576,0.3295181691646576,0.7879670858383179,0.0,0.73,0.73,0.74,0.73,0.73,0.74,0.71,0.71,0.72,0.73,0.76,0.71,0.71,0.71,0.76,0.76,0.74,0.76,0.71,0.73,0.79,0.76,0.62,0.62,0.63,0.62,0.62,0.62,0.66,0.66,0.6,0.61,0.6,0.59,0.6,0.6,0.57,0.68,0.66,0.66,0.66,0.67,0.66,0.66,0.65,0.65,0.64,0.66,0.64,0.69,0.65,0.65,0.67,0.65,0.69,0.69,0.68,0.65,0.65,0.65,0.65,0.65,0.6499999761581421,0.65,0.68,0.71,0.6499999761581421,0.65,0.69,0.6499999761581421,0.72,0.7,0.7099999785423279,0.71,0.7099999785423279,0.71,0.71,0.72,0.71,0.72,0.7099999785423279,0.71,0.71,0.72,0.72,0.81,0.81,0.81,0.81,0.8,0.72,0.71,0.71,0.71,0.7,0.68,0.74,0.7,0.71,0.67
0.1863359842906234,0.0,0.7872687130552374,0.0,0.8402999603617913,0.0,0.5167372289941379,0.0,0.6589953614457831,0.0,0.2390144232864176,0.0,0.0,0.0,0.7063080207993168,0.0,0.5679459041731068,0.0,0.5666568737451282,0.0,0.2931070640908786,0.0,0.0688128024339675,0.0,0.2874035239219665,0.0,0.9318101406097412,0.9318101406097412,0.9318101406097412,0.6001933813095093,0.0,0.4317716062068939,0.0,0.3310137987136841,0.0,0.1784884482622146,0.0,0.1944297552108764,0.0,0.3315966427326202,0.0,0.6357986927032471,0.6357986927032471,0.6357986927032471,0.2591226100921631,0.0,0.5512620210647583,0.0,0.2748747766017914,0.2748747766017914,0.2748747766017914,0.7847780585289001,0.0,0.73,0.73,0.74,0.73,0.73,0.74,0.7,0.71,0.71,0.74,0.77,0.71,0.71,0.71,0.76,0.77,0.74,0.77,0.71,0.73,0.8,0.77,0.63,0.64,0.64,0.64,0.64,0.64,0.66,0.67,0.61,0.63,0.61,0.61,0.61,0.61,0.58,0.68,0.67,0.66,0.67,0.68,0.66,0.66,0.65,0.65,0.64,0.65,0.64,0.69,0.65,0.65,0.67,0.64,0.69,0.69,0.68,0.66,0.66,0.66,0.66,0.66,0.6600000262260437,0.66,0.69,0.71,0.6600000262260437,0.66,0.7,0.6600000262260437,0.72,0.7,0.7099999785423279,0.71,0.7099999785423279,0.71,0.71,0.72,0.71,0.72,0.7099999785423279,0.71,0.72,0.72,0.72,0.81,0.82,0.81,0.82,0.8,0.71,0.71,0.71,0.7,0.71,0.69,0.74,0.71,0.7,0.68
0.1423956799214531,0.0,0.739792772729076,0.0,0.8009458224705303,0.0,0.4848308365125151,0.0,0.5354334939759037,0.0,0.1474057257396836,0.0,0.0,0.0,0.7201651134165642,0.0,0.4165991756826378,0.0,0.582122091649935,0.0,0.28041693878065,0.0,0.0489689670503139,0.0,0.2373377680778503,0.0,0.93365740776062,0.93365740776062,0.93365740776062,0.5646166801452637,0.0,0.4341761469841003,0.0,0.3712888360023498,0.0,0.1441227942705154,0.0,0.1695066392421722,0.0,0.3127374351024627,0.0,0.6129428148269653,0.6129428148269653,0.6129428148269653,0.2227140367031097,0.0,0.5210657119750977,0.0,0.2368645370006561,0.2368645370006561,0.2368645370006561,0.781980574131012,0.0,0.74,0.73,0.74,0.74,0.74,0.75,0.7,0.72,0.72,0.76,0.79,0.72,0.71,0.71,0.78,0.78,0.76,0.79,0.71,0.75,0.81,0.78,0.66,0.66,0.66,0.66,0.66,0.66,0.67,0.67,0.63,0.64,0.63,0.63,0.63,0.63,0.61,0.69,0.68,0.68,0.68,0.69,0.67,0.68,0.66,0.66,0.65,0.66,0.65,0.7,0.66,0.66,0.68,0.65,0.7,0.7,0.69,0.68,0.68,0.68,0.68,0.68,0.6800000071525574,0.68,0.7,0.72,0.6800000071525574,0.68,0.71,0.6800000071525574,0.73,0.71,0.7200000286102295,0.72,0.7200000286102295,0.72,0.72,0.73,0.72,0.72,0.7200000286102295,0.72,0.72,0.72,0.72,0.82,0.82,0.81,0.82,0.81,0.71,0.71,0.71,0.7,0.71,0.7,0.74,0.71,0.7,0.69
0.2280903289150712,0.0,0.7668705639796218,0.0,0.80494836120351,0.0,0.4336065878849911,0.0,0.5117559036144578,0.0,0.0878951152555666,0.0,0.027,0.0,0.7216896179255947,0.0,0.4117823286965482,0.0,0.5659568914609662,0.0,0.297257353088296,0.0,0.0373205430805683,0.0,0.2015519589185714,0.0,0.931459367275238,0.931459367275238,0.931459367275238,0.5351319313049316,0.0,0.3764984607696533,0.0,0.4812408983707428,0.0,0.1164019256830215,0.0,0.1576465815305709,0.0,0.2855838239192962,0.0,0.5893418192863464,0.5893418192863464,0.5893418192863464,0.2339711487293243,0.0,0.5154526829719543,0.0,0.1982376277446746,0.1982376277446746,0.1982376277446746,0.7678073048591614,0.0,0.75,0.75,0.76,0.76,0.76,0.76,0.72,0.74,0.75,0.78,0.81,0.73,0.73,0.73,0.8,0.81,0.78,0.81,0.73,0.77,0.84,0.8,0.69,0.69,0.69,0.69,0.69,0.69,0.68,0.69,0.66,0.66,0.66,0.66,0.66,0.66,0.65,0.72,0.71,0.71,0.71,0.72,0.71,0.71,0.68,0.68,0.67,0.68,0.67,0.71,0.68,0.67,0.69,0.66,0.72,0.71,0.7,0.71,0.71,0.71,0.71,0.71,0.7099999785423279,0.71,0.72,0.74,0.7099999785423279,0.71,0.73,0.7099999785423279,0.75,0.73,0.7300000190734863,0.73,0.7300000190734863,0.73,0.73,0.74,0.73,0.73,0.7300000190734863,0.73,0.73,0.73,0.73,0.83,0.83,0.83,0.83,0.82,0.72,0.72,0.72,0.71,0.72,0.72,0.74,0.72,0.71,0.71
0.2264090328915071,0.0,0.7402333724347684,0.0,0.806677968874139,0.0138068603213844,0.5196814925095374,0.0,0.5233053012048192,0.0,0.0718984269467079,0.0,0.129,0.0,0.6977973825014444,0.0,0.3236888201957754,0.0,0.5384672847525689,0.0,0.2929141303103128,0.0,0.0345502793788909,0.0,0.175957441329956,0.0,0.9242792725563048,0.9242792725563048,0.9242792725563048,0.5185052752494812,0.005874328315258,0.3386498689651489,0.0,0.5270053744316101,3.1056646548677236e-5,0.1000395566225051,0.0003461680316831,0.1519277840852737,0.0,0.2541190981864929,0.0,0.5645392537117004,0.5645392537117004,0.5645392537117004,0.2588181495666504,0.0,0.4635237753391266,0.0,0.1774091720581054,0.1774091720581054,0.1774091720581054,0.7605904936790466,0.0084269503131508,0.78,0.78,0.78,0.78,0.78,0.79,0.74,0.77,0.78,0.82,0.85,0.76,0.76,0.76,0.84,0.84,0.83,0.85,0.76,0.81,0.87,0.84,0.72,0.72,0.73,0.73,0.73,0.73,0.71,0.72,0.7,0.7,0.7,0.7,0.69,0.7,0.69,0.77,0.76,0.77,0.77,0.77,0.76,0.76,0.72,0.72,0.71,0.71,0.71,0.74,0.72,0.71,0.72,0.7,0.75,0.74,0.73,0.76,0.76,0.76,0.76,0.76,0.7599999904632568,0.76,0.77,0.78,0.7599999904632568,0.76,0.78,0.7599999904632568,0.8,0.78,0.7699999809265137,0.77,0.7699999809265137,0.77,0.77,0.78,0.77,0.77,0.7699999809265137,0.77,0.77,0.76,0.76,0.85,0.86,0.85,0.85,0.84,0.76,0.76,0.76,0.76,0.76,0.75,0.76,0.76,0.76,0.74
0.1857272459499263,0.105843785111526,0.7411956263817826,0.024311903443921,0.8067425290023136,0.3204119283065513,0.5905693681957755,0.119075,0.4525324096385542,0.1999689265536722,0.0780262756547126,0.1864618761701852,0.04,0.0608308482372889,0.7045847421437363,0.0093876999557427,0.1434374034003091,0.1335545345189275,0.5150529408291011,0.00375,0.2379441067081419,0.211,0.0364925302565097,0.1171045303344726,0.1626213490962982,0.0044498536735773,0.9033389687538148,0.9033389687538148,0.9033389687538148,0.5149230360984802,0.2045347392559051,0.3431370556354522,0.0405972301959991,0.5209727883338928,0.1694949269294738,0.0863865911960601,0.1535973101854324,0.1550642251968383,0.0541819259524345,0.2231719046831131,0.0055847540497779,0.5471391081809998,0.5471391081809998,0.5471391081809998,0.274010568857193,0.1169671788811683,0.4242803752422333,0.0093812150880694,0.1419461667537689,0.1419461667537689,0.1419461667537689,0.7364596128463745,0.2306598275899887,0.81,0.8,0.81,0.81,0.8,0.81,0.77,0.81,0.82,0.88,0.89,0.8,0.79,0.79,0.89,0.89,0.88,0.89,0.79,0.87,0.91,0.88,0.75,0.75,0.75,0.75,0.76,0.75,0.73,0.74,0.72,0.72,0.72,0.72,0.72,0.72,0.72,0.79,0.79,0.79,0.79,0.79,0.79,0.79,0.76,0.76,0.76,0.76,0.76,0.78,0.76,0.75,0.77,0.75,0.79,0.78,0.77,0.82,0.82,0.82,0.82,0.82,0.8199999928474426,0.82,0.82,0.83,0.8199999928474426,0.82,0.83,0.8199999928474426,0.85,0.83,0.7900000214576721,0.79,0.7900000214576721,0.79,0.79,0.8,0.79,0.79,0.7900000214576721,0.79,0.78,0.78,0.78,0.88,0.89,0.88,0.89,0.88,0.78,0.78,0.78,0.78,0.78,0.76,0.78,0.78,0.78,0.75
0.225793323514973,0.5423326673008115,0.653168127701398,0.3943397554562902,0.6544361097964609,0.7177017702631117,0.4891836791662789,0.461675,0.4321877710843373,0.5850367231638418,0.0545787616018127,0.476196623410162,0.397,0.4896797650759558,0.6394238237584465,0.2624793733613427,0.2021040700669757,0.5280527193619854,0.4608785579307901,0.2520191082802548,0.1968535946732799,0.6305000000000001,0.0415255725383758,0.5810275673866272,0.1637455224990844,0.223858892917633,0.8774096369743347,0.8774096369743347,0.8774096369743347,0.419946938753128,0.5728589296340942,0.3048058748245239,0.3438321650028229,0.4745514988899231,0.5781822204589844,0.0689371228218078,0.5952903032302856,0.148813784122467,0.3902013599872589,0.1989236772060394,0.2425749897956848,0.5253180861473083,0.5253180861473083,0.5253180861473083,0.2444984018802642,0.5230721831321716,0.3788264691829681,0.2377853691577911,0.1164393723011016,0.1164393723011016,0.1164393723011016,0.6250272989273071,0.6187113523483276,0.82,0.81,0.82,0.82,0.82,0.82,0.8,0.83,0.85,0.9,0.91,0.82,0.82,0.82,0.91,0.91,0.9,0.91,0.82,0.9,0.92,0.9,0.76,0.76,0.76,0.76,0.78,0.77,0.75,0.76,0.74,0.74,0.74,0.74,0.74,0.74,0.74,0.8,0.8,0.81,0.81,0.81,0.81,0.81,0.78,0.78,0.78,0.79,0.78,0.81,0.78,0.78,0.8,0.78,0.81,0.8,0.79,0.85,0.85,0.85,0.85,0.85,0.8500000238418579,0.85,0.85,0.85,0.8500000238418579,0.85,0.86,0.8500000238418579,0.87,0.85,0.800000011920929,0.8,0.800000011920929,0.8,0.8,0.81,0.8,0.8,0.800000011920929,0.8,0.8,0.8,0.79,0.9,0.9,0.9,0.9,0.89,0.79,0.79,0.79,0.79,0.8,0.78,0.79,0.8,0.79,0.77
0.1285317623956799,0.8444465545758486,0.4857937708698325,0.7489109029500525,0.4427839489289467,0.860788054034964,0.4276958220898855,0.7414499999999999,0.4977943975903615,0.8547881355932202,0.0146890932066756,0.6076743818193556,0.12,0.8184342886752521,0.4797006204627095,0.5028763716558187,0.1618606388459557,0.8248938043927515,0.3803798275658439,0.5137269108280256,0.1670596742276366,0.8625,0.0237401165068149,0.8866271376609802,0.1086740791797638,0.5918415188789368,0.8509334325790405,0.8509334325790405,0.8509334325790405,0.2284010052680969,0.77667236328125,0.2092799395322799,0.6600818634033203,0.3935911059379577,0.8596561551094055,0.0349275171756744,0.8662170171737671,0.1190209090709686,0.6985752582550049,0.1314597725868225,0.6374937295913696,0.5088302493095398,0.5088302493095398,0.5088302493095398,0.2045832574367523,0.8054811954498291,0.254942238330841,0.5266056060791016,0.0902808010578155,0.0902808010578155,0.0902808010578155,0.4005093872547149,0.8220407366752625,0.83,0.83,0.83,0.83,0.83,0.83,0.82,0.85,0.87,0.92,0.93,0.84,0.84,0.84,0.92,0.92,0.92,0.92,0.84,0.92,0.93,0.91,0.78,0.77,0.77,0.78,0.79,0.79,0.77,0.77,0.76,0.76,0.76,0.76,0.76,0.76,0.76,0.82,0.82,0.82,0.82,0.82,0.82,0.82,0.8,0.8,0.8,0.82,0.8,0.83,0.8,0.79,0.82,0.81,0.83,0.82,0.81,0.88,0.88,0.88,0.88,0.88,0.8799999952316284,0.88,0.86,0.87,0.8799999952316284,0.88,0.88,0.8799999952316284,0.89,0.87,0.8100000023841858,0.81,0.8100000023841858,0.81,0.81,0.82,0.81,0.81,0.8100000023841858,0.81,0.8,0.8,0.8,0.9,0.91,0.9,0.91,0.9,0.79,0.8,0.8,0.78,0.8,0.79,0.8,0.8,0.78,0.78
0.0741796759941089,0.8872317896966099,0.283785775908506,0.8185686413591821,0.5876992034835171,0.8912610144799578,0.0997014050432678,0.791375,0.5911046987951807,0.8825847457627118,0.0237266983310819,0.6398220349925754,0.29,0.8610738267604745,0.4085095330201714,0.6452598044297229,0.294763781555899,0.8419903147281472,0.3436409590173616,0.8789376326963908,0.3486607430013823,0.897,0.0261435750871896,0.9110780954360962,0.0624023526906967,0.7833886742591858,0.821928858757019,0.821928858757019,0.821928858757019,0.2888449132442474,0.847053050994873,0.1635737866163253,0.7887786030769348,0.3940303325653076,0.9000141024589539,0.0393498390913009,0.9341799020767212,0.1579776555299759,0.7692809700965881,0.0761028006672859,0.8341391682624817,0.5028813481330872,0.5028813481330872,0.5028813481330872,0.3205403685569763,0.8462702035903931,0.1447172462940216,0.6925181150436401,0.0733163207769393,0.0733163207769393,0.0733163207769393,0.4823043346405029,0.876981794834137,0.83,0.83,0.83,0.84,0.83,0.84,0.83,0.86,0.88,0.93,0.93,0.85,0.85,0.85,0.92,0.93,0.93,0.93,0.85,0.93,0.94,0.92,0.79,0.78,0.78,0.79,0.8,0.8,0.78,0.78,0.77,0.77,0.77,0.77,0.77,0.77,0.77,0.83,0.83,0.84,0.83,0.83,0.84,0.84,0.81,0.81,0.81,0.83,0.81,0.84,0.81,0.81,0.83,0.83,0.84,0.83,0.83,0.89,0.89,0.89,0.89,0.89,0.8899999856948853,0.89,0.88,0.88,0.8899999856948853,0.89,0.89,0.8899999856948853,0.9,0.89,0.8199999928474426,0.82,0.8199999928474426,0.82,0.82,0.82,0.82,0.82,0.8199999928474426,0.82,0.81,0.81,0.81,0.91,0.91,0.91,0.91,0.91,0.81,0.81,0.81,0.79,0.81,0.8,0.82,0.81,0.79,0.79
0.249501030927835,0.8694480381291392,0.1799762341728426,0.8281066443546656,0.6614865494638101,0.8639463623521104,0.0424142551409695,0.779075,0.6556896987951808,0.8510282485875705,0.0351234912196609,0.6536021692814254,0.393,0.8122757628151993,0.3611814916224975,0.6940249837201452,0.4570285935085008,0.7878891956072032,0.2843645033660092,0.8842582271762209,0.5092274094189787,0.869,0.0411932207643985,0.892693817615509,0.0472003780305385,0.84067702293396,0.7903311848640442,0.7903311848640442,0.7903311848640442,0.3859446048736572,0.8665356636047363,0.1512008309364318,0.8073154091835022,0.4293564260005951,0.8694261908531189,0.0550434850156307,0.9518980383872986,0.229746788740158,0.7957373857498169,0.0638458728790283,0.8568766713142395,0.5029959678649902,0.5029959678649902,0.5029959678649902,0.4003200232982635,0.8280910849571228,0.1267179399728775,0.7465737462043762,0.0611666850745677,0.0611666850745677,0.0611666850745677,0.6023780703544617,0.8774561882019043,0.84,0.84,0.84,0.84,0.84,0.84,0.84,0.88,0.89,0.94,0.94,0.87,0.86,0.86,0.93,0.93,0.94,0.93,0.86,0.94,0.94,0.92,0.8,0.79,0.79,0.8,0.81,0.81,0.79,0.79,0.78,0.78,0.78,0.78,0.78,0.78,0.79,0.84,0.84,0.84,0.84,0.84,0.85,0.84,0.82,0.82,0.82,0.85,0.82,0.85,0.82,0.82,0.84,0.84,0.85,0.84,0.84,0.91,0.91,0.91,0.91,0.91,0.9100000262260436,0.91,0.89,0.89,0.9100000262260436,0.91,0.9,0.9100000262260436,0.91,0.9,0.8299999833106995,0.83,0.8299999833106995,0.83,0.83,0.84,0.83,0.83,0.8299999833106995,0.83,0.82,0.82,0.82,0.91,0.92,0.92,0.92,0.92,0.81,0.81,0.81,0.8,0.81,0.8,0.82,0.81,0.8,0.79
0.4009812469317624,0.8505912841621616,0.1439825103997281,0.7960510755487561,0.630824807390781,0.8415780505032671,0.1546340374057876,0.6966749999999999,0.6851341566265061,0.8008559322033898,0.0178331081964355,0.6607430111692169,0.639,0.8036963424055544,0.3018803034489689,0.8259227110980121,0.60165275631118,0.7777808681335258,0.2435278138655959,0.8357813163481953,0.6186373024971247,0.8394999999999999,0.0696577727794647,0.857480525970459,0.0434627868235111,0.8395535349845886,0.7594285011291504,0.7594285011291504,0.7594285011291504,0.403770238161087,0.879588782787323,0.1662657111883163,0.782687783241272,0.4879129827022552,0.8202801942825317,0.0658009201288223,0.9449251890182496,0.3181478381156921,0.7999416589736938,0.0569321252405643,0.8387210965156555,0.5094891786575317,0.5094891786575317,0.5094891786575317,0.4785140454769134,0.7959499359130859,0.1141142770648002,0.7655140161514282,0.048429898917675,0.048429898917675,0.048429898917675,0.6670123338699341,0.8718191981315613,0.85,0.85,0.85,0.85,0.85,0.85,0.86,0.89,0.9,0.95,0.94,0.88,0.88,0.88,0.94,0.94,0.94,0.93,0.88,0.95,0.94,0.93,0.8,0.8,0.8,0.8,0.82,0.81,0.8,0.8,0.79,0.79,0.79,0.79,0.79,0.79,0.8,0.85,0.85,0.85,0.85,0.85,0.85,0.85,0.84,0.84,0.84,0.86,0.84,0.86,0.84,0.83,0.86,0.86,0.86,0.85,0.85,0.92,0.92,0.92,0.92,0.92,0.9200000166893004,0.92,0.89,0.9,0.9200000166893004,0.92,0.91,0.9200000166893004,0.92,0.9,0.8399999737739563,0.84,0.8399999737739563,0.84,0.84,0.84,0.84,0.83,0.8399999737739563,0.84,0.83,0.83,0.83,0.92,0.92,0.92,0.92,0.92,0.82,0.82,0.82,0.81,0.82,0.81,0.82,0.82,0.81,0.8
0.4353517918507609,0.7955510328784928,0.1510539054458279,0.788227365981606,0.5410601952739981,0.8248079419035849,0.2878111100772308,0.75615,0.6235843373493977,0.7685169491525423,0.0113505599372521,0.6363181935567177,0.897,0.7519701928201143,0.2195879574970484,0.8152838571547375,0.5535819165378671,0.7156227523209683,0.2370480985000591,0.7716398619957539,0.7773668024911177,0.8115,0.1090594083070755,0.8401185870170593,0.0464688949286937,0.8222006559371948,0.750671923160553,0.750671923160553,0.750671923160553,0.4075131416320801,0.8679628968238831,0.1922838985919952,0.7421943545341492,0.5452888607978821,0.7932496666908264,0.0853901281952858,0.924686074256897,0.3965804278850555,0.7724527716636658,0.0592239536345005,0.8125308752059937,0.5381172895431519,0.5381172895431519,0.5381172895431519,0.5238436460494995,0.7732986807823181,0.1181906536221504,0.7363954782485962,0.0390680953860282,0.0390680953860282,0.0390680953860282,0.6994990110397339,0.8529887795448303,0.85,0.85,0.85,0.85,0.85,0.85,0.88,0.91,0.92,0.95,0.95,0.9,0.9,0.9,0.94,0.94,0.95,0.93,0.9,0.96,0.95,0.93,0.81,0.81,0.81,0.81,0.82,0.82,0.81,0.81,0.8,0.8,0.8,0.8,0.8,0.8,0.81,0.85,0.85,0.86,0.85,0.85,0.86,0.86,0.85,0.85,0.85,0.87,0.85,0.87,0.85,0.84,0.87,0.87,0.87,0.86,0.86,0.93,0.93,0.93,0.93,0.93,0.9300000071525574,0.93,0.9,0.9,0.9300000071525574,0.93,0.91,0.9300000071525574,0.92,0.91,0.8399999737739563,0.84,0.8399999737739563,0.84,0.84,0.84,0.84,0.84,0.8399999737739563,0.84,0.83,0.83,0.83,0.92,0.92,0.92,0.92,0.92,0.82,0.83,0.83,0.82,0.83,0.82,0.82,0.83,0.82,0.81
0.5097613156602848,0.7491533494406708,0.1864272227886271,0.7203895546907713,0.4844951542255053,0.8254587674377539,0.2393456778635898,0.6966,0.541006686746988,0.7658983050847457,0.0233753104710444,0.5863586416166311,0.983,0.7080872432437626,0.1611656911753623,0.7990414819208979,0.7078173621844411,0.682446830963805,0.2255631274359277,0.7497669851380043,0.7634378428778382,0.8045,0.138784259557724,0.7967234253883362,0.056012712419033,0.7717736959457397,0.7802150845527649,0.7802150845527649,0.7802150845527649,0.4296658039093017,0.8645901083946228,0.2854931950569153,0.6964209675788879,0.5963669419288635,0.7609363794326782,0.1006464809179306,0.904512882232666,0.4853920638561249,0.7335053086280823,0.0666799843311309,0.7745819091796875,0.5609383583068848,0.5609383583068848,0.5609383583068848,0.5638810396194458,0.7432487607002258,0.1367891132831573,0.6819365620613098,0.0335036441683769,0.0335036441683769,0.0335036441683769,0.7063368558883667,0.8551397919654846,0.86,0.86,0.86,0.86,0.86,0.86,0.88,0.91,0.92,0.95,0.95,0.9,0.9,0.9,0.94,0.94,0.95,0.94,0.9,0.96,0.95,0.93,0.82,0.82,0.81,0.82,0.83,0.83,0.82,0.82,0.8,0.8,0.8,0.81,0.8,0.81,0.81,0.86,0.86,0.86,0.86,0.86,0.87,0.86,0.86,0.86,0.86,0.88,0.86,0.88,0.86,0.86,0.88,0.88,0.88,0.87,0.87,0.93,0.93,0.93,0.93,0.93,0.9300000071525574,0.93,0.9,0.91,0.9300000071525574,0.93,0.92,0.9300000071525574,0.92,0.91,0.8500000238418579,0.85,0.8500000238418579,0.85,0.85,0.85,0.85,0.84,0.8500000238418579,0.85,0.84,0.84,0.84,0.92,0.93,0.93,0.93,0.93,0.83,0.83,0.83,0.82,0.83,0.82,0.83,0.83,0.82,0.82
0.5843334315169367,0.7253294477566931,0.2943911618762673,0.700842951481691,0.4726940960519495,0.8217910559773972,0.174,0.6857749999999999,0.5451282530120483,0.7755480225988701,0.0239470129417403,0.6183402091807089,0.851,0.7346307538850549,0.1472485116430957,0.7570899838033619,0.738250128799588,0.6494793677929146,0.2873406755639542,0.7899179936305735,0.8249233672847315,0.804,0.1757412403821945,0.7373465299606323,0.0558587051928043,0.7471100687980652,0.8119164109230042,0.8119164109230042,0.8119164109230042,0.4699935913085937,0.8626632690429688,0.3260009884834289,0.6348565816879272,0.6577053070068359,0.7382002472877502,0.1163411810994148,0.8767184615135193,0.5650960803031921,0.6677641868591309,0.0826940909028053,0.7451820373535156,0.5886621475219727,0.5886621475219727,0.5886621475219727,0.6226771473884583,0.7314139008522034,0.1577503234148025,0.6436461806297302,0.0290612541139125,0.0290612541139125,0.0290612541139125,0.7193142771720886,0.8529711961746216,0.86,0.86,0.86,0.86,0.86,0.86,0.89,0.92,0.93,0.96,0.95,0.91,0.91,0.91,0.95,0.95,0.96,0.94,0.91,0.97,0.95,0.93,0.83,0.83,0.82,0.83,0.84,0.83,0.82,0.83,0.81,0.81,0.81,0.81,0.8,0.81,0.82,0.87,0.87,0.87,0.87,0.87,0.87,0.87,0.86,0.86,0.87,0.89,0.87,0.89,0.86,0.86,0.89,0.9,0.89,0.88,0.88,0.93,0.93,0.93,0.93,0.93,0.9300000071525574,0.93,0.91,0.91,0.9300000071525574,0.93,0.92,0.9300000071525574,0.92,0.92,0.8600000143051147,0.86,0.8600000143051147,0.86,0.86,0.86,0.86,0.85,0.8600000143051147,0.86,0.85,0.85,0.85,0.93,0.93,0.93,0.93,0.93,0.83,0.84,0.84,0.82,0.84,0.83,0.83,0.84,0.82,0.82
0.481213058419244,0.6904999331154655,0.4407026745845839,0.7015751086401646,0.4620248600767743,0.7882043748896346,0.4857741695356843,0.6286750000000001,0.4254601807228916,0.7596610169491524,0.0454915246851714,0.5600448382723222,0.943,0.7103454493066461,0.1684664774297269,0.7259574767847693,0.7000710973724884,0.6363061433724838,0.305955503720326,0.7742852972399152,0.8391107575984789,0.7835000000000001,0.2052956819534301,0.6733569502830505,0.0641332417726516,0.707342803478241,0.8503244519233704,0.8503244519233704,0.8503244519233704,0.4981802701950073,0.8316465020179749,0.3417273163795471,0.5568168759346008,0.6803838610649109,0.7010014653205872,0.1357037276029586,0.8263315558433533,0.5850569605827332,0.5753875374794006,0.1046158224344253,0.7334745526313782,0.6082169413566589,0.6082169413566589,0.6082169413566589,0.6498703360557556,0.6876891255378723,0.1703816652297973,0.5988216996192932,0.0323191992938518,0.0323191992938518,0.0323191992938518,0.7404174208641052,0.8203495740890503,0.86,0.86,0.87,0.86,0.86,0.86,0.89,0.92,0.93,0.97,0.96,0.91,0.91,0.91,0.95,0.95,0.96,0.95,0.91,0.98,0.96,0.94,0.84,0.83,0.83,0.84,0.84,0.84,0.83,0.83,0.81,0.81,0.81,0.81,0.81,0.81,0.82,0.88,0.88,0.88,0.88,0.88,0.88,0.88,0.87,0.87,0.88,0.9,0.88,0.89,0.87,0.87,0.9,0.9,0.89,0.89,0.89,0.94,0.94,0.94,0.94,0.94,0.9399999976158142,0.94,0.91,0.92,0.9399999976158142,0.94,0.92,0.9399999976158142,0.93,0.92,0.8600000143051147,0.86,0.8600000143051147,0.86,0.86,0.86,0.86,0.86,0.8600000143051147,0.86,0.85,0.85,0.85,0.94,0.94,0.93,0.94,0.93,0.83,0.84,0.84,0.82,0.84,0.83,0.83,0.84,0.82,0.83
0.3509289150711832,0.5973793048605524,0.5647089933605484,0.5882072098750046,0.4881212710599683,0.6509466272293838,0.447004838559598,0.56515,0.4838987951807229,0.6485028248587569,0.1212061963484247,0.4636419071599199,0.777,0.6039338750884963,0.2016857996935366,0.6501842428404853,0.7361347243688822,0.5344740535439131,0.3384945966694225,0.7813083864118897,0.8358358435448205,0.659,0.2172355204820633,0.6079145669937134,0.0747026354074478,0.687373697757721,0.8811909556388855,0.8811909556388855,0.8811909556388855,0.5358992218971252,0.7078782320022583,0.3396807014942169,0.4812096953392029,0.684407114982605,0.6274310946464539,0.1652077883481979,0.7321375012397766,0.5791444182395935,0.5039592981338501,0.1373476535081863,0.7343131899833679,0.6408977508544922,0.6408977508544922,0.6408977508544922,0.6213967204093933,0.6179635524749756,0.2040210664272308,0.5915296077728271,0.0314845740795135,0.0314845740795135,0.0314845740795135,0.7593133449554443,0.703201413154602,0.87,0.87,0.87,0.86,0.87,0.87,0.89,0.93,0.94,0.97,0.96,0.92,0.91,0.91,0.95,0.95,0.97,0.95,0.91,0.99,0.96,0.94,0.84,0.84,0.83,0.84,0.84,0.84,0.83,0.84,0.81,0.81,0.82,0.82,0.81,0.82,0.83,0.89,0.88,0.88,0.88,0.88,0.88,0.88,0.88,0.88,0.89,0.91,0.89,0.9,0.88,0.88,0.9,0.91,0.9,0.89,0.89,0.94,0.94,0.94,0.94,0.94,0.9399999976158142,0.94,0.92,0.92,0.9399999976158142,0.94,0.93,0.9399999976158142,0.93,0.92,0.8600000143051147,0.86,0.8600000143051147,0.86,0.86,0.86,0.86,0.86,0.8600000143051147,0.86,0.86,0.85,0.85,0.93,0.93,0.93,0.93,0.93,0.83,0.84,0.84,0.82,0.84,0.83,0.83,0.84,0.82,0.83
0.4252309278350515,0.2762197575700105,0.6012030837338018,0.3402341180981203,0.673214854704515,0.2463425525339926,0.5061007723085512,0.267375,0.43353078313253,0.3126468926553672,0.2609659244411521,0.1558738136742204,0.754,0.3033593177151407,0.2641022130673969,0.5963327511671848,0.8363925811437404,0.2518077945800879,0.3691518542577064,0.7125398089171975,0.8332154084556213,0.313,0.2328924238681793,0.3975976705551147,0.0869458839297294,0.6187156438827515,0.9182588458061218,0.9182588458061218,0.9182588458061218,0.6212058663368225,0.3709267675876617,0.2920206785202026,0.3447767794132232,0.5809578895568848,0.3895134925842285,0.2522552907466888,0.4382652938365936,0.496087372303009,0.3295440673828125,0.1623012870550155,0.6777527332305908,0.6610286831855774,0.6610286831855774,0.6610286831855774,0.5350128412246704,0.3984416425228119,0.218679204583168,0.5121864676475525,0.0530960373580455,0.0530960373580455,0.0530960373580455,0.7813721895217896,0.3670993745326996,0.86,0.86,0.86,0.86,0.86,0.86,0.89,0.92,0.94,0.97,0.96,0.91,0.91,0.91,0.96,0.95,0.97,0.95,0.91,0.99,0.96,0.94,0.81,0.81,0.81,0.81,0.81,0.81,0.82,0.83,0.81,0.82,0.81,0.81,0.81,0.82,0.82,0.85,0.85,0.85,0.85,0.85,0.85,0.85,0.89,0.89,0.9,0.91,0.9,0.9,0.89,0.89,0.9,0.91,0.9,0.89,0.89,0.94,0.94,0.94,0.94,0.94,0.9399999976158142,0.94,0.92,0.92,0.9399999976158142,0.94,0.93,0.9399999976158142,0.93,0.92,0.8399999737739563,0.84,0.8399999737739563,0.84,0.84,0.84,0.84,0.84,0.8399999737739563,0.84,0.84,0.84,0.84,0.93,0.93,0.93,0.93,0.93,0.82,0.81,0.81,0.82,0.81,0.8,0.82,0.81,0.82,0.8
0.2864369170348552,0.0,0.6522759072114849,0.0748451120737277,0.5132000469812041,0.0,0.5309860426165441,0.0,0.7755362048192771,0.0,0.3750660595232908,0.0,0.698,0.0076381156009384,0.4261918410409706,0.3323486929692903,0.6499600721277694,0.0,0.4402441832998701,0.4225411358811041,0.7731794883786021,0.0,0.2515557408332824,0.0582322143018245,0.1009155586361885,0.3397517502307892,0.9317179918289183,0.9317179918289183,0.9317179918289183,0.6767192482948303,0.0343185886740684,0.2675405740737915,0.114159345626831,0.540084183216095,0.0557195618748664,0.3529505431652069,0.0522583313286304,0.4079761803150177,0.0761420428752899,0.2008516192436218,0.3989286124706268,0.6878917217254639,0.6878917217254639,0.6878917217254639,0.3750930726528168,0.0683596581220626,0.238349974155426,0.2713179886341095,0.0583731494843959,0.0583731494843959,0.0583731494843959,0.7496330142021179,0.0370155982673168,0.82,0.83,0.82,0.83,0.83,0.83,0.86,0.9,0.92,0.96,0.94,0.89,0.89,0.89,0.93,0.93,0.95,0.93,0.89,0.98,0.94,0.92,0.74,0.74,0.74,0.74,0.74,0.74,0.8,0.8,0.81,0.83,0.81,0.81,0.82,0.81,0.81,0.8,0.79,0.79,0.79,0.79,0.79,0.79,0.87,0.87,0.87,0.87,0.88,0.86,0.87,0.87,0.87,0.88,0.86,0.86,0.86,0.91,0.91,0.91,0.91,0.91,0.9100000262260436,0.91,0.89,0.9,0.9100000262260436,0.91,0.91,0.9100000262260436,0.91,0.9,0.8100000023841858,0.81,0.8100000023841858,0.81,0.81,0.81,0.81,0.81,0.8100000023841858,0.81,0.81,0.81,0.81,0.92,0.92,0.92,0.92,0.92,0.79,0.78,0.78,0.79,0.78,0.75,0.81,0.78,0.79,0.74
0.2346511536573392,0.0,0.7231083222320951,0.0082720360750091,0.59726501238487,0.0,0.2877473713594491,0.0,0.6402881927710843,0.0,0.4784164451610092,0.0,0.732,0.0,0.5269536034565049,0.0625834384062037,0.4221429675425039,0.0,0.4640067320184246,0.0746855095541401,0.5374074370497767,0.0,0.2947700917720794,0.0,0.1496259421110153,0.0432096794247627,0.9404715895652772,0.9404715895652772,0.9404715895652772,0.6826079487800598,0.0,0.2801024317741394,0.0025520357303321,0.5753782987594604,0.0,0.4381195306777954,0.0,0.3146820664405823,8.473422894894611e-6,0.2761877179145813,0.068022035062313,0.7140899300575256,0.7140899300575256,0.7140899300575256,0.3115733563899994,0.0,0.3110091686248779,0.0326190553605556,0.0604792051017284,0.0604792051017284,0.0604792051017284,0.7207168936729431,0.0,0.8,0.8,0.8,0.8,0.8,0.8,0.8,0.85,0.88,0.93,0.91,0.84,0.84,0.84,0.9,0.9,0.92,0.89,0.84,0.95,0.92,0.89,0.7,0.7,0.7,0.7,0.7,0.7,0.77,0.77,0.79,0.79,0.78,0.78,0.79,0.78,0.78,0.75,0.74,0.74,0.74,0.75,0.74,0.74,0.82,0.82,0.83,0.82,0.83,0.81,0.82,0.82,0.82,0.83,0.81,0.81,0.81,0.86,0.86,0.86,0.86,0.86,0.8600000143051147,0.86,0.85,0.85,0.8600000143051147,0.86,0.86,0.8600000143051147,0.87,0.86,0.7699999809265137,0.77,0.7699999809265137,0.77,0.77,0.78,0.77,0.78,0.7699999809265137,0.77,0.78,0.78,0.78,0.9,0.9,0.9,0.9,0.9,0.77,0.77,0.77,0.76,0.76,0.72,0.79,0.76,0.76,0.71
0.1487126165930289,0.0,0.8000616791230812,0.0,0.5008505658052478,0.0,0.2977463478179957,0.0,0.5505942168674698,0.0,0.5011331212689006,0.0,0.521,0.0,0.6498828154437439,0.0,0.3755847501287996,0.0,0.5020374099444904,0.0,0.6673899327469653,0.0,0.3010022342205047,0.0,0.193265751004219,0.0,0.939019739627838,0.939019739627838,0.939019739627838,0.6102741956710815,0.0,0.3073648512363434,0.0,0.6198152303695679,0.0,0.4483660161495209,0.0,0.2412919551134109,0.0,0.3319624960422516,0.0,0.7218089699745178,0.7218089699745178,0.7218089699745178,0.2323449999094009,0.0,0.4175294637680053,0.0,0.0786325186491012,0.0786325186491012,0.0786325186491012,0.7293503880500793,0.0,0.77,0.77,0.78,0.77,0.77,0.77,0.78,0.83,0.86,0.9,0.88,0.82,0.82,0.81,0.87,0.86,0.89,0.86,0.82,0.93,0.89,0.85,0.67,0.67,0.67,0.67,0.67,0.67,0.74,0.74,0.74,0.73,0.73,0.73,0.73,0.73,0.74,0.72,0.72,0.71,0.72,0.72,0.71,0.71,0.79,0.79,0.79,0.79,0.79,0.78,0.79,0.79,0.78,0.79,0.78,0.77,0.78,0.8,0.8,0.8,0.8,0.8,0.800000011920929,0.8,0.8,0.82,0.800000011920929,0.8,0.82,0.800000011920929,0.83,0.82,0.75,0.75,0.75,0.75,0.75,0.75,0.75,0.75,0.75,0.75,0.75,0.75,0.75,0.88,0.88,0.88,0.88,0.87,0.74,0.74,0.74,0.74,0.73,0.7,0.76,0.74,0.74,0.68
0.0743438389788905,0.0,0.8418657606908061,0.0,0.5440861565975822,0.0,0.1122756117986414,0.0,0.3755193975903614,0.0,0.5181319883219313,0.0,0.017,0.0,0.7133635610037931,0.0,0.3443967027305513,0.0,0.4544020904688792,0.0,0.5651459016299647,0.0,0.2825509905815124,0.0,0.209669217467308,0.0,0.9446917176246644,0.9446917176246644,0.9446917176246644,0.5977290868759155,0.0,0.2798517942428589,0.0,0.5860090851783752,0.0,0.4404356181621551,0.0,0.1973073184490203,0.0,0.3111648559570312,0.0,0.7264472842216492,0.7264472842216492,0.7264472842216492,0.1932213753461837,0.0,0.4640921652317047,0.0,0.0775079056620597,0.0775079056620597,0.0775079056620597,0.7074957489967346,0.0,0.76,0.75,0.77,0.75,0.76,0.76,0.76,0.81,0.83,0.87,0.85,0.8,0.79,0.79,0.84,0.84,0.86,0.83,0.79,0.9,0.86,0.82,0.65,0.65,0.66,0.65,0.65,0.65,0.72,0.72,0.7,0.7,0.7,0.7,0.7,0.7,0.71,0.7,0.69,0.69,0.69,0.7,0.69,0.69,0.77,0.77,0.77,0.76,0.77,0.76,0.77,0.77,0.76,0.76,0.76,0.75,0.75,0.76,0.76,0.76,0.76,0.76,0.7599999904632568,0.76,0.77,0.79,0.7599999904632568,0.76,0.78,0.7599999904632568,0.8,0.78,0.7200000286102295,0.72,0.7200000286102295,0.72,0.72,0.73,0.72,0.73,0.7200000286102295,0.72,0.73,0.73,0.73,0.85,0.86,0.86,0.86,0.85,0.72,0.72,0.72,0.73,0.72,0.67,0.73,0.72,0.73,0.66
0.0263564064801178,0.0,0.8387382176002072,0.0,0.5364082856476771,0.0,0.2079229552433237,0.0,0.3844129518072289,0.0,0.5376133600592619,0.0,0.0,0.0,0.7182917933130699,0.0,0.4045121071612571,0.0,0.4044180937758357,0.0,0.4498224848929479,0.0,0.2449880838394165,0.0,0.220802828669548,0.0,0.9508913159370422,0.9508913159370422,0.9508913159370422,0.6089114546775818,0.0,0.2558550536632538,0.0,0.5264703035354614,0.0,0.413509339094162,0.0,0.1535696238279342,0.0,0.2968249917030334,0.0,0.7073585987091064,0.7073585987091064,0.7073585987091064,0.1636107861995697,0.0,0.4299656748771667,0.0,0.0695299580693245,0.0695299580693245,0.0695299580693245,0.6917051076889038,0.0,0.74,0.74,0.76,0.74,0.74,0.74,0.74,0.78,0.8,0.84,0.82,0.77,0.76,0.76,0.81,0.81,0.83,0.81,0.76,0.87,0.83,0.8,0.64,0.64,0.64,0.64,0.64,0.64,0.7,0.7,0.68,0.69,0.69,0.68,0.68,0.69,0.69,0.68,0.67,0.67,0.68,0.68,0.67,0.67,0.75,0.75,0.75,0.74,0.75,0.74,0.75,0.75,0.74,0.75,0.74,0.73,0.73,0.73,0.73,0.73,0.73,0.73,0.7300000190734863,0.73,0.75,0.76,0.7300000190734863,0.73,0.76,0.7300000190734863,0.77,0.76,0.7099999785423279,0.71,0.7099999785423279,0.71,0.71,0.71,0.71,0.71,0.7099999785423279,0.71,0.71,0.71,0.71,0.84,0.84,0.83,0.84,0.83,0.71,0.71,0.71,0.71,0.7,0.66,0.72,0.71,0.71,0.65
0.0100557682866961,0.0,0.8429429585907934,0.0,0.630833472419913,0.0,0.4312298315809062,0.0,0.6231297590361446,0.0,0.5489349426990283,0.0,0.028,0.0,0.6937941169082369,0.0,0.3793341061308604,0.0,0.4357671548364238,0.0,0.4708438798145032,0.0,0.199110209941864,0.0,0.2173728197813034,0.0,0.9552956223487854,0.9552956223487854,0.9552956223487854,0.6193223595619202,0.0,0.2271928936243057,0.0,0.5232850909233093,0.0,0.3705058395862579,0.0,0.107409082353115,0.0,0.2711373269557953,0.0,0.6791445016860962,0.6791445016860962,0.6791445016860962,0.1274460107088089,0.0,0.3414948880672455,0.0,0.0676543563604354,0.0676543563604354,0.0676543563604354,0.7246071696281433,0.0,0.73,0.73,0.75,0.73,0.73,0.73,0.72,0.76,0.77,0.8,0.79,0.75,0.74,0.74,0.78,0.78,0.8,0.78,0.74,0.83,0.81,0.78,0.64,0.64,0.64,0.64,0.63,0.64,0.68,0.68,0.67,0.68,0.67,0.67,0.67,0.68,0.68,0.67,0.66,0.66,0.66,0.67,0.66,0.66,0.74,0.74,0.74,0.73,0.74,0.73,0.74,0.74,0.72,0.73,0.73,0.72,0.72,0.71,0.71,0.71,0.71,0.71,0.7099999785423279,0.71,0.73,0.75,0.7099999785423279,0.71,0.73,0.7099999785423279,0.75,0.74,0.6899999976158142,0.69,0.6899999976158142,0.69,0.69,0.7,0.69,0.7,0.6899999976158142,0.69,0.7,0.7,0.7,0.83,0.83,0.82,0.83,0.82,0.7,0.7,0.7,0.7,0.7,0.66,0.71,0.7,0.7,0.64
0.0023642611683848,0.0,0.8202657965472944,0.0,0.5676900226448607,0.0,0.5499809249092771,0.0,0.7074256024096386,0.0,0.5235202405333566,0.0,0.135,0.0,0.7116517872842825,0.0,0.1955329726944873,0.0,0.395898133931735,0.0,0.426883221236302,0.0,0.146523967385292,0.0,0.1989577561616897,0.0,0.9598551392555236,0.9598551392555236,0.9598551392555236,0.5957818627357483,0.0,0.2056585699319839,0.0,0.5453248620033264,0.0,0.3146804571151733,0.0,0.0738166719675064,0.0,0.2294553071260452,0.0,0.6500273942947388,0.6500273942947388,0.6500273942947388,0.0981302708387374,0.0,0.269582599401474,0.0,0.0671863481402397,0.0671863481402397,0.0671863481402397,0.7083873748779297,0.0,0.72,0.72,0.74,0.72,0.72,0.72,0.7,0.73,0.74,0.77,0.77,0.72,0.72,0.72,0.77,0.77,0.77,0.77,0.72,0.79,0.79,0.76,0.64,0.64,0.65,0.64,0.64,0.64,0.67,0.67,0.67,0.68,0.67,0.66,0.67,0.67,0.67,0.67,0.66,0.65,0.66,0.66,0.65,0.65,0.73,0.73,0.73,0.71,0.73,0.72,0.73,0.73,0.71,0.71,0.72,0.71,0.71,0.69,0.69,0.69,0.69,0.69,0.6899999976158142,0.69,0.72,0.73,0.6899999976158142,0.69,0.72,0.6899999976158142,0.74,0.72,0.6899999976158142,0.69,0.6899999976158142,0.69,0.69,0.69,0.69,0.69,0.6899999976158142,0.69,0.69,0.69,0.69,0.82,0.82,0.81,0.82,0.81,0.7,0.7,0.7,0.69,0.7,0.66,0.71,0.7,0.69,0.64
0.0059051546391752,0.0,0.8023527591301941,0.0,0.4675214621654196,0.0,0.5902484414255141,0.0,0.5050182530120482,0.0,0.3768596888753323,0.0,0.338,0.0,0.6787720867140595,0.0,0.2748760947964966,0.0,0.4175908231959372,0.0,0.4562084007955042,0.0,0.105497732758522,0.0,0.1965005099773407,0.0,0.9603617191314696,0.9603617191314696,0.9603617191314696,0.5617420673370361,0.0,0.1698956191539764,0.0,0.5580188035964966,0.0,0.2622596025466919,0.0,0.0492565855383873,0.0,0.1994611173868179,0.0,0.6168035268783569,0.6168035268783569,0.6168035268783569,0.0892138928174972,0.0,0.2324946969747543,0.0,0.06351900100708,0.06351900100708,0.06351900100708,0.7121840715408325,0.0,0.72,0.72,0.74,0.72,0.72,0.72,0.69,0.71,0.72,0.75,0.76,0.71,0.7,0.7,0.75,0.75,0.75,0.76,0.7,0.76,0.78,0.75,0.65,0.65,0.65,0.65,0.64,0.65,0.67,0.67,0.67,0.68,0.66,0.66,0.67,0.66,0.67,0.66,0.65,0.65,0.65,0.66,0.65,0.65,0.72,0.72,0.72,0.71,0.72,0.71,0.72,0.72,0.71,0.71,0.71,0.71,0.7,0.68,0.68,0.68,0.68,0.68,0.6800000071525574,0.68,0.71,0.73,0.6800000071525574,0.68,0.71,0.6800000071525574,0.73,0.72,0.6800000071525574,0.68,0.6800000071525574,0.68,0.68,0.69,0.68,0.69,0.6800000071525574,0.68,0.69,0.69,0.69,0.81,0.82,0.81,0.82,0.8,0.7,0.7,0.7,0.69,0.7,0.67,0.7,0.7,0.69,0.65
0.0024742268041237,0.0,0.7763992500137225,0.0,0.5108565193304908,0.0,0.5453693123662418,0.0,0.3991181927710843,0.0,0.213364198875768,0.0,0.045,0.0,0.6785855459820643,0.0,0.271962648119526,0.0,0.475102308964214,0.0,0.5582520854377048,0.0,0.0739277750253677,0.0,0.1857337951660156,0.0,0.956522524356842,0.956522524356842,0.956522524356842,0.5054723620414734,0.0,0.1415559947490692,0.0,0.5500560998916626,0.0,0.2303646504878997,0.0,0.0396622568368911,0.0,0.1807834953069687,0.0,0.5780795216560364,0.5780795216560364,0.5780795216560364,0.0777997598052024,0.0,0.2014135271310806,0.0,0.0437867194414138,0.0437867194414138,0.0437867194414138,0.7054081559181213,0.0,0.72,0.72,0.74,0.72,0.72,0.72,0.67,0.7,0.71,0.74,0.75,0.69,0.69,0.69,0.75,0.75,0.74,0.76,0.69,0.74,0.77,0.75,0.66,0.66,0.67,0.66,0.66,0.66,0.67,0.67,0.68,0.69,0.67,0.66,0.67,0.66,0.67,0.67,0.66,0.66,0.66,0.66,0.65,0.66,0.72,0.72,0.72,0.71,0.72,0.71,0.72,0.72,0.71,0.71,0.71,0.71,0.7,0.69,0.69,0.69,0.69,0.69,0.6899999976158142,0.69,0.71,0.73,0.6899999976158142,0.69,0.71,0.6899999976158142,0.73,0.72,0.6800000071525574,0.68,0.6800000071525574,0.68,0.68,0.69,0.68,0.69,0.6800000071525574,0.68,0.68,0.68,0.69,0.81,0.82,0.81,0.82,0.8,0.7,0.7,0.7,0.69,0.7,0.67,0.7,0.7,0.69,0.66
0.0023269513991163,0.0,0.7211393919143823,0.0,0.559253044337636,0.0,0.474293663347911,0.0,0.5784963253012048,0.0,0.3717358054817203,0.0,0.064,0.0,0.7026420407445554,0.0,0.0331043276661514,0.0,0.5907362702255818,0.0,0.4626063004180901,0.0,0.0598960891366004,0.0,0.1833665519952774,0.0,0.9537818431854248,0.9537818431854248,0.9537818431854248,0.4571805596351623,0.0,0.1197560504078865,0.0,0.523801326751709,0.0,0.1990042626857757,0.0,0.0329631268978118,0.0,0.1698486655950546,0.0,0.55903559923172,0.55903559923172,0.55903559923172,0.0555314384400844,0.0,0.1855579167604446,0.0,0.0286151468753814,0.0286151468753814,0.0286151468753814,0.6827099919319153,0.0,0.73,0.73,0.75,0.72,0.73,0.72,0.68,0.7,0.71,0.74,0.75,0.69,0.69,0.69,0.75,0.75,0.74,0.77,0.69,0.73,0.78,0.76,0.68,0.68,0.68,0.68,0.67,0.68,0.68,0.69,0.69,0.7,0.68,0.67,0.68,0.68,0.68,0.68,0.67,0.67,0.67,0.68,0.67,0.67,0.72,0.72,0.72,0.71,0.72,0.72,0.72,0.72,0.71,0.71,0.72,0.71,0.71,0.7,0.7,0.7,0.7,0.7,0.699999988079071,0.7,0.72,0.73,0.699999988079071,0.7,0.72,0.699999988079071,0.73,0.72,0.6899999976158142,0.69,0.6899999976158142,0.69,0.69,0.69,0.69,0.69,0.6899999976158142,0.69,0.69,0.69,0.69,0.82,0.83,0.81,0.83,0.81,0.7,0.7,0.7,0.7,0.7,0.68,0.71,0.7,0.7,0.67
0.0052235640648011,0.0,0.6557090346012215,0.0,0.611334254949785,0.0,0.3721501814459849,0.0,0.5994777710843373,0.0,0.3770907229073162,0.0,0.111,0.0,0.7430827199879425,0.0,0.039087583719732,0.0,0.5843124188024095,0.0,0.4599354781771189,0.0,0.0487741120159626,0.0,0.1605308651924133,0.0,0.948440670967102,0.948440670967102,0.948440670967102,0.4415850043296814,0.0,0.0889461785554885,0.0,0.4982003271579742,0.0,0.1750468164682388,0.0,0.0300075896084308,0.0,0.1664909124374389,0.0,0.540700376033783,0.540700376033783,0.540700376033783,0.0440441109240055,0.0,0.1623924374580383,0.0,0.0226333178579807,0.0226333178579807,0.0226333178579807,0.6551473736763,0.0,0.74,0.74,0.76,0.73,0.74,0.74,0.69,0.71,0.72,0.75,0.77,0.7,0.7,0.7,0.76,0.76,0.75,0.78,0.7,0.74,0.79,0.77,0.71,0.71,0.71,0.71,0.71,0.71,0.7,0.71,0.71,0.72,0.71,0.71,0.71,0.71,0.71,0.71,0.71,0.71,0.71,0.71,0.7,0.7,0.73,0.73,0.73,0.72,0.73,0.73,0.73,0.73,0.72,0.72,0.73,0.73,0.72,0.72,0.72,0.72,0.72,0.72,0.7200000286102295,0.72,0.73,0.74,0.7200000286102295,0.72,0.73,0.7200000286102295,0.75,0.74,0.7099999785423279,0.71,0.7099999785423279,0.71,0.71,0.71,0.71,0.71,0.7099999785423279,0.71,0.71,0.71,0.71,0.84,0.84,0.83,0.84,0.82,0.72,0.72,0.72,0.72,0.72,0.7,0.73,0.72,0.72,0.69
0.0164137457044673,0.0,0.5710300283734298,0.0,0.640999277052152,0.0113152922479251,0.3703110635526193,0.0,0.5848271686746989,0.0,0.3280904178831322,0.0,0.228,0.0,0.7382793840588812,0.0,0.05637171561051,0.0,0.5458484705326563,0.0,0.4979571219116251,0.0,0.0387872904539108,0.0,0.1448685675859451,0.0,0.9421438574790956,0.9421438574790956,0.9421438574790956,0.4661425352096557,0.0048882998526096,0.0733942836523056,0.0,0.4847046434879303,4.748686478706077e-6,0.1559747457504272,0.0002450550091452,0.0306462068110704,0.0,0.1557712703943252,0.0,0.5244055986404419,0.5244055986404419,0.5244055986404419,0.0339720845222473,0.0,0.1511712372303009,0.0,0.0210668556392192,0.0210668556392192,0.0210668556392192,0.631108283996582,0.0069983573630452,0.77,0.77,0.79,0.76,0.77,0.77,0.72,0.74,0.75,0.78,0.8,0.73,0.73,0.73,0.79,0.8,0.78,0.81,0.73,0.77,0.82,0.81,0.74,0.74,0.74,0.74,0.73,0.74,0.76,0.76,0.75,0.76,0.75,0.74,0.75,0.74,0.76,0.76,0.75,0.75,0.75,0.76,0.75,0.75,0.76,0.76,0.76,0.76,0.76,0.78,0.76,0.76,0.76,0.75,0.77,0.77,0.76,0.76,0.76,0.76,0.76,0.76,0.7599999904632568,0.76,0.77,0.78,0.7599999904632568,0.76,0.77,0.7599999904632568,0.78,0.77,0.7699999809265137,0.77,0.7699999809265137,0.77,0.77,0.77,0.77,0.77,0.7699999809265137,0.77,0.76,0.76,0.76,0.86,0.86,0.85,0.86,0.85,0.77,0.78,0.78,0.78,0.78,0.75,0.76,0.78,0.78,0.73
0.0032742268041237,0.0753397618741373,0.4867384736566414,0.0183776291391737,0.6648730457976549,0.3187860233092001,0.3310620638317669,0.0624999999999999,0.5584799397590361,0.1757570621468926,0.2250139875375833,0.2400299567434953,0.168,0.0430557318060144,0.7434246024768268,0.0069038959733669,0.0415293663060278,0.1196875915074286,0.5207862879414198,0.003457271762208,0.5329595590662519,0.192,0.0276413913816213,0.1013787537813186,0.1314524263143539,0.0044066407717764,0.9410642981529236,0.9410642981529236,0.9410642981529236,0.4682497680187225,0.170920729637146,0.0662958845496177,0.0437532924115657,0.4851614236831665,0.1443535685539245,0.1334332823753357,0.1181661263108253,0.0309838466346263,0.055430494248867,0.1493139266967773,0.0062129166908562,0.5144647359848022,0.5144647359848022,0.5144647359848022,0.0276867784559726,0.1074932888150215,0.1476038694381714,0.0117288092151284,0.013466109521687,0.013466109521687,0.013466109521687,0.631719172000885,0.207316905260086,0.79,0.79,0.81,0.78,0.78,0.78,0.76,0.78,0.79,0.83,0.85,0.77,0.77,0.77,0.85,0.85,0.83,0.86,0.77,0.81,0.87,0.85,0.75,0.76,0.76,0.75,0.75,0.75,0.79,0.79,0.77,0.78,0.77,0.77,0.77,0.77,0.8,0.77,0.77,0.77,0.77,0.77,0.77,0.77,0.78,0.78,0.78,0.79,0.78,0.81,0.78,0.77,0.79,0.78,0.8,0.79,0.79,0.84,0.84,0.84,0.84,0.84,0.8399999737739563,0.84,0.82,0.83,0.8399999737739563,0.84,0.83,0.8399999737739563,0.84,0.83,0.7900000214576721,0.79,0.7900000214576721,0.79,0.79,0.79,0.79,0.78,0.7900000214576721,0.79,0.78,0.78,0.78,0.88,0.89,0.88,0.89,0.88,0.79,0.79,0.79,0.8,0.79,0.76,0.78,0.79,0.8,0.75
0.0125107511045655,0.5783854511649851,0.3703775906075627,0.3755571595600641,0.4595915384506636,0.7511937577255873,0.2634900902577463,0.482875,0.4582044578313252,0.6256723163841807,0.0824367074818075,0.7103592226741557,0.239,0.4804732149748963,0.7048631214047076,0.2695225811383616,0.0348593508500772,0.5689450569176074,0.4778492086925712,0.2475103503184714,0.5705772586668402,0.668,0.0226326398551464,0.5586555600166321,0.119194746017456,0.2600546181201935,0.9378037452697754,0.9378037452697754,0.9378037452697754,0.3481793999671936,0.5093606114387512,0.0576520450413227,0.4016837179660797,0.4495182633399963,0.5292360782623291,0.0903889834880828,0.486293762922287,0.0284765772521495,0.4665439128875732,0.1401720345020294,0.2538980841636657,0.506956160068512,0.506956160068512,0.506956160068512,0.0227741580456495,0.5519628524780273,0.1417761296033859,0.263777881860733,0.0046754870563745,0.0046754870563745,0.0046754870563745,0.5249523520469666,0.5557700991630554,0.8,0.8,0.82,0.79,0.79,0.8,0.78,0.8,0.81,0.85,0.87,0.79,0.79,0.79,0.87,0.87,0.86,0.88,0.79,0.83,0.89,0.87,0.77,0.77,0.77,0.77,0.76,0.77,0.81,0.81,0.8,0.81,0.8,0.8,0.79,0.8,0.82,0.79,0.78,0.78,0.78,0.79,0.78,0.78,0.79,0.79,0.79,0.8,0.79,0.82,0.79,0.78,0.8,0.8,0.81,0.81,0.8,0.86,0.86,0.86,0.86,0.86,0.8600000143051147,0.86,0.84,0.85,0.8600000143051147,0.86,0.85,0.8600000143051147,0.87,0.85,0.800000011920929,0.8,0.800000011920929,0.8,0.8,0.8,0.8,0.8,0.800000011920929,0.8,0.79,0.79,0.79,0.9,0.9,0.9,0.9,0.89,0.81,0.81,0.81,0.81,0.81,0.78,0.81,0.81,0.81,0.77
0.0027020127638684,0.8852147002154142,0.216809327183064,0.7585438721995088,0.3287419054373216,0.8932818294190361,0.0582751465525262,0.8282750000000001,0.4317266265060241,0.8480480225988699,0.0486112248899734,0.8850146232810382,0.173,0.8356772350875225,0.5494883820241655,0.6467801306588326,0.0321259659969088,0.8688750503359262,0.3560946911538916,0.6758755307855628,0.6996052437608814,0.911,0.0118206199258565,0.903536021709442,0.0890304297208786,0.6895054578781128,0.935483694076538,0.935483694076538,0.935483694076538,0.2199646681547165,0.7111380100250244,0.0316592715680599,0.7794651985168457,0.3441688418388366,0.826153039932251,0.0407415032386779,0.7422442436218262,0.0226665940135717,0.8408250212669373,0.103704422712326,0.6513765454292297,0.5039407014846802,0.5039407014846802,0.5039407014846802,0.0102215930819511,0.9011636972427368,0.1093366220593452,0.6185791492462158,0.0032508221920579,0.0032508221920579,0.0032508221920579,0.417921781539917,0.7499748468399048,0.81,0.81,0.82,0.81,0.81,0.81,0.81,0.82,0.83,0.87,0.88,0.82,0.82,0.82,0.88,0.88,0.87,0.89,0.82,0.85,0.91,0.89,0.78,0.78,0.78,0.78,0.78,0.78,0.82,0.82,0.8,0.8,0.81,0.81,0.8,0.81,0.84,0.8,0.8,0.79,0.79,0.8,0.79,0.79,0.81,0.81,0.8,0.81,0.8,0.83,0.81,0.8,0.82,0.81,0.82,0.82,0.81,0.88,0.88,0.88,0.88,0.88,0.8799999952316284,0.88,0.86,0.87,0.8799999952316284,0.88,0.88,0.8799999952316284,0.89,0.87,0.8100000023841858,0.81,0.8100000023841858,0.81,0.81,0.82,0.81,0.81,0.8100000023841858,0.81,0.81,0.81,0.81,0.91,0.91,0.91,0.91,0.9,0.83,0.82,0.82,0.82,0.83,0.79,0.84,0.82,0.82,0.78
0.0047628865979381,0.9155187891228096,0.0594213833845179,0.8555735523587225,0.4024807078344465,0.9050477220554478,0.0590625290778821,0.8965500000000001,0.5175627108433734,0.9062909604519774,0.0765463854634188,0.8876442636709923,0.0,0.8656692868548476,0.4359989449621945,0.8253332980909982,0.0221105100463678,0.8805383762089843,0.3022608361875517,0.8521220806794056,0.6589307462173566,0.93,0.0088214920833706,0.9697529673576356,0.0393190532922744,0.8773617744445801,0.927822768688202,0.927822768688202,0.927822768688202,0.2120268493890762,0.781232476234436,0.0155503097921609,0.8873543739318848,0.3750809133052826,0.9153507947921752,0.0341737791895866,0.8512901067733765,0.0184742379933595,0.9231080412864684,0.0586671009659767,0.8401671648025513,0.4997032880783081,0.4997032880783081,0.4997032880783081,0.0070905406028032,0.9571980237960817,0.0591804534196853,0.7901513576507568,0.0016540966462343,0.0016540966462343,0.0016540966462343,0.4588867723941803,0.8028561472892761,0.82,0.82,0.83,0.82,0.82,0.82,0.83,0.84,0.84,0.88,0.89,0.84,0.84,0.83,0.89,0.89,0.88,0.9,0.84,0.86,0.91,0.9,0.8,0.8,0.8,0.8,0.8,0.8,0.83,0.83,0.81,0.81,0.82,0.83,0.81,0.82,0.85,0.82,0.81,0.81,0.81,0.81,0.81,0.81,0.82,0.82,0.81,0.83,0.81,0.83,0.82,0.81,0.83,0.83,0.83,0.83,0.83,0.9,0.9,0.9,0.9,0.9,0.8999999761581421,0.9,0.88,0.89,0.8999999761581421,0.9,0.89,0.8999999761581421,0.91,0.89,0.8199999928474426,0.82,0.8199999928474426,0.82,0.82,0.83,0.82,0.82,0.8199999928474426,0.82,0.82,0.82,0.82,0.92,0.92,0.92,0.92,0.91,0.84,0.83,0.83,0.84,0.83,0.81,0.85,0.83,0.84,0.79
0.0080710849288168,0.8894770619660859,0.0379162563645745,0.8674472809472165,0.4241681971707657,0.8685892636411797,0.0741173350702521,0.8498249999999999,0.5385554819277107,0.7982570621468925,0.0459523726524031,0.8719819226547872,0.0,0.8338715928976108,0.4152533597930117,0.855051831446904,0.0286344667697063,0.8258294511912393,0.2691391579071691,0.8800658174097666,0.5898406022974829,0.8885000000000001,0.0116548351943492,0.9655266404151917,0.0214219819754362,0.914589822292328,0.9292539358139038,0.9292539358139038,0.9292539358139038,0.2235810309648513,0.8130004405975342,0.0170673672109842,0.8982180953025818,0.4214048683643341,0.9104514718055724,0.031112028285861,0.909792423248291,0.0268690660595893,0.9191648364067078,0.0508781895041465,0.8735352158546448,0.5040991306304932,0.5040991306304932,0.5040991306304932,0.0111639387905597,0.9423775672912598,0.0580788031220436,0.8387985229492188,0.0036507290787994,0.0036507290787994,0.0036507290787994,0.4570081532001495,0.8246400356292725,0.83,0.83,0.84,0.83,0.83,0.83,0.84,0.84,0.85,0.88,0.89,0.84,0.84,0.84,0.89,0.89,0.88,0.9,0.84,0.86,0.92,0.9,0.81,0.81,0.81,0.81,0.81,0.81,0.84,0.84,0.83,0.82,0.83,0.84,0.82,0.83,0.86,0.83,0.82,0.82,0.82,0.82,0.82,0.82,0.83,0.83,0.82,0.84,0.82,0.84,0.83,0.82,0.84,0.84,0.84,0.84,0.84,0.91,0.91,0.91,0.91,0.91,0.9100000262260436,0.91,0.89,0.89,0.9100000262260436,0.91,0.9,0.9100000262260436,0.91,0.9,0.8299999833106995,0.83,0.8299999833106995,0.83,0.83,0.83,0.83,0.83,0.8299999833106995,0.83,0.83,0.83,0.83,0.93,0.92,0.92,0.92,0.92,0.84,0.84,0.83,0.85,0.84,0.82,0.85,0.83,0.85,0.8
0.0125148748159057,0.8617434655556833,0.036781781063809,0.8401175173369971,0.3764685313558832,0.8168440535052093,0.1223469805527123,0.80385,0.5040137951807229,0.6950197740112993,0.0263238921085886,0.8080107172832331,0.0,0.8025920545013504,0.3394866738677183,0.804972375249215,0.0446313755795981,0.7745799699854328,0.2489260954293138,0.848748142250531,0.4938315515772982,0.8414999999999999,0.0149911679327487,0.9335922002792358,0.0152712510898709,0.9105684757232666,0.9399707913398744,0.9399707913398744,0.9399707913398744,0.188345730304718,0.8300811052322388,0.0240817852318286,0.8673801422119141,0.4497613310813904,0.8736160397529602,0.0359687767922878,0.9223306179046632,0.0406074561178684,0.8939595818519592,0.0512241423130035,0.8760793805122375,0.5219497680664062,0.5219497680664062,0.5219497680664062,0.0223504025489091,0.8996776342391968,0.0634323433041572,0.835414707660675,0.003540338249877,0.003540338249877,0.003540338249877,0.4103212058544159,0.8510447144508362,0.84,0.84,0.84,0.83,0.83,0.84,0.85,0.85,0.86,0.88,0.89,0.85,0.85,0.85,0.9,0.9,0.89,0.9,0.85,0.87,0.92,0.9,0.82,0.82,0.82,0.82,0.82,0.82,0.85,0.85,0.84,0.83,0.84,0.85,0.83,0.84,0.87,0.84,0.83,0.82,0.83,0.83,0.83,0.83,0.84,0.84,0.83,0.85,0.83,0.85,0.84,0.83,0.85,0.85,0.85,0.85,0.85,0.91,0.91,0.91,0.91,0.91,0.9100000262260436,0.91,0.89,0.9,0.9100000262260436,0.91,0.91,0.9100000262260436,0.92,0.9,0.8399999737739563,0.84,0.8399999737739563,0.84,0.84,0.84,0.84,0.84,0.8399999737739563,0.84,0.84,0.84,0.84,0.93,0.93,0.93,0.93,0.92,0.85,0.85,0.85,0.85,0.85,0.83,0.86,0.84,0.85,0.81
0.1218747177221404,0.7889294185204995,0.0371620067409353,0.7925863802854108,0.275831111730632,0.7943592618753312,0.1261919605471294,0.7621,0.5296382530120483,0.7349689265536722,0.0447115778465292,0.7978908903092516,0.029,0.7749176518327872,0.2622756160667186,0.8072804561547724,0.1193369397217929,0.7262812302806911,0.2500022735325381,0.8141478237791934,0.4622790040469676,0.6819999999999999,0.0351430140435695,0.9013711214065552,0.014112876728177,0.8977198600769043,0.9477112293243408,0.9477112293243408,0.9477112293243408,0.1518998444080352,0.8768020272254944,0.0354409106075763,0.8284947276115417,0.4871475100517273,0.8415507078170776,0.0526660569012165,0.9339832067489624,0.0684446319937706,0.8574326634407043,0.0556837022304534,0.8714656233787537,0.5532539486885071,0.5532539486885071,0.5532539486885071,0.0468612313270568,0.8507300019264221,0.0750791355967521,0.8209061622619629,0.0034158718772232,0.0034158718772232,0.0034158718772232,0.3493193984031677,0.8526801466941833,0.85,0.84,0.85,0.84,0.84,0.84,0.85,0.86,0.86,0.88,0.89,0.86,0.86,0.86,0.9,0.9,0.89,0.91,0.86,0.87,0.93,0.91,0.83,0.83,0.83,0.83,0.83,0.83,0.86,0.86,0.85,0.84,0.86,0.86,0.85,0.86,0.88,0.85,0.84,0.83,0.83,0.84,0.83,0.83,0.86,0.86,0.85,0.86,0.85,0.86,0.86,0.85,0.86,0.86,0.86,0.86,0.86,0.9,0.9,0.9,0.9,0.9,0.8999999761581421,0.9,0.9,0.91,0.8999999761581421,0.9,0.91,0.8999999761581421,0.92,0.91,0.8500000238418579,0.85,0.8500000238418579,0.85,0.85,0.85,0.85,0.85,0.8500000238418579,0.85,0.85,0.85,0.85,0.93,0.93,0.93,0.93,0.93,0.86,0.86,0.85,0.86,0.86,0.84,0.86,0.85,0.86,0.83
0.2692510554737358,0.7271701987634807,0.0468770424111491,0.7455640295434229,0.1833278696414352,0.7512833303902526,0.1122537452312273,0.7171750000000001,0.5670719277108434,0.6855762711864406,0.0122811451479367,0.7961786429078701,0.035,0.6730074200962897,0.1780804340726971,0.7361848547191725,0.1320700669757857,0.7224073309146283,0.2307043521908586,0.7961199575371551,0.46889355886659,0.6185,0.0922643691301345,0.8627558946609497,0.0157078858464956,0.872353732585907,0.9559536576271056,0.9559536576271056,0.9559536576271056,0.145347848534584,0.8934540748596191,0.0511711314320564,0.7808464765548706,0.5240369439125061,0.8219740986824036,0.0803661122918129,0.9387325048446656,0.1250301301479339,0.8087695837020874,0.0665094777941703,0.8432786464691162,0.5851431488990784,0.5851431488990784,0.5851431488990784,0.0853493735194206,0.8122535347938538,0.0830491855740547,0.8010941743850708,0.0024052686057984,0.0024052686057984,0.0024052686057984,0.2895499467849731,0.8688997626304626,0.85,0.85,0.85,0.85,0.85,0.85,0.86,0.87,0.87,0.89,0.9,0.87,0.87,0.87,0.9,0.9,0.89,0.91,0.87,0.88,0.93,0.91,0.83,0.83,0.83,0.83,0.83,0.83,0.87,0.86,0.85,0.84,0.86,0.87,0.85,0.86,0.89,0.86,0.85,0.84,0.84,0.85,0.84,0.84,0.86,0.86,0.86,0.87,0.86,0.87,0.86,0.86,0.87,0.87,0.87,0.87,0.87,0.9,0.9,0.9,0.9,0.9,0.8999999761581421,0.9,0.91,0.91,0.8999999761581421,0.9,0.92,0.8999999761581421,0.92,0.91,0.8500000238418579,0.85,0.8500000238418579,0.85,0.85,0.85,0.85,0.85,0.8500000238418579,0.85,0.85,0.85,0.85,0.94,0.93,0.93,0.93,0.93,0.87,0.86,0.86,0.87,0.87,0.84,0.87,0.86,0.87,0.84
0.3616298478154148,0.6362043996708482,0.0636796742418768,0.7383384070486539,0.2089564030298117,0.7211253090234859,0.1031066344096026,0.6973499999999999,0.609338734939759,0.5075225988700565,0.0540279315002832,0.7519923494092582,0.083,0.5454155043800102,0.1457370192669999,0.7841537983522341,0.1532096857290056,0.6476621543337497,0.2300190445258061,0.8074079087048834,0.5147690532720469,0.6965,0.1267338097095489,0.8077723383903503,0.0215405356138944,0.8449214100837708,0.960152506828308,0.960152506828308,0.960152506828308,0.1450655609369278,0.907958209514618,0.072680652141571,0.7479546070098877,0.561866044998169,0.8051276206970215,0.1019761487841606,0.927577257156372,0.1572827100753784,0.7625381946563721,0.081436276435852,0.837488055229187,0.6191703081130981,0.6191703081130981,0.6191703081130981,0.1395262628793716,0.7813475131988525,0.0927767902612686,0.7836111783981323,0.0014796602772548,0.0014796602772548,0.0014796602772548,0.2507715225219726,0.8865578174591064,0.86,0.86,0.86,0.86,0.86,0.86,0.87,0.88,0.88,0.89,0.9,0.88,0.88,0.88,0.9,0.9,0.9,0.91,0.88,0.89,0.93,0.91,0.84,0.84,0.84,0.84,0.84,0.84,0.88,0.87,0.86,0.85,0.87,0.88,0.86,0.87,0.9,0.87,0.85,0.85,0.85,0.86,0.85,0.85,0.87,0.87,0.87,0.88,0.87,0.88,0.87,0.87,0.88,0.87,0.88,0.88,0.88,0.91,0.91,0.91,0.91,0.91,0.9100000262260436,0.91,0.91,0.91,0.9100000262260436,0.91,0.92,0.9100000262260436,0.93,0.92,0.8500000238418579,0.85,0.8500000238418579,0.85,0.85,0.85,0.85,0.86,0.8500000238418579,0.85,0.86,0.86,0.86,0.94,0.93,0.93,0.93,0.93,0.88,0.87,0.87,0.88,0.88,0.85,0.87,0.87,0.88,0.85
0.2943087874324988,0.464610135066598,0.0677871470019904,0.6846437687706506,0.1660869403785571,0.6581533639413739,0.1074076486461338,0.6489749999999999,0.5923715662650602,0.5714689265536722,0.1678229116737112,0.7147185099102589,0.194,0.4909991167239387,0.1134803687608329,0.7224020972116043,0.2216324059763009,0.5545848235951218,0.2502141844809259,0.8290145966029724,0.4630298507751168,0.567,0.1536933779716491,0.7465147376060486,0.0306571200489997,0.8358460068702698,0.9625509977340698,0.9625509977340698,0.9625509977340698,0.1604730635881424,0.8874069452285767,0.0946834906935691,0.7153199315071106,0.5889701247215271,0.7719078660011292,0.1444431394338607,0.8919504880905151,0.2238107025623321,0.7326770424842834,0.0972007885575294,0.8355123400688171,0.6535484790802002,0.6535484790802002,0.6535484790802002,0.1740072518587112,0.7422574162483215,0.0993675291538238,0.7909278273582458,0.0054837185889482,0.0054837185889482,0.0054837185889482,0.2147732377052307,0.874595046043396,0.87,0.87,0.87,0.86,0.86,0.86,0.88,0.89,0.89,0.9,0.9,0.89,0.89,0.89,0.91,0.9,0.9,0.91,0.89,0.91,0.93,0.91,0.85,0.85,0.84,0.85,0.84,0.84,0.88,0.88,0.87,0.86,0.88,0.89,0.87,0.88,0.9,0.87,0.86,0.86,0.86,0.86,0.86,0.86,0.88,0.88,0.88,0.88,0.88,0.89,0.88,0.88,0.88,0.88,0.89,0.89,0.89,0.91,0.91,0.91,0.91,0.91,0.9100000262260436,0.91,0.91,0.92,0.9100000262260436,0.91,0.92,0.9100000262260436,0.93,0.92,0.8500000238418579,0.85,0.8500000238418579,0.85,0.85,0.85,0.85,0.86,0.8500000238418579,0.85,0.86,0.86,0.86,0.94,0.93,0.93,0.93,0.93,0.88,0.88,0.88,0.87,0.88,0.86,0.88,0.88,0.87,0.85
0.4151243986254296,0.4440216219068313,0.111431530118588,0.5814930057428622,0.2537034327047825,0.4950032668197069,0.1401679538475853,0.5921,0.5838725903614458,0.4309209039548022,0.1276573706915334,0.5303492155723416,0.254,0.4375134698870399,0.1126504810469994,0.7109702636021453,0.1791780010303967,0.4340827114992198,0.2739340085036023,0.7929397558386414,0.3981451990113285,0.3605,0.2262201458215713,0.6652712821960449,0.0394870266318321,0.8143211603164673,0.9637494683265686,0.9637494683265686,0.9637494683265686,0.2665007412433624,0.7823641300201416,0.1145607009530067,0.6696204543113708,0.6042137145996094,0.6908528208732605,0.1724925637245178,0.7944121360778809,0.2342924326658249,0.6723760366439819,0.1162788420915603,0.8471705317497253,0.6904715895652771,0.6904715895652771,0.6904715895652771,0.1882751882076263,0.6690226793289185,0.1035576984286308,0.7593261003494263,0.0141322333365678,0.0141322333365678,0.0141322333365678,0.1940138041973114,0.7619674801826477,0.87,0.87,0.87,0.87,0.87,0.87,0.89,0.9,0.9,0.91,0.9,0.9,0.9,0.9,0.91,0.91,0.91,0.91,0.9,0.92,0.93,0.91,0.85,0.85,0.85,0.85,0.85,0.85,0.89,0.88,0.88,0.87,0.89,0.89,0.88,0.89,0.91,0.88,0.87,0.86,0.87,0.87,0.86,0.86,0.89,0.89,0.89,0.89,0.89,0.9,0.89,0.89,0.89,0.89,0.9,0.89,0.89,0.91,0.91,0.91,0.91,0.91,0.9100000262260436,0.91,0.91,0.91,0.9100000262260436,0.91,0.92,0.9100000262260436,0.93,0.92,0.8600000143051147,0.86,0.8600000143051147,0.86,0.86,0.86,0.86,0.86,0.8600000143051147,0.86,0.87,0.87,0.87,0.94,0.93,0.94,0.93,0.93,0.88,0.89,0.89,0.87,0.89,0.87,0.88,0.89,0.87,0.86
0.3091311732940599,0.1060358042113569,0.1587301500802347,0.3506372896279662,0.3232007245571213,0.0990663959032315,0.142362985019075,0.2567,0.4368456024096385,0.1220056497175141,0.1290725086060394,0.1574259474465749,0.232,0.1766507162980088,0.1483624306061443,0.6086854175512654,0.3170947964966512,0.1664336842454093,0.259548984291957,0.7338696921443739,0.3609476866520888,0.048,0.2713134884834289,0.4585536420345306,0.0539439842104911,0.7234113812446594,0.958714485168457,0.958714485168457,0.958714485168457,0.376688003540039,0.4029955267906189,0.1339127272367477,0.4982460439205169,0.6034983992576599,0.43320432305336,0.2122493535280227,0.4559800624847412,0.22571761906147,0.4942874312400818,0.132593423128128,0.7508049011230469,0.7293835878372192,0.7293835878372192,0.7293835878372192,0.2103103250265121,0.4608536660671234,0.1033908054232597,0.6504282355308533,0.0363614000380039,0.0363614000380039,0.0363614000380039,0.1755722612142563,0.3892934620380401,0.86,0.86,0.85,0.85,0.86,0.85,0.88,0.89,0.9,0.91,0.9,0.89,0.89,0.89,0.91,0.9,0.91,0.91,0.89,0.92,0.93,0.91,0.82,0.82,0.82,0.82,0.81,0.81,0.87,0.87,0.87,0.86,0.87,0.88,0.87,0.88,0.89,0.85,0.84,0.83,0.84,0.84,0.83,0.83,0.89,0.89,0.89,0.89,0.89,0.9,0.89,0.89,0.89,0.89,0.9,0.89,0.89,0.91,0.91,0.91,0.91,0.91,0.9100000262260436,0.91,0.91,0.91,0.9100000262260436,0.91,0.92,0.9100000262260436,0.93,0.92,0.8600000143051147,0.86,0.8600000143051147,0.86,0.86,0.85,0.86,0.86,0.8600000143051147,0.86,0.86,0.86,0.86,0.93,0.93,0.93,0.93,0.93,0.86,0.87,0.86,0.85,0.86,0.84,0.88,0.86,0.85,0.83
0.3458404516445753,0.0,0.3232217792626414,0.0561134554445562,0.4483930773689443,0.0,0.140226854005769,0.0,0.4421747590361446,0.0,0.1769651400932502,0.0,0.136,0.0052798922770946,0.2160309980155241,0.3262732567985269,0.3873673364245235,0.0,0.2535566611550726,0.4041268577494692,0.2232608545168738,0.0,0.2840225994586944,0.0828929841518402,0.0766815468668937,0.3791225254535675,0.95570570230484,0.95570570230484,0.95570570230484,0.4695090353488922,0.0375915132462978,0.1531792730093002,0.1683743447065353,0.5511043071746826,0.0718656927347183,0.2606924176216125,0.0576897971332073,0.2327220439910888,0.1422770023345947,0.1488158404827118,0.4167753756046295,0.7600799202919006,0.7600799202919006,0.7600799202919006,0.1882097125053405,0.1003218740224838,0.105530060827732,0.3304167091846466,0.0643505230545997,0.0643505230545997,0.0643505230545997,0.2069221585988998,0.0380594506859779,0.82,0.82,0.82,0.82,0.82,0.82,0.86,0.87,0.87,0.88,0.88,0.87,0.87,0.87,0.89,0.88,0.88,0.89,0.87,0.89,0.91,0.89,0.77,0.77,0.76,0.77,0.76,0.76,0.84,0.84,0.84,0.83,0.84,0.84,0.84,0.84,0.85,0.8,0.78,0.78,0.78,0.79,0.77,0.78,0.87,0.87,0.87,0.86,0.87,0.87,0.87,0.87,0.86,0.86,0.86,0.86,0.86,0.89,0.89,0.89,0.89,0.89,0.8899999856948853,0.89,0.88,0.89,0.8899999856948853,0.89,0.9,0.8899999856948853,0.9,0.89,0.8199999928474426,0.82,0.8199999928474426,0.82,0.82,0.81,0.82,0.81,0.8199999928474426,0.82,0.82,0.82,0.82,0.92,0.91,0.92,0.91,0.92,0.82,0.82,0.82,0.81,0.82,0.79,0.84,0.81,0.81,0.78
0.3080901325478645,0.0,0.661498450064534,0.0076033538919521,0.4690928720284574,0.0,0.2442075928165999,0.0,0.3537781325301204,0.0,0.2533643296004183,0.0,0.343,0.0,0.3050265015448767,0.0594838447342758,0.4096741370427614,0.0,0.2659386441478682,0.0695448513800424,0.115102505417166,0.0,0.3516028821468353,0.0,0.1429944038391113,0.0404858365654945,0.9551280736923218,0.9551280736923218,0.9551280736923218,0.502065122127533,0.0,0.2132345288991928,0.0015860161511227,0.5727677941322327,0.0,0.3627187311649322,0.0,0.23665452003479,0.0,0.2071496397256851,0.0600289776921272,0.7882839441299438,0.7882839441299438,0.7882839441299438,0.2131320387125015,0.0,0.1384164094924926,0.0352677106857299,0.099408745765686,0.099408745765686,0.099408745765686,0.2447079569101333,0.0,0.77,0.77,0.77,0.77,0.77,0.77,0.8,0.82,0.82,0.84,0.84,0.82,0.81,0.81,0.85,0.84,0.84,0.85,0.81,0.85,0.87,0.85,0.72,0.73,0.72,0.73,0.72,0.72,0.8,0.79,0.8,0.8,0.8,0.8,0.8,0.79,0.8,0.75,0.74,0.73,0.74,0.74,0.73,0.73,0.81,0.81,0.82,0.81,0.82,0.82,0.81,0.82,0.81,0.81,0.82,0.81,0.81,0.84,0.84,0.84,0.84,0.84,0.8399999737739563,0.84,0.84,0.85,0.8399999737739563,0.84,0.86,0.8399999737739563,0.87,0.85,0.7699999809265137,0.77,0.7699999809265137,0.77,0.77,0.77,0.77,0.77,0.7699999809265137,0.77,0.78,0.78,0.78,0.9,0.9,0.9,0.9,0.9,0.76,0.76,0.76,0.75,0.76,0.74,0.76,0.76,0.75,0.74
0.3431696612665685,0.0,0.7499434399688194,0.0,0.4742955837538336,0.0,0.2678776402717037,0.0,0.344242048192771,0.0,0.4584205847749357,0.0,0.0,0.0,0.5080898038132081,0.0,0.2691357547655847,0.0,0.2365593480571631,0.0,0.1475812566431422,0.0,0.3606244325637817,0.0,0.201514333486557,0.0,0.95512455701828,0.95512455701828,0.95512455701828,0.4881908595561981,0.0,0.2592787444591522,0.0,0.5859259366989136,0.0,0.3674600720405578,0.0,0.1963288187980651,0.0,0.2477098703384399,0.0,0.8107695579528809,0.8107695579528809,0.8107695579528809,0.1934618800878524,0.0,0.2094725668430328,0.0,0.1501914262771606,0.1501914262771606,0.1501914262771606,0.2915269434452057,0.0,0.74,0.74,0.75,0.73,0.74,0.74,0.76,0.77,0.77,0.78,0.79,0.77,0.77,0.76,0.79,0.79,0.78,0.8,0.77,0.79,0.81,0.79,0.69,0.7,0.7,0.7,0.69,0.69,0.76,0.76,0.75,0.75,0.75,0.76,0.75,0.75,0.77,0.72,0.71,0.7,0.71,0.71,0.7,0.7,0.77,0.77,0.77,0.77,0.77,0.77,0.77,0.77,0.77,0.77,0.77,0.77,0.76,0.77,0.77,0.77,0.77,0.77,0.7699999809265137,0.77,0.77,0.79,0.7699999809265137,0.77,0.79,0.7699999809265137,0.81,0.78,0.75,0.75,0.75,0.75,0.75,0.74,0.75,0.75,0.75,0.75,0.75,0.75,0.75,0.88,0.88,0.88,0.88,0.88,0.73,0.73,0.73,0.72,0.73,0.72,0.73,0.73,0.72,0.71
0.3543773195876288,0.0,0.7959101419992426,0.0,0.3923971250725557,0.0,0.1688057132222946,0.0,0.3467853614457831,0.0,0.2500959083184452,0.0,0.009,0.0,0.5115626617096638,0.0,0.2649018547140649,0.0,0.1430560115743475,0.0,0.1127783346902968,0.0,0.3240933120250702,0.0,0.2029963582754135,0.0,0.9572170972824096,0.9572170972824096,0.9572170972824096,0.3868237435817718,0.0,0.2559835612773895,0.0,0.5834216475486755,0.0,0.3589666485786438,0.0,0.1293444782495498,0.0,0.2218808978796005,0.0,0.8241533041000366,0.8241533041000366,0.8241533041000366,0.1610723286867141,0.0,0.2391799092292785,0.0,0.2204695045948028,0.2204695045948028,0.2204695045948028,0.3336523175239563,0.0,0.72,0.72,0.73,0.71,0.72,0.72,0.73,0.73,0.74,0.74,0.74,0.73,0.73,0.73,0.75,0.74,0.74,0.76,0.73,0.75,0.76,0.75,0.67,0.67,0.67,0.67,0.67,0.67,0.73,0.73,0.73,0.73,0.73,0.73,0.73,0.73,0.74,0.69,0.68,0.68,0.68,0.69,0.67,0.67,0.75,0.75,0.75,0.74,0.75,0.75,0.75,0.74,0.74,0.74,0.75,0.74,0.74,0.73,0.73,0.73,0.73,0.73,0.7300000190734863,0.73,0.74,0.76,0.7300000190734863,0.73,0.75,0.7300000190734863,0.78,0.75,0.7200000286102295,0.72,0.7200000286102295,0.72,0.72,0.72,0.72,0.72,0.7200000286102295,0.72,0.73,0.73,0.73,0.85,0.86,0.86,0.85,0.85,0.71,0.71,0.71,0.71,0.71,0.69,0.71,0.71,0.71,0.69
0.1205999018163966,0.0,0.8028458909654661,0.0,0.2395762815505249,0.0,0.1594635712291802,0.0,0.3015972891566265,0.0,0.281602509913286,0.0,0.092,0.0,0.5805626114697682,0.0,0.4347166409067491,0.0,0.2224109188614621,0.0,0.078708852007177,0.0,0.2820223271846771,0.0,0.1732891499996185,0.0,0.9577963948249816,0.9577963948249816,0.9577963948249816,0.3223929107189178,0.0,0.215830460190773,0.0,0.5980858206748962,0.0,0.3446064591407776,0.0,0.0950265079736709,0.0,0.2050744593143463,0.0,0.8357768058776855,0.8357768058776855,0.8357768058776855,0.1351955980062484,0.0,0.2358976602554321,0.0,0.2861867845058441,0.2861867845058441,0.2861867845058441,0.3309806287288666,0.0,0.7,0.7,0.72,0.7,0.7,0.7,0.69,0.7,0.7,0.7,0.71,0.7,0.7,0.7,0.71,0.71,0.7,0.73,0.7,0.71,0.72,0.72,0.66,0.66,0.66,0.66,0.65,0.66,0.71,0.71,0.71,0.71,0.71,0.7,0.71,0.7,0.71,0.67,0.66,0.66,0.66,0.67,0.65,0.66,0.73,0.73,0.73,0.72,0.73,0.73,0.73,0.72,0.72,0.72,0.73,0.72,0.72,0.71,0.71,0.71,0.71,0.71,0.7099999785423279,0.71,0.72,0.73,0.7099999785423279,0.71,0.73,0.7099999785423279,0.75,0.73,0.699999988079071,0.7,0.699999988079071,0.7,0.7,0.7,0.7,0.7,0.699999988079071,0.7,0.71,0.71,0.71,0.83,0.84,0.84,0.84,0.83,0.69,0.69,0.69,0.69,0.69,0.67,0.7,0.69,0.69,0.67
0.1002951399116347,0.0,0.7824300089104491,0.0,0.2736223676465698,0.0,0.1945163301386433,0.0,0.303262891566265,0.0,0.2687644341801386,0.0,0.023,0.0,0.4551748097163958,0.0,0.4285832045337455,0.0,0.2579568028817763,0.0,0.183388266429185,0.0,0.2889962196350097,0.0,0.1584241539239883,0.0,0.9586679935455322,0.9586679935455322,0.9586679935455322,0.2741606831550598,0.0,0.1789602190256118,0.0,0.6068399548530579,0.0,0.2874880731105804,0.0,0.0766099691390991,0.0,0.1837363988161087,0.0,0.8489963412284851,0.8489963412284851,0.8489963412284851,0.1153601929545402,0.0,0.2284838110208511,0.0,0.3723117709159851,0.3723117709159851,0.3723117709159851,0.3492653667926788,0.0,0.69,0.69,0.71,0.69,0.69,0.69,0.67,0.67,0.68,0.68,0.69,0.67,0.67,0.67,0.69,0.69,0.68,0.71,0.67,0.68,0.69,0.7,0.66,0.66,0.66,0.66,0.65,0.65,0.7,0.7,0.69,0.69,0.69,0.69,0.69,0.69,0.69,0.66,0.65,0.64,0.65,0.65,0.64,0.64,0.71,0.71,0.71,0.71,0.71,0.71,0.71,0.7,0.71,0.7,0.71,0.71,0.71,0.68,0.68,0.68,0.68,0.68,0.6800000071525574,0.68,0.7,0.72,0.6800000071525574,0.68,0.7,0.6800000071525574,0.73,0.71,0.6899999976158142,0.69,0.6899999976158142,0.69,0.69,0.68,0.69,0.69,0.6899999976158142,0.69,0.69,0.69,0.69,0.82,0.82,0.82,0.82,0.81,0.68,0.68,0.68,0.69,0.68,0.66,0.69,0.67,0.69,0.66
0.0973491408934708,0.0,0.7740029843972118,0.0,0.34559300389509,0.0,0.1881613473527495,0.0,0.5060580120481928,0.0,0.2742227112292474,0.0,0.0,0.0,0.3939836217940667,0.0,0.4567434312210201,0.0,0.2052271760954293,0.0,0.2735749344766703,0.0,0.3105354607105255,0.0,0.1377010345458984,0.0,0.957623302936554,0.957623302936554,0.957623302936554,0.2440100759267807,0.0,0.1501494646072387,0.0,0.6038137078285217,0.0,0.2477153688669204,0.0,0.0660099759697914,0.0,0.1687427014112472,0.0,0.8652072548866272,0.8652072548866272,0.8652072548866272,0.1099713817238807,0.0,0.2198617756366729,0.0,0.4306133091449737,0.4306133091449737,0.4306133091449737,0.3425043821334839,0.0,0.68,0.68,0.7,0.68,0.68,0.68,0.65,0.65,0.66,0.66,0.68,0.65,0.65,0.65,0.68,0.68,0.66,0.7,0.65,0.66,0.67,0.69,0.67,0.67,0.68,0.67,0.66,0.66,0.68,0.69,0.68,0.68,0.67,0.67,0.68,0.67,0.68,0.65,0.64,0.64,0.64,0.65,0.64,0.64,0.7,0.7,0.69,0.69,0.69,0.7,0.7,0.69,0.69,0.69,0.7,0.7,0.69,0.67,0.67,0.67,0.67,0.67,0.6700000166893005,0.67,0.69,0.7,0.6700000166893005,0.67,0.69,0.6700000166893005,0.71,0.69,0.6700000166893005,0.67,0.6700000166893005,0.67,0.67,0.67,0.67,0.68,0.6700000166893005,0.67,0.68,0.68,0.68,0.81,0.81,0.81,0.81,0.8,0.67,0.67,0.67,0.68,0.67,0.65,0.68,0.67,0.68,0.65
0.1082000981836033,0.0,0.7399231481387556,0.0,0.3211296696211681,0.0,0.1996274309109519,0.0,0.6497378313253013,0.0,0.4075155344459454,0.0,0.0,0.0,0.3767372955864251,0.0,0.4315038639876353,0.0,0.124503306956419,0.0,0.3467921079502777,0.0,0.3014511466026306,0.0,0.1151927933096885,0.0,0.9514593482017516,0.9514593482017516,0.9514593482017516,0.2152546793222427,0.0,0.1215810477733612,0.0,0.5940536260604858,0.0,0.2064967453479766,0.0,0.060047011822462,0.0,0.1420257538557052,0.0,0.8777045011520386,0.8777045011520386,0.8777045011520386,0.101376362144947,0.0,0.1820107549428939,0.0,0.4748187363147735,0.4748187363147735,0.4748187363147735,0.31965172290802,0.0,0.68,0.67,0.69,0.67,0.67,0.68,0.64,0.64,0.64,0.65,0.67,0.64,0.64,0.64,0.67,0.67,0.65,0.69,0.64,0.64,0.66,0.69,0.68,0.69,0.7,0.69,0.67,0.68,0.67,0.68,0.67,0.67,0.66,0.66,0.67,0.66,0.67,0.65,0.65,0.64,0.64,0.65,0.64,0.64,0.68,0.68,0.68,0.68,0.68,0.69,0.68,0.68,0.68,0.68,0.69,0.69,0.68,0.66,0.66,0.66,0.66,0.66,0.6600000262260437,0.66,0.68,0.7,0.6600000262260437,0.66,0.68,0.6600000262260437,0.7,0.68,0.6600000262260437,0.66,0.6600000262260437,0.66,0.66,0.66,0.66,0.67,0.6600000262260437,0.66,0.67,0.67,0.68,0.8,0.8,0.8,0.8,0.79,0.67,0.66,0.66,0.67,0.66,0.65,0.68,0.66,0.67,0.64
0.0909339224349533,0.0,0.6714271664153041,0.0,0.1760049786887012,0.0,0.1923918302782171,0.0,0.6303506024096386,0.0,0.3746401586125757,0.0,0.0,0.0,0.3143557487000428,0.0,0.3440638845955693,0.0,0.0603273296326916,0.0,0.4549962010582805,0.0,0.242836058139801,0.0,0.0934358984231948,0.0,0.947986662387848,0.947986662387848,0.947986662387848,0.1638981252908706,0.0,0.0951748192310333,0.0,0.5844008326530457,0.0,0.1843259632587433,0.0,0.0597313046455383,0.0,0.1126063540577888,0.0,0.8918628096580505,0.8918628096580505,0.8918628096580505,0.0937365591526031,0.0,0.1356646120548248,0.0,0.4909141361713409,0.4909141361713409,0.4909141361713409,0.2872247695922851,0.0,0.68,0.67,0.69,0.68,0.68,0.68,0.63,0.63,0.63,0.64,0.67,0.63,0.63,0.63,0.67,0.67,0.65,0.69,0.63,0.63,0.66,0.68,0.71,0.71,0.72,0.71,0.69,0.7,0.67,0.67,0.66,0.67,0.66,0.66,0.66,0.66,0.67,0.65,0.65,0.65,0.65,0.65,0.65,0.65,0.68,0.68,0.68,0.68,0.68,0.69,0.68,0.67,0.68,0.68,0.69,0.68,0.68,0.67,0.67,0.67,0.67,0.67,0.6700000166893005,0.67,0.68,0.7,0.6700000166893005,0.67,0.68,0.6700000166893005,0.7,0.68,0.6600000262260437,0.66,0.6600000262260437,0.66,0.66,0.66,0.66,0.67,0.6600000262260437,0.66,0.67,0.68,0.68,0.8,0.8,0.79,0.8,0.79,0.67,0.67,0.67,0.67,0.66,0.66,0.68,0.66,0.67,0.64
0.1352164948453608,0.0,0.6376490307854984,0.0,0.1416022883478043,0.0,0.1937535126081697,0.0,0.6452646385542169,0.0,0.4663617151074121,0.0,0.0,0.0,0.2512509733979753,0.0,0.1775739309634209,0.0,0.0688171430258651,0.0,0.4182737031137488,0.0,0.2064935863018036,0.0,0.0812632218003273,0.0,0.941153883934021,0.941153883934021,0.941153883934021,0.1170213595032692,0.0,0.0744930729269981,0.0,0.5635788440704346,0.0,0.163690909743309,0.0,0.0618209466338157,0.0,0.093152143061161,0.0,0.9029110074043274,0.9029110074043274,0.9029110074043274,0.0822149664163589,0.0,0.1089391708374023,0.0,0.5380829572677612,0.5380829572677612,0.5380829572677612,0.2893213927745819,0.0,0.69,0.68,0.7,0.68,0.68,0.69,0.63,0.63,0.64,0.65,0.68,0.63,0.63,0.63,0.68,0.68,0.66,0.7,0.63,0.64,0.67,0.69,0.72,0.73,0.73,0.72,0.71,0.72,0.68,0.68,0.67,0.67,0.67,0.67,0.67,0.67,0.68,0.66,0.66,0.66,0.66,0.66,0.66,0.66,0.68,0.68,0.68,0.68,0.68,0.69,0.68,0.68,0.68,0.68,0.69,0.69,0.68,0.68,0.68,0.68,0.68,0.68,0.6800000071525574,0.68,0.68,0.7,0.6800000071525574,0.68,0.69,0.6800000071525574,0.71,0.69,0.6700000166893005,0.67,0.6700000166893005,0.67,0.67,0.68,0.67,0.68,0.6700000166893005,0.67,0.68,0.68,0.68,0.8,0.8,0.79,0.8,0.79,0.68,0.68,0.68,0.68,0.67,0.67,0.69,0.67,0.68,0.65
0.182188119783996,0.0,0.5190508759833656,0.0,0.1767281209384991,0.0,0.1284880431748394,0.0,0.6407580120481928,0.0,0.5108579894548783,0.0,0.0,0.0,0.2096231003039514,0.0,0.155887944358578,0.0,0.0855419274831699,0.0,0.4764151682046024,0.0,0.1776963919401168,0.0,0.058694627135992,0.0,0.925829529762268,0.925829529762268,0.925829529762268,0.1136261224746704,0.0,0.0581842027604579,0.0,0.5429458618164062,0.0,0.1522755324840545,0.0,0.0665951669216156,0.0,0.0787287279963493,0.0,0.9094930291175842,0.9094930291175842,0.9094930291175842,0.0708951652050018,0.0,0.0961809605360031,0.0,0.5796743631362915,0.5796743631362915,0.5796743631362915,0.3128176033496856,0.0,0.7,0.7,0.72,0.7,0.7,0.71,0.65,0.65,0.65,0.67,0.7,0.65,0.65,0.65,0.69,0.7,0.67,0.71,0.65,0.65,0.69,0.71,0.75,0.75,0.75,0.75,0.74,0.74,0.7,0.7,0.69,0.69,0.7,0.7,0.69,0.7,0.72,0.68,0.69,0.68,0.68,0.68,0.69,0.69,0.69,0.69,0.69,0.69,0.69,0.7,0.69,0.69,0.69,0.69,0.7,0.7,0.69,0.72,0.72,0.72,0.72,0.72,0.7200000286102295,0.72,0.7,0.72,0.7200000286102295,0.72,0.71,0.7200000286102295,0.73,0.71,0.6800000071525574,0.68,0.6800000071525574,0.68,0.68,0.7,0.68,0.7,0.6800000071525574,0.68,0.7,0.7,0.7,0.81,0.81,0.8,0.81,0.8,0.71,0.7,0.7,0.71,0.7,0.69,0.71,0.7,0.71,0.68
0.1795925380461463,0.0,0.3794016953781856,0.0,0.2089052805017835,0.0080192698216493,0.1419829719921838,0.0,0.6054780722891566,0.0,0.4411367815591093,0.0,0.0,0.0,0.1460566203622296,0.0,0.2664044307058217,0.0,0.0996824436045825,0.0,0.6540195816955083,0.0,0.1455663293600082,0.0,0.0453559942543506,0.0,0.9197819232940674,0.9197819232940674,0.9197819232940674,0.1181833744049072,0.0042144544422626,0.048111442476511,0.0,0.5011869072914124,0.0,0.1431879997253418,0.000202563824132,0.0750319585204124,0.0,0.0715032517910003,0.0,0.92058265209198,0.92058265209198,0.92058265209198,0.0548266060650348,0.0,0.0871497169137001,0.0,0.6064661145210266,0.6064661145210266,0.6064661145210266,0.3642872869968414,0.0060587390325963,0.74,0.74,0.75,0.74,0.74,0.75,0.69,0.69,0.69,0.71,0.74,0.69,0.69,0.69,0.74,0.74,0.71,0.75,0.69,0.69,0.73,0.75,0.78,0.78,0.78,0.78,0.77,0.77,0.77,0.76,0.76,0.77,0.76,0.76,0.75,0.76,0.78,0.72,0.72,0.72,0.72,0.72,0.72,0.72,0.72,0.72,0.71,0.72,0.71,0.75,0.72,0.71,0.73,0.71,0.75,0.74,0.73,0.76,0.76,0.76,0.76,0.76,0.7599999904632568,0.76,0.74,0.76,0.7599999904632568,0.76,0.75,0.7599999904632568,0.77,0.75,0.7300000190734863,0.73,0.7300000190734863,0.73,0.73,0.75,0.73,0.75,0.7300000190734863,0.73,0.75,0.75,0.75,0.83,0.83,0.83,0.83,0.82,0.77,0.78,0.77,0.75,0.77,0.76,0.78,0.78,0.75,0.74
0.2058468335787923,0.1413372138516906,0.3136362262425943,0.0236045637599316,0.3822644849432822,0.2501736049796927,0.1586921001209639,0.134175,0.5607834939759035,0.1716073446327683,0.4597194649004314,0.2288269739815352,0.0,0.0944419971846405,0.0829981160039187,0.0064977822280498,0.2739044307058217,0.142351464817208,0.1014796858391402,0.0033160828025477,0.6557409177891417,0.2005,0.1230455115437507,0.1052330434322357,0.0388674102723598,0.00414908118546,0.9116712808609008,0.9116712808609008,0.9116712808609008,0.1402255296707153,0.1834264248609542,0.0427211597561836,0.041258230805397,0.4631408452987671,0.1491635739803314,0.1425343602895736,0.1311361640691757,0.0665502697229385,0.0535238198935985,0.0652849525213241,0.0059209284372627,0.929579257965088,0.929579257965088,0.929579257965088,0.0511566586792469,0.1070933565497398,0.0789890214800834,0.0113300625234842,0.5705742239952087,0.5705742239952087,0.5705742239952087,0.4110909700393677,0.2006901502609253,0.76,0.75,0.76,0.76,0.76,0.77,0.74,0.75,0.75,0.78,0.81,0.75,0.75,0.74,0.8,0.81,0.79,0.82,0.75,0.77,0.8,0.81,0.79,0.8,0.79,0.79,0.79,0.79,0.79,0.78,0.79,0.8,0.79,0.79,0.78,0.79,0.81,0.75,0.75,0.74,0.75,0.75,0.74,0.74,0.74,0.74,0.74,0.75,0.73,0.77,0.74,0.74,0.75,0.74,0.77,0.76,0.76,0.81,0.81,0.81,0.81,0.81,0.8100000023841858,0.81,0.8,0.81,0.8100000023841858,0.81,0.81,0.8100000023841858,0.82,0.81,0.75,0.75,0.75,0.75,0.75,0.76,0.75,0.77,0.75,0.75,0.77,0.77,0.77,0.86,0.87,0.86,0.87,0.86,0.78,0.79,0.79,0.76,0.78,0.77,0.78,0.79,0.76,0.75
0.1613235149729995,0.4570856560064377,0.2315335645541569,0.3746202535501083,0.2932259443848097,0.6266510683383367,0.1330652275053503,0.37605,0.5228977108433736,0.4645197740112993,0.2853315177131901,0.6349300148492478,0.0,0.457577672548089,0.0604458037127282,0.2573814480828614,0.2872506439979392,0.5081638082596254,0.126918211881422,0.2331860403397028,0.5864289031498346,0.359,0.1010945290327072,0.5595941543579102,0.0314602963626384,0.2651801705360412,0.9078245162963868,0.9078245162963868,0.9078245162963868,0.1273111850023269,0.5643497705459595,0.0365290530025959,0.4179957807064056,0.3766447603702545,0.55183345079422,0.1156322807073593,0.5533007383346558,0.0465926341712474,0.4674926996231079,0.0657962337136268,0.2701593041419983,0.931793451309204,0.931793451309204,0.931793451309204,0.0461470447480678,0.5327817797660828,0.0715731456875801,0.2996191084384918,0.5219007134437561,0.5219007134437561,0.5219007134437561,0.3460958898067474,0.5685796737670898,0.77,0.77,0.76,0.78,0.77,0.78,0.77,0.78,0.78,0.81,0.84,0.78,0.78,0.77,0.83,0.83,0.81,0.84,0.78,0.8,0.84,0.84,0.8,0.81,0.8,0.81,0.8,0.8,0.8,0.8,0.81,0.82,0.81,0.82,0.81,0.81,0.83,0.77,0.77,0.76,0.77,0.77,0.76,0.76,0.75,0.75,0.75,0.76,0.75,0.79,0.75,0.75,0.77,0.75,0.79,0.78,0.77,0.84,0.84,0.84,0.84,0.84,0.8399999737739563,0.84,0.82,0.84,0.8399999737739563,0.84,0.84,0.8399999737739563,0.85,0.83,0.7699999809265137,0.77,0.7699999809265137,0.77,0.77,0.77,0.77,0.78,0.7699999809265137,0.77,0.78,0.78,0.78,0.87,0.88,0.87,0.88,0.87,0.79,0.8,0.8,0.77,0.8,0.79,0.78,0.81,0.77,0.77
0.0647029945999018,0.7447578944242281,0.1006440877643899,0.7352355777881114,0.1529047297691317,0.7591639369592091,0.0327319251884246,0.67455,0.3682524096385541,0.6856694915254236,0.2353968800383458,0.7733594163599973,0.0,0.7385845043283886,0.0386596498279283,0.6551531871681431,0.1623732612055641,0.7773066799989063,0.1166427010747608,0.6590835987261148,0.4644363088058608,0.5315000000000001,0.0744029581546783,0.8672820329666138,0.0251513682305812,0.7214984893798828,0.9007304906845092,0.9007304906845092,0.9007304906845092,0.0693815574049949,0.790922999382019,0.0244547538459301,0.8261875510215759,0.2145360708236694,0.8429164886474609,0.0721011832356453,0.8161787390708923,0.0298036485910415,0.8562150597572327,0.0593179166316986,0.6976584792137146,0.9274731874465942,0.9274731874465942,0.9274731874465942,0.025218304246664,0.8619425892829895,0.0578478276729583,0.6483926773071289,0.4720042049884796,0.4720042049884796,0.4720042049884796,0.2340669631958007,0.7630647420883179,0.78,0.78,0.77,0.8,0.79,0.8,0.8,0.81,0.81,0.84,0.85,0.81,0.81,0.8,0.84,0.85,0.84,0.86,0.81,0.83,0.86,0.85,0.81,0.81,0.81,0.81,0.81,0.81,0.81,0.81,0.83,0.82,0.83,0.83,0.82,0.83,0.85,0.78,0.78,0.78,0.78,0.78,0.78,0.78,0.77,0.77,0.76,0.77,0.76,0.8,0.77,0.77,0.78,0.77,0.79,0.79,0.78,0.87,0.87,0.87,0.87,0.87,0.8700000047683716,0.87,0.85,0.86,0.8700000047683716,0.87,0.86,0.8700000047683716,0.87,0.85,0.7900000214576721,0.79,0.7900000214576721,0.79,0.79,0.79,0.79,0.79,0.7900000214576721,0.79,0.79,0.79,0.79,0.88,0.88,0.88,0.88,0.88,0.8,0.81,0.81,0.79,0.81,0.8,0.79,0.82,0.79,0.78
0.2784102110947472,0.7482115147570509,0.0210342342524299,0.8633174241448036,0.1627415649448103,0.721303659720996,0.0380807667255978,0.7652,0.3980287951807229,0.6895536723163841,0.1637685737940651,0.7688519271741234,0.0,0.7819580566088048,0.0141499912080182,0.8244463054568757,0.1247120041215868,0.7803742230558024,0.0657094012046769,0.8455984607218685,0.4511433951808288,0.619,0.0778097510337829,0.9134594798088074,0.0127896321937441,0.9089056253433228,0.8958574533462524,0.8958574533462524,0.8958574533462524,0.0652817860245704,0.8521051406860352,0.0090478332713246,0.9362070560455322,0.2030639201402664,0.8915672898292542,0.06751050055027,0.8868532776832581,0.0358636900782585,0.9466050267219543,0.0396769680082798,0.894148588180542,0.926613748073578,0.926613748073578,0.926613748073578,0.0229116436094045,0.9248665571212769,0.0262065976858139,0.8199058771133423,0.3993797302246094,0.3993797302246094,0.3993797302246094,0.2330761700868606,0.8084362745285034,0.8,0.79,0.78,0.81,0.8,0.81,0.81,0.82,0.82,0.84,0.85,0.82,0.82,0.82,0.85,0.85,0.84,0.86,0.82,0.83,0.87,0.86,0.82,0.82,0.82,0.82,0.82,0.82,0.82,0.82,0.83,0.82,0.84,0.84,0.83,0.84,0.85,0.8,0.8,0.8,0.8,0.8,0.79,0.79,0.78,0.78,0.77,0.79,0.77,0.8,0.78,0.78,0.79,0.78,0.8,0.8,0.79,0.89,0.89,0.89,0.89,0.89,0.8899999856948853,0.89,0.86,0.87,0.8899999856948853,0.89,0.87,0.8899999856948853,0.88,0.87,0.8100000023841858,0.81,0.8100000023841858,0.81,0.81,0.81,0.81,0.81,0.8100000023841858,0.81,0.8,0.8,0.8,0.89,0.89,0.89,0.89,0.89,0.81,0.83,0.83,0.8,0.83,0.81,0.8,0.83,0.8,0.8
0.3302287677957781,0.7671937814579299,0.0012872025753727,0.8783068447836664,0.1765658193850754,0.7122809464947908,0.0838824788313017,0.74255,0.3293522891566264,0.6453841807909603,0.1207093119525905,0.7398194202337143,0.0,0.8216937562568543,0.0046180260745057,0.8621454558252775,0.2074822256568779,0.7669898541916768,0.0273909294909649,0.8653752653927815,0.4744165761053869,0.5195,0.0793139785528183,0.9261473417282104,0.008098873309791,0.9305571913719176,0.8943359851837158,0.8943359851837158,0.8943359851837158,0.0732924416661262,0.8511857986450195,0.0103692738339304,0.934833526611328,0.2050409764051437,0.8713299632072449,0.0656552761793136,0.8956004977226257,0.0404386967420578,0.947019636631012,0.0365369878709316,0.9195046424865724,0.9281647205352784,0.9281647205352784,0.9281647205352784,0.0272583588957786,0.9232803583145142,0.01974818110466,0.8668240904808044,0.3363941311836242,0.3363941311836242,0.3363941311836242,0.2473159432411193,0.8173889517784119,0.81,0.81,0.79,0.82,0.82,0.82,0.83,0.83,0.82,0.83,0.85,0.83,0.83,0.83,0.86,0.86,0.84,0.86,0.83,0.82,0.87,0.87,0.83,0.83,0.83,0.83,0.83,0.83,0.83,0.83,0.84,0.83,0.85,0.85,0.83,0.85,0.86,0.82,0.81,0.81,0.81,0.81,0.8,0.81,0.79,0.79,0.78,0.8,0.78,0.81,0.79,0.79,0.8,0.8,0.81,0.81,0.8,0.89,0.89,0.89,0.89,0.89,0.8899999856948853,0.89,0.87,0.88,0.8899999856948853,0.89,0.88,0.8899999856948853,0.89,0.88,0.8199999928474426,0.82,0.8199999928474426,0.82,0.82,0.83,0.82,0.82,0.8199999928474426,0.82,0.81,0.81,0.81,0.89,0.89,0.89,0.89,0.89,0.82,0.84,0.84,0.8,0.83,0.82,0.81,0.84,0.8,0.81
0.2283809523809524,0.751681535919334,0.0262633603688434,0.8287784387918433,0.1679943989265737,0.6767293616457708,0.0981113799199776,0.6725750000000001,0.3058292771084337,0.6006101694915253,0.1167479192993158,0.7116627606688618,0.019,0.7836135519280996,0.0008081338390816,0.8425045802424806,0.2841074188562597,0.724039892581227,0.0178572398724459,0.8388519108280256,0.4676915782502839,0.675,0.0920257642865181,0.916988730430603,0.012447090819478,0.9269731044769288,0.8794569373130798,0.8794569373130798,0.8794569373130798,0.0903277546167373,0.8483769297599792,0.0168760307133197,0.9027153849601746,0.2313563674688339,0.8401128053665161,0.073297768831253,0.8906216025352478,0.0507511496543884,0.9309219717979432,0.0408250465989112,0.9012887477874756,0.9373714923858644,0.9373714923858644,0.9373714923858644,0.0411809124052524,0.8989905118942261,0.0215976871550083,0.875937283039093,0.2986081540584564,0.2986081540584564,0.2986081540584564,0.2673677206039428,0.8151928782463074,0.82,0.82,0.8,0.83,0.83,0.83,0.83,0.83,0.82,0.83,0.85,0.83,0.83,0.83,0.86,0.85,0.83,0.86,0.83,0.81,0.88,0.87,0.84,0.84,0.84,0.84,0.84,0.84,0.84,0.84,0.85,0.84,0.85,0.86,0.84,0.86,0.87,0.82,0.82,0.82,0.82,0.82,0.82,0.82,0.8,0.8,0.8,0.82,0.79,0.82,0.8,0.8,0.82,0.82,0.82,0.82,0.82,0.88,0.88,0.88,0.88,0.88,0.8799999952316284,0.88,0.88,0.89,0.8799999952316284,0.88,0.89,0.8799999952316284,0.9,0.89,0.8199999928474426,0.82,0.8199999928474426,0.82,0.82,0.83,0.82,0.82,0.8199999928474426,0.82,0.82,0.81,0.81,0.89,0.9,0.9,0.9,0.89,0.83,0.84,0.84,0.81,0.84,0.83,0.82,0.84,0.81,0.82
0.1333231222385861,0.7172195315976171,0.0684176449898528,0.7645346663360121,0.134100433441267,0.579183846900936,0.0925198660091188,0.589675,0.3870071084337348,0.5890819209039548,0.0700380844481241,0.6535430950997481,0.142,0.6777266706812675,0.0,0.7998976266816278,0.2324368882019578,0.711216487354169,0.0188410298807133,0.8044726645435245,0.4963861604535125,0.6985,0.106757141649723,0.8919524550437927,0.0228763874620199,0.9110062718391418,0.8845551013946533,0.8845551013946533,0.8845551013946533,0.1016846969723701,0.8543344736099243,0.0306975562125444,0.8636111617088318,0.2780346870422363,0.8159225583076477,0.1148448139429092,0.8911115527153015,0.0888498276472091,0.8969920873641968,0.0515479706227779,0.8836589455604553,0.9493573904037476,0.9493573904037476,0.9493573904037476,0.0771690756082534,0.8575757741928101,0.032004565000534,0.846056342124939,0.2859930098056793,0.2859930098056793,0.2859930098056793,0.2862824201583862,0.8190475702285767,0.83,0.83,0.82,0.84,0.84,0.84,0.84,0.83,0.83,0.83,0.84,0.83,0.83,0.83,0.86,0.86,0.83,0.87,0.83,0.81,0.88,0.87,0.85,0.85,0.85,0.85,0.85,0.85,0.85,0.85,0.86,0.85,0.86,0.87,0.85,0.86,0.87,0.83,0.84,0.83,0.83,0.83,0.83,0.83,0.82,0.82,0.81,0.83,0.81,0.83,0.82,0.81,0.83,0.83,0.83,0.83,0.83,0.89,0.89,0.89,0.89,0.89,0.8899999856948853,0.89,0.89,0.89,0.8899999856948853,0.89,0.89,0.8899999856948853,0.9,0.89,0.8299999833106995,0.83,0.8299999833106995,0.83,0.83,0.85,0.83,0.83,0.8299999833106995,0.83,0.83,0.82,0.82,0.89,0.89,0.9,0.89,0.9,0.84,0.85,0.85,0.82,0.85,0.84,0.83,0.85,0.82,0.83
0.2387617083946981,0.6252935379255056,0.0734733810132315,0.7622701738921035,0.1030528818748559,0.5375901465654248,0.0969107657951056,0.61725,0.4332699397590361,0.556505649717514,0.2147133208418667,0.6384747562786492,0.261,0.6334141681199223,0.0003037755281469,0.7541804908670562,0.2509631633178774,0.6405956229187916,0.0337975670249202,0.7880345010615712,0.5573903325780305,0.4785,0.1484830230474472,0.8393063545227051,0.0422057919204235,0.8973714113235474,0.8845626711845398,0.8845626711845398,0.8845626711845398,0.1056407615542411,0.8606213331222534,0.0571101941168308,0.8361879587173462,0.3222829401493072,0.7966130971908569,0.1722227483987808,0.8859346508979797,0.1357544809579849,0.8632680177688599,0.072630800306797,0.8669647574424744,0.95852792263031,0.95852792263031,0.95852792263031,0.1283836960792541,0.8204098343849182,0.0449211746454238,0.8298860788345337,0.296161025762558,0.296161025762558,0.296161025762558,0.3037492334842682,0.8229480385780334,0.84,0.83,0.83,0.85,0.84,0.85,0.84,0.84,0.83,0.83,0.85,0.84,0.84,0.84,0.86,0.86,0.84,0.87,0.84,0.82,0.88,0.87,0.85,0.85,0.85,0.85,0.85,0.85,0.86,0.85,0.85,0.84,0.86,0.86,0.85,0.86,0.88,0.85,0.84,0.84,0.84,0.84,0.84,0.84,0.83,0.83,0.82,0.84,0.82,0.84,0.83,0.82,0.84,0.84,0.84,0.84,0.84,0.89,0.89,0.89,0.89,0.89,0.8899999856948853,0.89,0.89,0.9,0.8899999856948853,0.89,0.9,0.8899999856948853,0.91,0.9,0.8299999833106995,0.83,0.8299999833106995,0.83,0.83,0.84,0.83,0.83,0.8299999833106995,0.83,0.83,0.83,0.83,0.9,0.9,0.9,0.9,0.9,0.84,0.85,0.85,0.83,0.85,0.84,0.83,0.86,0.83,0.84
0.4207172312223859,0.7642307584514749,0.0901965094581619,0.7385612152203671,0.0773064003644839,0.475874646830302,0.0967549083465153,0.651975,0.4821459638554216,0.5878531073446327,0.1862415355788923,0.6051305119762411,0.241,0.7376912316610407,0.0004881057047401,0.7299370651742583,0.2234848016486347,0.6824641674598857,0.0566143262076296,0.803403397027601,0.6236831164611107,0.7130000000000001,0.2217217534780502,0.821323573589325,0.0625296458601951,0.8892439007759094,0.8942476511001587,0.8942476511001587,0.8942476511001587,0.118989385664463,0.8517557978630066,0.0811603739857673,0.8141703009605408,0.3594453930854797,0.784126877784729,0.2354077696800232,0.8661956191062927,0.1707774698734283,0.8320462703704834,0.0906376764178276,0.8781824707984924,0.9623671174049376,0.9623671174049376,0.9623671174049376,0.1673249155282974,0.7737699151039124,0.05928211286664,0.8454267382621765,0.3347736001014709,0.3347736001014709,0.3347736001014709,0.3240663707256317,0.824677050113678,0.85,0.84,0.84,0.85,0.85,0.86,0.85,0.85,0.84,0.85,0.85,0.85,0.85,0.85,0.87,0.86,0.85,0.88,0.85,0.83,0.89,0.88,0.86,0.85,0.85,0.85,0.85,0.85,0.86,0.85,0.86,0.85,0.87,0.87,0.86,0.87,0.88,0.86,0.85,0.85,0.85,0.85,0.85,0.85,0.84,0.84,0.84,0.85,0.84,0.85,0.84,0.83,0.85,0.86,0.85,0.85,0.85,0.9,0.9,0.9,0.9,0.9,0.8999999761581421,0.9,0.9,0.91,0.8999999761581421,0.9,0.91,0.8999999761581421,0.92,0.91,0.8299999833106995,0.83,0.8299999833106995,0.83,0.83,0.84,0.83,0.84,0.8299999833106995,0.83,0.83,0.83,0.83,0.91,0.91,0.91,0.91,0.91,0.85,0.86,0.86,0.84,0.86,0.85,0.84,0.86,0.84,0.84
0.3067695630829651,0.7447465982198805,0.1084525745351678,0.6915188066464254,0.1536475344021588,0.4059948569662723,0.0937306224993021,0.6866749999999999,0.5197714457831325,0.6643700564971751,0.41248111028803,0.6320163987345857,0.114,0.7008775914938024,0.0029939963324876,0.7761492013180551,0.2647609479649665,0.6880952818596109,0.0764097378055982,0.8312359341825903,0.5906139428298867,0.75,0.2571212649345398,0.7711108326911926,0.0773621574044227,0.8900254368782043,0.91923725605011,0.91923725605011,0.91923725605011,0.1460661739110946,0.8336629867553711,0.1021407470107078,0.774249255657196,0.3864190578460693,0.7669872045516968,0.3272104859352112,0.8414785861968994,0.1943048685789108,0.7845842242240906,0.1136039346456527,0.8842142224311829,0.964485764503479,0.964485764503479,0.964485764503479,0.1774627864360809,0.7393059730529785,0.0760496780276298,0.8471179008483887,0.3859122991561889,0.3859122991561889,0.3859122991561889,0.3213593959808349,0.805453896522522,0.86,0.85,0.85,0.86,0.86,0.86,0.86,0.86,0.85,0.86,0.86,0.86,0.86,0.86,0.87,0.87,0.86,0.88,0.86,0.85,0.89,0.88,0.86,0.86,0.86,0.86,0.86,0.86,0.86,0.86,0.86,0.85,0.87,0.87,0.86,0.87,0.89,0.86,0.86,0.86,0.86,0.86,0.85,0.85,0.86,0.86,0.85,0.86,0.85,0.86,0.86,0.85,0.86,0.87,0.85,0.86,0.86,0.91,0.91,0.91,0.91,0.91,0.9100000262260436,0.91,0.91,0.91,0.9100000262260436,0.91,0.91,0.9100000262260436,0.92,0.91,0.8399999737739563,0.84,0.8399999737739563,0.84,0.84,0.84,0.84,0.84,0.8399999737739563,0.84,0.84,0.84,0.84,0.91,0.91,0.91,0.91,0.91,0.86,0.86,0.86,0.85,0.87,0.86,0.85,0.86,0.85,0.85
0.3427295041728031,0.5481274755993566,0.2022774406841923,0.6277385164319261,0.098899810490852,0.4472782315027371,0.1000917465339164,0.547525,0.4988328313253011,0.5949943502824858,0.4677779859688875,0.5319407966944283,0.22,0.6099970265260738,0.0125435203094777,0.7730989032971098,0.2923086038124678,0.5466924637163308,0.1139939470886973,0.8392367303609343,0.6293387822323342,0.4385,0.3067666590213775,0.7000225186347961,0.0944874882698059,0.8705645203590393,0.9170072674751282,0.9170072674751282,0.9170072674751282,0.1558529138565063,0.7346217632293701,0.1171089559793472,0.73863685131073,0.4103762507438659,0.6980210542678833,0.3200561702251434,0.7569335699081421,0.2396423816680908,0.7300640940666199,0.1371718496084213,0.8789364695549011,0.9658499360084534,0.9658499360084534,0.9658499360084534,0.171341136097908,0.6873912215232849,0.0920166671276092,0.8436812162399292,0.495325893163681,0.495325893163681,0.495325893163681,0.3168816566467285,0.6993436217308044,0.86,0.86,0.86,0.86,0.86,0.87,0.87,0.87,0.86,0.86,0.87,0.87,0.87,0.87,0.88,0.87,0.87,0.88,0.87,0.86,0.9,0.88,0.86,0.86,0.86,0.86,0.86,0.86,0.87,0.86,0.87,0.85,0.87,0.88,0.86,0.87,0.89,0.87,0.86,0.86,0.86,0.87,0.86,0.86,0.87,0.87,0.86,0.87,0.86,0.87,0.87,0.86,0.87,0.87,0.86,0.87,0.87,0.92,0.92,0.92,0.92,0.92,0.9200000166893004,0.92,0.92,0.92,0.9200000166893004,0.92,0.92,0.9200000166893004,0.93,0.92,0.8399999737739563,0.84,0.8399999737739563,0.84,0.84,0.84,0.84,0.84,0.8399999737739563,0.84,0.84,0.85,0.85,0.92,0.92,0.92,0.92,0.92,0.87,0.87,0.87,0.86,0.88,0.86,0.86,0.87,0.86,0.85
0.5220754050073638,0.1986086757689918,0.3046823482727542,0.3701399481494013,0.1586870834861586,0.1446934045558891,0.1228972736577649,0.206725,0.4659207228915662,0.084683615819209,0.2535495228550263,0.1647731615985538,0.244,0.2869044950570237,0.0270646838654575,0.6125366369765168,0.2175540958268934,0.1922074419759934,0.1607158970119286,0.754088906581741,0.5987560081275354,0.0265,0.3047195971012115,0.4697835147380829,0.1092436239123344,0.7670259475708008,0.9272754192352296,0.9272754192352296,0.9272754192352296,0.1908661723136901,0.378273457288742,0.129500463604927,0.5886748433113098,0.4158660471439361,0.438025027513504,0.295255959033966,0.4529632031917572,0.293828397989273,0.5565429329872131,0.1605725288391113,0.77664715051651,0.9681329131126404,0.9681329131126404,0.9681329131126404,0.171617642045021,0.4738786518573761,0.1074478924274444,0.7038893699645996,0.6037436723709106,0.6037436723709106,0.6037436723709106,0.3044458031654358,0.3558591604232788,0.85,0.85,0.85,0.86,0.85,0.86,0.86,0.86,0.87,0.88,0.87,0.86,0.86,0.86,0.88,0.88,0.88,0.88,0.86,0.87,0.9,0.88,0.83,0.83,0.83,0.83,0.83,0.83,0.86,0.86,0.86,0.85,0.86,0.87,0.86,0.87,0.88,0.84,0.83,0.83,0.83,0.84,0.83,0.83,0.87,0.87,0.87,0.87,0.87,0.87,0.87,0.87,0.87,0.87,0.87,0.87,0.87,0.93,0.93,0.93,0.93,0.93,0.9300000071525574,0.93,0.92,0.92,0.9300000071525574,0.93,0.92,0.9300000071525574,0.93,0.92,0.8399999737739563,0.84,0.8399999737739563,0.84,0.84,0.84,0.84,0.84,0.8399999737739563,0.84,0.84,0.84,0.84,0.92,0.92,0.92,0.92,0.92,0.86,0.85,0.85,0.87,0.85,0.83,0.86,0.85,0.87,0.83
0.4058993618065782,0.0,0.3308284904974251,0.0571784936888108,0.146187587489024,0.0,0.1272070345212617,0.0,0.3838503614457832,0.0,0.2989616541025752,0.0,0.279,0.0049660111914161,0.0968437790449396,0.3260426381001174,0.2004768160741885,0.0,0.2004877760718081,0.4061807324840765,0.4164374619092454,0.0,0.3442654609680176,0.0840663239359855,0.1288444399833679,0.3846636414527893,0.918147087097168,0.918147087097168,0.918147087097168,0.2545990645885467,0.0347429439425468,0.1394101232290268,0.2093373388051986,0.3619739115238189,0.0729534775018692,0.3191011846065521,0.0524995699524879,0.3415309190750122,0.1652624905109405,0.1807465553283691,0.4133457243442535,0.9724010229110718,0.9724010229110718,0.9724010229110718,0.1530261486768722,0.0984808281064033,0.1163862571120262,0.3310815393924713,0.7196150422096252,0.7196150422096252,0.7196150422096252,0.3127943873405456,0.0325865931808948,0.81,0.81,0.81,0.82,0.82,0.83,0.83,0.84,0.85,0.86,0.86,0.84,0.84,0.84,0.87,0.86,0.86,0.87,0.84,0.87,0.88,0.86,0.77,0.77,0.77,0.77,0.76,0.76,0.83,0.82,0.83,0.83,0.84,0.84,0.83,0.84,0.84,0.78,0.76,0.76,0.76,0.77,0.76,0.76,0.84,0.84,0.84,0.84,0.84,0.84,0.84,0.84,0.84,0.85,0.84,0.83,0.84,0.9,0.9,0.9,0.9,0.9,0.8999999761581421,0.9,0.88,0.89,0.8999999761581421,0.9,0.89,0.8999999761581421,0.9,0.89,0.8100000023841858,0.81,0.8100000023841858,0.81,0.81,0.79,0.81,0.8,0.8100000023841858,0.81,0.8,0.81,0.81,0.9,0.9,0.9,0.9,0.9,0.81,0.8,0.8,0.8,0.79,0.78,0.83,0.79,0.8,0.77
0.4169571919489445,0.0,0.494687950587788,0.006810614585071,0.11896444637759,0.0,0.2078924350981669,0.0,0.3760526506024096,0.0,0.3902021874591485,0.0,0.315,0.0,0.1961022633072923,0.0550839793618836,0.1307014425553838,0.0,0.20738585095075,0.0663455414012739,0.3135180110331149,0.0,0.4224352538585663,0.0,0.1989974826574325,0.037539716809988,0.9134880900382996,0.9134880900382996,0.9134880900382996,0.3057218194007873,0.0,0.1951697617769241,0.0017902458785101,0.3792524635791778,0.0,0.3444078266620636,0.0,0.3084152340888977,0.0,0.2531760334968567,0.0543466471135616,0.9729470014572144,0.9729470014572144,0.9729470014572144,0.1628549247980117,0.0,0.1633651256561279,0.0308285988867282,0.8039246797561646,0.8039246797561646,0.8039246797561646,0.361060231924057,0.0,0.76,0.76,0.76,0.77,0.77,0.79,0.78,0.8,0.8,0.82,0.82,0.8,0.79,0.79,0.82,0.82,0.82,0.82,0.79,0.83,0.84,0.82,0.73,0.74,0.74,0.74,0.73,0.73,0.79,0.78,0.78,0.77,0.78,0.78,0.78,0.78,0.79,0.73,0.72,0.72,0.72,0.73,0.72,0.72,0.8,0.8,0.81,0.8,0.81,0.8,0.8,0.8,0.79,0.8,0.8,0.79,0.79,0.85,0.85,0.85,0.85,0.85,0.8500000238418579,0.85,0.84,0.85,0.8500000238418579,0.85,0.85,0.8500000238418579,0.86,0.85,0.7400000095367432,0.74,0.7400000095367432,0.74,0.74,0.74,0.74,0.75,0.7400000095367432,0.74,0.75,0.75,0.75,0.87,0.87,0.87,0.87,0.87,0.74,0.74,0.74,0.74,0.73,0.73,0.75,0.73,0.74,0.72
0.3939433480608738,0.0,0.6433177125709447,0.0,0.2113077748216123,0.0,0.1834109053689401,0.0,0.3447612650602409,0.0,0.3074571005272561,0.0,0.045,0.0,0.3269572458489286,0.0,0.0735772797527048,0.0,0.2332424117160741,0.0,0.3238396932623166,0.0,0.4001764059066772,0.0,0.2390569597482681,0.0,0.898481011390686,0.898481011390686,0.898481011390686,0.3037977218627929,0.0,0.2321023643016815,0.0,0.3734807968139648,0.0,0.3561338186264038,0.0,0.2769434750080108,0.0,0.3264100849628448,0.0,0.9719725251197816,0.9719725251197816,0.9719725251197816,0.1441452354192733,0.0,0.2432924956083297,0.0,0.8250693678855896,0.8250693678855896,0.8250693678855896,0.398706704378128,0.0,0.74,0.73,0.74,0.74,0.74,0.76,0.73,0.75,0.75,0.76,0.76,0.75,0.74,0.74,0.76,0.76,0.76,0.76,0.74,0.78,0.78,0.76,0.71,0.71,0.71,0.71,0.71,0.71,0.73,0.72,0.74,0.73,0.74,0.75,0.74,0.74,0.76,0.7,0.69,0.69,0.69,0.7,0.69,0.69,0.72,0.72,0.73,0.73,0.73,0.74,0.72,0.72,0.73,0.73,0.74,0.73,0.73,0.79,0.79,0.79,0.79,0.79,0.7900000214576721,0.79,0.76,0.78,0.7900000214576721,0.79,0.77,0.7900000214576721,0.8,0.77,0.7099999785423279,0.71,0.7099999785423279,0.71,0.71,0.72,0.71,0.72,0.7099999785423279,0.71,0.72,0.72,0.72,0.85,0.85,0.85,0.85,0.84,0.7,0.7,0.7,0.7,0.7,0.7,0.71,0.7,0.7,0.69
0.3275428571428572,0.0,0.6037879311300947,0.0,0.2113753507869221,0.0,0.1794265376384107,0.0,0.3120807228915662,0.0,0.2295184975380191,0.0,0.018,0.0,0.381438996206888,0.0,0.1714721792890262,0.0,0.1843364532892406,0.0,0.3557543801357739,0.0,0.3264296948909759,0.0,0.2757626175880432,0.0,0.8847745656967163,0.8847745656967163,0.8847745656967163,0.2284641563892364,0.0,0.2159045189619064,0.0,0.3545721471309662,0.0,0.3441155850887298,0.0,0.2637882828712463,0.0,0.3041068911552429,0.0,0.9662449955940248,0.9662449955940248,0.9662449955940248,0.1360033601522445,0.0,0.2965016067028045,0.0,0.8450337648391724,0.8450337648391724,0.8450337648391724,0.4052856564521789,0.0,0.71,0.71,0.72,0.72,0.72,0.74,0.7,0.71,0.71,0.71,0.71,0.71,0.71,0.71,0.72,0.72,0.72,0.72,0.71,0.73,0.72,0.72,0.69,0.69,0.69,0.69,0.68,0.69,0.7,0.7,0.72,0.71,0.71,0.72,0.71,0.71,0.73,0.68,0.67,0.67,0.67,0.68,0.67,0.67,0.69,0.69,0.69,0.7,0.69,0.71,0.69,0.69,0.7,0.7,0.71,0.7,0.7,0.71,0.71,0.71,0.71,0.71,0.7099999785423279,0.71,0.72,0.74,0.7099999785423279,0.71,0.73,0.7099999785423279,0.75,0.73,0.6899999976158142,0.69,0.6899999976158142,0.69,0.69,0.69,0.69,0.69,0.6899999976158142,0.69,0.69,0.69,0.69,0.83,0.83,0.82,0.83,0.82,0.68,0.68,0.68,0.68,0.68,0.68,0.69,0.68,0.68,0.67
0.380685321551301,0.0,0.8834832476540198,0.0,0.1764008907772005,0.0,0.0484286777705406,0.0,0.1152372289156626,0.0,0.7051180879341147,0.0,0.305,0.0,0.0848363937803009,0.0,0.1841599690880989,0.0,0.0287609838195346,0.0,0.218308462153199,0.0,0.5497437715530396,0.0,0.3426312506198883,0.0,0.0351546518504619,0.0351546518504619,0.0351546518504619,0.4089327454566955,0.0,0.0421587489545345,0.0,0.1221832409501075,0.0,0.7097320556640625,0.0,0.470889151096344,0.0,0.0890610590577125,0.0,0.0099143935367465,0.0099143935367465,0.0099143935367465,0.1037002727389335,0.0,0.0344285815954208,0.0,7.387860387098044e-5,7.387860387098044e-5,7.387860387098044e-5,0.2957212030887604,0.0,0.9,0.89,0.91,0.88,0.89,0.88,0.88,0.9,0.91,0.93,0.93,0.89,0.89,0.89,0.93,0.93,0.93,0.93,0.89,0.93,0.93,0.92,0.93,0.93,0.93,0.93,0.93,0.93,0.98,0.97,0.95,0.96,0.95,0.94,0.96,0.94,0.94,0.95,0.94,0.94,0.94,0.95,0.93,0.93,0.94,0.94,0.93,0.93,0.93,0.91,0.94,0.94,0.92,0.93,0.91,0.92,0.92,0.92,0.92,0.92,0.92,0.92,0.9200000166893004,0.92,0.93,0.93,0.9200000166893004,0.92,0.93,0.9200000166893004,0.93,0.93,0.8700000047683716,0.87,0.8700000047683716,0.87,0.87,0.88,0.87,0.89,0.8700000047683716,0.87,0.89,0.89,0.89,0.92,0.92,0.92,0.92,0.92,0.98,0.96,0.96,0.99,0.97,0.96,0.98,0.96,0.99,0.95
0.3372023564064801,0.0,0.8175951106374756,0.0,0.20540504620136,0.0,0.0548515864892528,0.0,0.0504692771084337,0.0,0.7475365811146455,0.0,0.473,0.0,0.0263568539777437,0.0,0.1554474497681607,0.0,0.0156156253690799,0.0,0.1620286641411616,0.0,0.5030978918075562,0.0,0.3172799348831177,0.0,0.0524201057851314,0.0524201057851314,0.0524201057851314,0.3200242817401886,0.0,0.0362914055585861,0.0,0.1049408242106437,0.0,0.6682482361793518,0.0,0.42293581366539,0.0,0.0747648701071739,0.0,0.0175991803407669,0.0175991803407669,0.0175991803407669,0.0779418349266052,0.0,0.029135787859559,0.0,0.0,0.0,0.0,0.2395455837249755,0.0,0.88,0.88,0.9,0.87,0.87,0.87,0.86,0.88,0.89,0.92,0.92,0.87,0.87,0.87,0.92,0.92,0.92,0.92,0.87,0.91,0.92,0.91,0.92,0.92,0.93,0.92,0.92,0.92,0.97,0.96,0.94,0.94,0.94,0.93,0.94,0.93,0.93,0.93,0.92,0.92,0.92,0.93,0.92,0.92,0.93,0.93,0.92,0.91,0.92,0.89,0.93,0.93,0.91,0.92,0.9,0.9,0.91,0.91,0.91,0.91,0.91,0.91,0.9100000262260436,0.91,0.91,0.92,0.9100000262260436,0.91,0.91,0.9100000262260436,0.92,0.91,0.8600000143051147,0.86,0.8600000143051147,0.86,0.86,0.87,0.86,0.88,0.8600000143051147,0.86,0.88,0.88,0.88,0.91,0.91,0.91,0.91,0.91,0.97,0.96,0.96,0.98,0.96,0.95,0.97,0.96,0.98,0.95
0.2603053510063819,0.0,0.9084274835233532,0.0,0.2726433365771881,0.0,0.0903874569647343,0.0,0.0440378313253012,0.0,0.7614750969541156,0.0,0.451,0.0,0.0109176819312215,0.0,0.1506700154559505,0.0,0.0126148281563717,0.0,0.0933358129069214,0.0,0.4607477486133575,0.0,0.2922272682189941,0.0,0.07307830452919,0.07307830452919,0.07307830452919,0.286031424999237,0.0,0.0335644520819187,0.0,0.0933097749948501,0.0,0.6294911503791809,0.0,0.3872692883014679,0.0,0.0654757171869278,0.0,0.0255788322538137,0.0255788322538137,0.0255788322538137,0.0594004802405834,0.0,0.0292818658053874,0.0,7.016205017862376e-6,7.016205017862376e-6,7.016205017862376e-6,0.1983007341623306,0.0,0.87,0.87,0.89,0.86,0.86,0.86,0.85,0.87,0.88,0.91,0.91,0.86,0.86,0.86,0.91,0.91,0.91,0.91,0.86,0.9,0.9,0.9,0.92,0.92,0.93,0.92,0.92,0.92,0.96,0.96,0.94,0.94,0.93,0.93,0.94,0.93,0.93,0.91,0.91,0.91,0.91,0.91,0.91,0.91,0.91,0.91,0.91,0.9,0.91,0.89,0.91,0.91,0.9,0.91,0.89,0.89,0.9,0.9,0.9,0.9,0.9,0.9,0.8999999761581421,0.9,0.91,0.91,0.8999999761581421,0.9,0.9,0.8999999761581421,0.91,0.91,0.8500000238418579,0.85,0.8500000238418579,0.85,0.85,0.87,0.85,0.87,0.8500000238418579,0.85,0.87,0.87,0.87,0.91,0.91,0.91,0.91,0.91,0.97,0.96,0.96,0.98,0.96,0.95,0.97,0.96,0.98,0.95
0.3188682376043201,0.0,0.9217513473597848,0.0,0.2437614847928206,0.0,0.1616440867218758,0.0,0.0149644578313253,0.0,0.7948750708091855,0.0,0.315,0.0,0.0016316662061342,0.0,0.1273941267387944,0.0,0.0147918093775835,0.0,0.0834589248968636,0.0,0.4121113717556,0.0,0.2772239446640014,0.0,0.098541148006916,0.098541148006916,0.098541148006916,0.2786464691162109,0.0,0.0340770967304706,0.0,0.0877788886427879,0.0,0.5746106505393982,0.0,0.3294696509838104,0.0,0.0543589256703853,0.0,0.0321650169789791,0.0321650169789791,0.0321650169789791,0.0512670278549194,0.0,0.0311055406928062,0.0,0.0014566145837306,0.0014566145837306,0.0014566145837306,0.1497877389192581,0.0,0.86,0.86,0.88,0.85,0.86,0.85,0.84,0.86,0.87,0.91,0.91,0.86,0.85,0.85,0.91,0.91,0.91,0.91,0.85,0.9,0.9,0.9,0.93,0.93,0.93,0.93,0.92,0.92,0.95,0.95,0.93,0.93,0.93,0.92,0.93,0.92,0.92,0.91,0.9,0.91,0.9,0.9,0.9,0.9,0.91,0.91,0.91,0.9,0.91,0.88,0.91,0.91,0.9,0.9,0.88,0.89,0.89,0.89,0.89,0.89,0.89,0.89,0.8899999856948853,0.89,0.91,0.91,0.8899999856948853,0.89,0.9,0.8899999856948853,0.9,0.9,0.8500000238418579,0.85,0.8500000238418579,0.85,0.85,0.87,0.85,0.87,0.8500000238418579,0.85,0.87,0.86,0.86,0.91,0.91,0.91,0.91,0.91,0.97,0.96,0.96,0.98,0.96,0.96,0.97,0.96,0.98,0.95
0.3591279332351498,0.0,0.9086891426472083,0.0,0.1865086454624432,0.0,0.1865384758537266,0.0,0.0017078313253012,0.0,0.8008446555405465,0.0,0.358,0.0,0.0026173227159687,0.0,0.2041782586295724,0.0,0.020380920042518,0.0,0.1104862804704529,0.0,0.3590316772460937,0.0,0.2498687356710434,0.0,0.1344889402389526,0.1344889402389526,0.1344889402389526,0.2358797341585159,0.0,0.0386883951723575,0.0,0.0847128182649612,0.0,0.5009756088256836,0.0,0.2707459032535553,0.0,0.0517610907554626,0.0,0.0398393049836158,0.0398393049836158,0.0398393049836158,0.0442987792193889,0.0,0.0280246622860431,0.0,0.0094643086194992,0.0094643086194992,0.0094643086194992,0.1125916838645935,0.0,0.87,0.86,0.88,0.86,0.86,0.86,0.84,0.86,0.87,0.91,0.92,0.86,0.85,0.85,0.91,0.91,0.91,0.91,0.85,0.9,0.9,0.91,0.93,0.93,0.94,0.93,0.93,0.93,0.95,0.95,0.93,0.93,0.92,0.92,0.93,0.92,0.92,0.91,0.91,0.91,0.91,0.9,0.91,0.91,0.9,0.9,0.9,0.9,0.9,0.88,0.9,0.9,0.9,0.9,0.88,0.89,0.89,0.9,0.9,0.9,0.9,0.9,0.8999999761581421,0.9,0.91,0.91,0.8999999761581421,0.9,0.91,0.8999999761581421,0.91,0.91,0.8500000238418579,0.85,0.8500000238418579,0.85,0.85,0.87,0.85,0.87,0.8500000238418579,0.85,0.87,0.87,0.87,0.91,0.91,0.9,0.91,0.9,0.97,0.96,0.96,0.98,0.97,0.96,0.97,0.96,0.98,0.96
0.3526614629356898,0.0,0.8881893620897319,0.0,0.1852923088615999,0.0,0.2128956918209733,0.0,0.0022298795180722,0.0,0.8018133687742385,0.0,0.319,0.0,0.0050928182069381,0.0,0.1585808861411643,0.0,0.0488990197236329,0.0,0.1497366293397839,0.0,0.3024162650108337,0.0,0.2310159355401992,0.0,0.1717391908168792,0.1717391908168792,0.1717391908168792,0.1953987777233123,0.0,0.0391150936484336,0.0,0.0805120468139648,0.0,0.4298220574855804,0.0,0.2218815237283706,0.0,0.0471747815608978,0.0,0.0432317927479743,0.0432317927479743,0.0432317927479743,0.0352499783039093,0.0,0.0345858708024024,0.0,0.0213117767125368,0.0213117767125368,0.0213117767125368,0.0931817218661308,0.0,0.88,0.87,0.89,0.87,0.87,0.87,0.85,0.87,0.88,0.91,0.92,0.86,0.86,0.86,0.92,0.92,0.91,0.92,0.86,0.9,0.91,0.91,0.95,0.95,0.95,0.95,0.95,0.95,0.96,0.95,0.94,0.94,0.93,0.93,0.94,0.93,0.93,0.91,0.92,0.92,0.91,0.91,0.92,0.92,0.91,0.91,0.91,0.9,0.91,0.89,0.91,0.91,0.9,0.91,0.89,0.89,0.9,0.9,0.9,0.9,0.9,0.9,0.8999999761581421,0.9,0.91,0.92,0.8999999761581421,0.9,0.91,0.8999999761581421,0.91,0.91,0.8600000143051147,0.86,0.8600000143051147,0.86,0.86,0.88,0.86,0.89,0.8600000143051147,0.86,0.88,0.88,0.88,0.91,0.91,0.91,0.91,0.91,0.97,0.97,0.97,0.98,0.97,0.97,0.97,0.96,0.98,0.98
0.3257373588610702,0.0,0.854888296636739,0.0,0.2402505214559488,0.0,0.2498272075928166,0.0,0.059589156626506,0.0,0.7735568870103273,0.0,0.163,0.0,0.0078229546082544,0.0,0.1459763008758372,0.0,0.0969028286287941,0.0,0.1235351507653997,0.0,0.2475847154855728,0.0,0.21396005153656,0.0,0.2059818804264068,0.2059818804264068,0.2059818804264068,0.1736080199480056,0.0,0.0425347760319709,0.0,0.071619339287281,0.0,0.3596042096614837,0.0,0.1827388107776641,0.0,0.0415832996368408,0.0,0.0461576171219348,0.0461576171219348,0.0461576171219348,0.0306386034935712,0.0,0.0405843332409858,0.0,0.0309941954910755,0.0309941954910755,0.0309941954910755,0.0823331549763679,0.0,0.89,0.89,0.9,0.89,0.89,0.89,0.88,0.89,0.9,0.93,0.94,0.89,0.89,0.89,0.93,0.93,0.93,0.93,0.89,0.92,0.92,0.93,0.98,0.98,0.98,0.98,0.98,0.98,0.97,0.97,0.94,0.94,0.94,0.94,0.94,0.94,0.95,0.94,0.95,0.95,0.95,0.95,0.95,0.95,0.91,0.91,0.91,0.91,0.91,0.9,0.91,0.91,0.91,0.92,0.9,0.9,0.91,0.92,0.92,0.92,0.92,0.92,0.9200000166893004,0.92,0.92,0.93,0.9200000166893004,0.92,0.93,0.9200000166893004,0.92,0.93,0.8799999952316284,0.88,0.8799999952316284,0.88,0.88,0.91,0.88,0.91,0.8799999952316284,0.88,0.91,0.91,0.91,0.92,0.92,0.92,0.92,0.92,0.98,0.98,0.98,0.97,0.98,0.99,0.98,0.98,0.97,0.99
0.4234565537555228,0.0,0.8245235992776725,0.0,0.3060146460926039,0.0,0.2630689494742718,0.0,0.083360421686747,0.0,0.6925462547387685,0.0,0.324,0.0,0.0094350272551433,0.0,0.0854304482225657,0.0,0.0498994626195819,0.0,0.0966732844284766,0.0,0.2165788859128952,0.0,0.1981694102287292,0.0,0.2385375499725341,0.2385375499725341,0.2385375499725341,0.1633927375078201,0.0,0.04657619073987,0.0,0.0691480860114097,0.0,0.3029342889785766,0.0,0.1520480960607528,0.0,0.0395093783736228,0.0,0.0491270348429679,0.0491270348429679,0.0491270348429679,0.0287120211869478,0.0,0.0516247600317001,0.0,0.0368288196623325,0.0368288196623325,0.0368288196623325,0.0853186398744583,2.7788355509983376e-6,0.94,0.94,0.95,0.94,0.94,0.94,0.93,0.93,0.94,0.95,0.96,0.93,0.93,0.93,0.95,0.96,0.96,0.96,0.93,0.95,0.95,0.95,1.0,1.0,1.0,1.0,1.0,1.0,0.98,0.98,0.96,0.95,0.96,0.96,0.96,0.96,0.96,0.97,0.98,0.98,0.97,0.97,0.98,0.98,0.93,0.93,0.93,0.93,0.93,0.92,0.93,0.93,0.93,0.94,0.93,0.93,0.93,0.94,0.94,0.94,0.94,0.94,0.9399999976158142,0.94,0.95,0.95,0.9399999976158142,0.94,0.95,0.9399999976158142,0.95,0.95,0.9300000071525574,0.93,0.9300000071525574,0.93,0.93,0.96,0.93,0.96,0.9300000071525574,0.93,0.95,0.95,0.95,0.93,0.93,0.93,0.93,0.93,0.98,0.99,0.99,0.97,0.98,1.0,0.99,0.99,0.97,1.0
0.3850083456062838,0.027485622638644,0.7936632306881986,0.0,0.2684299755098126,0.1671360365530637,0.3194987438354889,0.01125,0.0768690963855421,0.0561892655367231,0.6399276221186109,0.1209033184840854,0.452,0.0006943433100219,0.0092952347459117,0.0,0.0994938176197836,0.0360456443507009,0.0173488543758119,0.0,0.0843463783444814,0.069,0.191163882613182,0.0325030088424682,0.1923874914646148,0.0,0.2702971696853637,0.2702971696853637,0.2702971696853637,0.1589976400136947,0.1186432614922523,0.050740260630846,0.0034913872368633,0.0705258473753929,0.0502477549016475,0.2554845511913299,0.0689538195729255,0.1291969269514084,0.0071489666588604,0.0393778011202812,0.0,0.0587633252143859,0.0587633252143859,0.0587633252143859,0.0293087214231491,0.0264354459941387,0.075870044529438,0.0,0.0396784991025924,0.0396784991025924,0.0396784991025924,0.082306295633316,0.1222148910164833,0.96,0.96,0.96,0.96,0.96,0.96,0.97,0.97,0.98,0.98,0.99,0.97,0.97,0.97,0.98,0.98,0.98,0.98,0.97,0.98,0.98,0.98,1.01,1.0,1.01,1.01,1.01,1.0,0.99,0.99,0.97,0.97,0.97,0.97,0.97,0.97,0.97,0.98,0.99,0.99,0.99,0.98,0.99,0.99,0.94,0.94,0.94,0.95,0.94,0.94,0.94,0.94,0.95,0.95,0.94,0.94,0.94,0.96,0.96,0.96,0.96,0.96,0.959999978542328,0.96,0.96,0.96,0.959999978542328,0.96,0.96,0.959999978542328,0.96,0.96,0.9399999976158142,0.94,0.9399999976158142,0.94,0.94,0.96,0.94,0.97,0.9399999976158142,0.94,0.97,0.97,0.97,0.94,0.94,0.94,0.94,0.94,0.99,0.99,0.99,0.98,0.99,1.01,0.99,0.99,0.98,1.01
0.3950736377025037,0.4861462072975845,0.7777822908273384,0.2429760327224759,0.2260415156210308,0.5773824386367651,0.318584907416023,0.3556249999999999,0.1149915060240963,0.5119971751412429,0.4057343239356834,0.6385359287236103,0.321,0.3602366248470261,0.009248587002939,0.0939308824035979,0.0541604842864502,0.4730222551104572,0.0055427246958781,0.0306239384288747,0.0970396973687831,0.5895,0.1756198406219482,0.4314278662204742,0.192517802119255,0.0957205891609191,0.3025266826152801,0.3025266826152801,0.3025266826152801,0.1188737228512764,0.5316429734230042,0.0550434030592441,0.2458668053150177,0.0694237947463989,0.4368228018283844,0.2077354788780212,0.4577612280845642,0.1141037195920944,0.3186178207397461,0.0447564348578453,0.0743814408779144,0.0767874121665954,0.0767874121665954,0.0767874121665954,0.0298479907214641,0.3958157300949096,0.1022137850522995,0.1059223487973213,0.038553811609745,0.038553811609745,0.038553811609745,0.0657659769058227,0.4941934645175934,0.97,0.97,0.97,0.97,0.97,0.97,0.99,0.99,1.0,0.99,0.99,0.99,0.99,0.99,0.99,0.99,0.99,0.98,0.99,1.0,0.99,0.99,1.01,1.01,1.02,1.01,1.01,1.01,1.0,1.0,0.97,0.97,0.97,0.97,0.97,0.97,0.97,0.99,1.0,1.0,1.0,0.99,1.0,1.0,0.94,0.94,0.95,0.96,0.95,0.95,0.94,0.95,0.96,0.96,0.95,0.95,0.95,0.97,0.97,0.97,0.97,0.97,0.9700000286102296,0.97,0.97,0.97,0.9700000286102296,0.97,0.97,0.9700000286102296,0.96,0.97,0.949999988079071,0.95,0.949999988079071,0.95,0.95,0.97,0.95,0.98,0.949999988079071,0.95,0.98,0.98,0.98,0.95,0.95,0.94,0.95,0.95,1.0,1.0,1.0,0.99,1.0,1.01,1.0,1.0,0.99,1.01
0.1977764359351988,0.9606144124379936,0.7629678988852722,0.7224951969683655,0.0990168058192601,0.7961574033197952,0.1574950218665674,0.8746749999999999,0.0917680722891566,0.929559322033898,0.23655388034337,0.9265895797017236,0.046,0.8867594707162673,0.0111019116280238,0.3851908102759041,0.0128722308088614,0.9431371037554416,0.0109700011810558,0.1461019108280254,0.0341228459486907,0.9755,0.1383039504289627,0.8721258044242859,0.1637069880962371,0.4063290357589721,0.3145565390586853,0.3145565390586853,0.3145565390586853,0.0634070411324501,0.8219660520553589,0.0472388118505477,0.6802740693092346,0.0481557324528694,0.8487213253974915,0.1308859288692474,0.7938356399536133,0.0940266847610473,0.7771406769752502,0.0517895333468914,0.3158897757530212,0.0988771319389343,0.0988771319389343,0.0988771319389343,0.0226597432047128,0.8335938453674316,0.11445814371109,0.3882493674755096,0.0360167995095253,0.0360167995095253,0.0360167995095253,0.0378556363284587,0.7737618684768677,0.98,0.98,0.98,0.98,0.98,0.98,1.0,1.0,1.01,1.0,1.0,1.0,1.0,1.0,0.99,1.0,1.0,0.99,1.0,1.01,1.0,0.99,1.01,1.01,1.02,1.01,1.02,1.01,1.0,1.0,0.98,0.99,0.98,0.98,0.98,0.98,0.98,1.0,1.01,1.01,1.01,1.0,1.01,1.01,0.95,0.95,0.96,0.97,0.96,0.96,0.95,0.95,0.96,0.97,0.96,0.96,0.96,0.98,0.98,0.98,0.98,0.98,0.9800000190734864,0.98,0.97,0.97,0.9800000190734864,0.98,0.97,0.9800000190734864,0.97,0.97,0.959999978542328,0.96,0.959999978542328,0.96,0.96,0.98,0.96,0.99,0.959999978542328,0.96,0.99,0.99,0.99,0.95,0.95,0.95,0.95,0.95,1.0,1.01,1.01,1.0,1.01,1.01,1.0,1.01,1.0,1.02
0.1508843397152675,0.9953969034366216,0.6877611522292904,0.8783077426629841,0.0555508223641267,0.8302883189122373,0.1062374616171955,0.999875,0.1101379518072289,0.9893813559322032,0.3120802649352913,0.8726180192394601,0.0,0.9896603617947592,0.0137385515838127,0.6868771851292937,0.000188304997424,0.9975874839926988,0.0111174264792724,0.6706480891719746,0.0158458484915894,1.0,0.1076903864741325,0.935256838798523,0.1272518187761306,0.6677923798561096,0.3270018994808197,0.3270018994808197,0.3270018994808197,0.0450338013470172,0.8768370747566223,0.033095758408308,0.8742491602897644,0.0265983138233423,0.937930941581726,0.1013383790850639,0.8603124022483826,0.0763118863105773,0.9103463292121888,0.0410078726708889,0.5507468581199646,0.1311150789260864,0.1311150789260864,0.1311150789260864,0.0141368880867958,0.913566827774048,0.0658953860402107,0.6114223003387451,0.0344708710908889,0.0344708710908889,0.0344708710908889,0.0240153335034847,0.84209805727005,0.99,0.99,0.99,0.99,0.99,0.99,1.02,1.02,1.01,1.0,1.0,1.02,1.02,1.02,1.0,1.0,1.0,0.99,1.02,1.01,1.0,1.0,1.02,1.02,1.02,1.02,1.02,1.02,1.01,1.01,0.99,1.0,0.99,0.99,0.99,0.99,0.98,1.02,1.02,1.02,1.01,1.02,1.02,1.02,0.95,0.95,0.96,0.97,0.96,0.97,0.95,0.95,0.97,0.97,0.97,0.97,0.97,0.98,0.98,0.98,0.98,0.98,0.9800000190734864,0.98,0.98,0.98,0.9800000190734864,0.98,0.97,0.9800000190734864,0.97,0.98,0.9700000286102296,0.97,0.9700000286102296,0.97,0.97,0.99,0.97,0.99,0.9700000286102296,0.97,1.0,1.0,1.0,0.95,0.96,0.95,0.96,0.95,1.01,1.01,1.01,1.0,1.01,1.02,1.01,1.01,1.0,1.02
0.3667256750122729,0.9911069954421522,0.6390377247203333,0.8931188639901657,0.0394574915470996,0.8093553107893343,0.1231460872801712,0.996625,0.0933530120481927,0.9652994350282486,0.3266087411216175,0.8391466524630382,0.0,0.9909579039535856,0.0158085608781933,0.7818534777333046,0.0142372488408037,0.9919925443105378,0.0256056454470296,0.8611435774946923,0.0563544312413901,0.983,0.1457051336765289,0.9464465379714966,0.138362169265747,0.748812198638916,0.3286387920379638,0.3286387920379638,0.3286387920379638,0.0438485965132713,0.9072678089141846,0.0349670387804508,0.8963778018951416,0.0251446384936571,0.9338080883026124,0.1147587224841117,0.8948318362236023,0.1069756895303726,0.9244094491004944,0.04393907263875,0.6223353743553162,0.1674455255270004,0.1674455255270004,0.1674455255270004,0.0138912070542573,0.9191696643829346,0.0387451462447643,0.6878830194473267,0.033263374119997,0.033263374119997,0.033263374119997,0.0252816770225763,0.876979649066925,1.0,0.99,1.0,0.99,1.0,1.0,1.02,1.02,1.02,1.01,1.0,1.02,1.02,1.02,1.0,1.0,1.01,1.0,1.02,1.02,1.01,1.0,1.02,1.02,1.03,1.02,1.03,1.02,1.01,1.01,1.0,1.01,1.0,0.99,1.0,1.0,0.99,1.02,1.02,1.02,1.02,1.02,1.02,1.02,0.96,0.96,0.97,0.98,0.97,0.98,0.96,0.96,0.98,0.98,0.98,0.98,0.98,0.98,0.98,0.98,0.98,0.98,0.9800000190734864,0.98,0.98,0.98,0.9800000190734864,0.98,0.98,0.9800000190734864,0.98,0.98,0.9800000190734864,0.98,0.9800000190734864,0.98,0.98,0.99,0.98,1.0,0.9800000190734864,0.98,1.0,1.0,1.0,0.96,0.96,0.95,0.96,0.96,1.01,1.01,1.01,1.01,1.01,1.02,1.02,1.01,1.01,1.02
0.4903356897398135,0.9830924030049546,0.637706022856523,0.8986823897846707,0.0360773792206174,0.8258291100123611,0.1286497627244812,0.916125,0.0927992771084337,0.8993926553672316,0.2252819294958386,0.8719522887210278,0.0,0.9783308323639404,0.0264342736567107,0.7901182014899104,0.0279945904173106,0.9571993868529888,0.0514114503366009,0.7666648089171976,0.0721394345988801,0.924,0.2173755168914795,0.9346463680267334,0.1524472832679748,0.7863994240760803,0.3305343687534332,0.3305343687534332,0.3305343687534332,0.0489920936524868,0.9078225493431092,0.0462142452597618,0.8826837539672852,0.0280666481703519,0.8970608115196228,0.1652310788631439,0.911523461341858,0.1545538604259491,0.9206690788269044,0.0579856596887111,0.6546967625617981,0.2006634473800659,0.2006634473800659,0.2006634473800659,0.02344586327672,0.9129478931427002,0.0354823395609855,0.709827184677124,0.030826736241579,0.030826736241579,0.030826736241579,0.031589601188898,0.885002076625824,1.0,1.0,1.0,1.0,1.0,1.0,1.02,1.02,1.02,1.01,1.01,1.02,1.02,1.02,1.0,1.0,1.01,1.0,1.02,1.02,1.01,1.0,1.03,1.03,1.03,1.03,1.03,1.03,1.01,1.01,1.01,1.02,1.0,1.0,1.01,1.0,0.99,1.03,1.03,1.03,1.03,1.03,1.03,1.03,0.96,0.96,0.97,0.99,0.97,0.99,0.96,0.97,0.98,0.99,0.99,0.98,0.98,0.98,0.98,0.98,0.98,0.98,0.9800000190734864,0.98,0.99,0.99,0.9800000190734864,0.98,0.99,0.9800000190734864,0.98,0.99,0.9900000095367432,0.99,0.9900000095367432,0.99,0.99,1.0,0.99,1.0,0.9900000095367432,0.99,1.0,1.0,1.0,0.96,0.96,0.96,0.96,0.96,1.02,1.02,1.02,1.01,1.02,1.03,1.03,1.02,1.01,1.03
0.5526488954344625,0.9537023462029142,0.6087525781817616,0.8747251489331225,0.0431803309242687,0.864527657601978,0.1095356843770354,0.8434250000000001,0.0758063855421686,0.8457118644067796,0.2057354133077693,0.8401127251597909,0.0,0.937988886805149,0.0558739732221356,0.7136389979405151,0.054549459041731,0.9105791832585428,0.054659383488839,0.8067866242038217,0.1434314429773941,0.896,0.289109855890274,0.9239369034767152,0.1834500283002853,0.7901127338409424,0.3328826427459717,0.3328826427459717,0.3328826427459717,0.0625875294208526,0.9090456366539,0.0631835386157035,0.8483104109764099,0.0311379916965961,0.8674232363700867,0.2423365861177444,0.9119668006896972,0.2195628434419632,0.9057204127311708,0.077120117843151,0.6663410663604736,0.2216076701879501,0.2216076701879501,0.2216076701879501,0.0412104949355125,0.9010246992111206,0.0295213777571916,0.6963320374488831,0.0227652341127395,0.0227652341127395,0.0227652341127395,0.0437800697982311,0.8855423927307129,1.0,1.0,1.0,1.0,1.0,1.0,1.02,1.02,1.02,1.01,1.01,1.02,1.02,1.02,1.01,1.01,1.01,1.0,1.02,1.02,1.01,1.0,1.03,1.03,1.03,1.03,1.03,1.03,1.01,1.01,1.01,1.02,1.01,1.0,1.01,1.0,0.99,1.03,1.03,1.03,1.03,1.03,1.03,1.03,0.97,0.97,0.98,0.99,0.98,0.99,0.97,0.97,0.99,0.99,0.99,0.99,0.99,0.98,0.98,0.98,0.98,0.98,0.9800000190734864,0.98,0.99,0.99,0.9800000190734864,0.98,0.99,0.9800000190734864,0.99,0.99,1.0,1.0,1.0,1.0,1.0,1.0,1.0,1.0,1.0,1.0,1.0,1.01,1.01,0.96,0.96,0.96,0.96,0.96,1.03,1.03,1.03,1.02,1.03,1.03,1.03,1.03,1.02,1.03
0.6115999018163967,0.9259299846945858,0.6315346932456714,0.8411551177375438,0.0544475980108583,0.8659036067455415,0.0754333302316925,0.8084749999999999,0.086478313253012,0.834141242937853,0.248618763344808,0.7802857188972819,0.0,0.9042234398304152,0.0598450601622748,0.7065203037929735,0.0492704791344667,0.8891274447883598,0.0386714007322546,0.7836775477707008,0.157066281921447,0.8965000000000001,0.3576341867446899,0.8981711268424988,0.2237728685140609,0.7514115571975708,0.3116536140441894,0.3116536140441894,0.3116536140441894,0.0765356793999672,0.9088435173034668,0.0809236392378807,0.7946732044219971,0.0326846465468406,0.8491002321243286,0.3192844092845917,0.9079523086547852,0.2853499352931976,0.8565947413444519,0.089933156967163,0.627260148525238,0.2315714359283447,0.2315714359283447,0.2315714359283447,0.0662508159875869,0.8627166152000427,0.0264357328414917,0.635926365852356,0.0113463820889592,0.0113463820889592,0.0113463820889592,0.0586110390722751,0.8850080966949463,1.0,1.0,0.99,1.0,1.0,1.0,1.03,1.03,1.02,1.01,1.01,1.03,1.03,1.03,1.01,1.01,1.01,1.0,1.03,1.02,1.01,1.01,1.04,1.03,1.04,1.03,1.04,1.03,1.02,1.01,1.02,1.03,1.01,1.01,1.02,1.01,1.0,1.02,1.03,1.03,1.03,1.02,1.03,1.03,0.98,0.98,0.99,1.0,0.99,1.0,0.98,0.98,0.99,1.0,1.0,1.0,0.99,0.99,0.99,0.99,0.99,0.99,0.9900000095367432,0.99,0.99,0.99,0.9900000095367432,0.99,0.99,0.9900000095367432,0.99,0.99,1.0099999904632568,1.01,1.0099999904632568,1.01,1.01,1.0,1.01,1.0,1.0099999904632568,1.01,1.01,1.01,1.01,0.96,0.96,0.96,0.96,0.96,1.03,1.03,1.03,1.02,1.03,1.04,1.04,1.03,1.02,1.03
0.6720272950417281,0.915188646104001,0.6759224876018302,0.8193224804437624,0.0822507233853348,0.9303008343634116,0.0255468502838001,0.8312999999999999,0.079841626506024,0.836737288135593,0.3363984051592661,0.7466402608302667,0.122,0.8990812763275942,0.0547964279434298,0.7261115107063192,0.0612900566718186,0.869543435777269,0.0350612377465454,0.8030238853503187,0.2007071760365142,0.895,0.4142862260341644,0.8521366715431213,0.2895833253860473,0.697184145450592,0.274478942155838,0.274478942155838,0.274478942155838,0.0965996980667114,0.9014802575111388,0.0937073081731796,0.7301371693611145,0.0367665104568004,0.8306577205657959,0.3960226476192474,0.8876661658287048,0.3507560193538666,0.7993687987327576,0.0992798656225204,0.5794040560722351,0.2247155308723449,0.2247155308723449,0.2247155308723449,0.0969759076833725,0.8271856307983398,0.0250739622861146,0.5806047320365906,0.0029500634409487,0.0029500634409487,0.0029500634409487,0.0781087279319763,0.8825896978378296,1.0,1.0,0.99,1.0,1.0,1.0,1.03,1.03,1.03,1.02,1.01,1.03,1.03,1.03,1.01,1.01,1.02,1.01,1.03,1.03,1.01,1.01,1.04,1.03,1.04,1.04,1.04,1.03,1.02,1.01,1.02,1.03,1.01,1.01,1.02,1.01,1.0,1.02,1.03,1.03,1.03,1.02,1.03,1.03,0.99,0.99,1.0,1.0,1.0,1.0,0.99,0.99,1.0,1.0,1.0,1.0,1.0,1.0,1.0,1.0,1.0,1.0,1.0,1.0,1.0,0.99,1.0,1.0,1.0,1.0,0.99,1.0,1.0199999809265137,1.02,1.0199999809265137,1.02,1.02,1.0,1.02,1.01,1.0199999809265137,1.02,1.01,1.01,1.01,0.97,0.96,0.96,0.96,0.96,1.03,1.03,1.03,1.02,1.03,1.04,1.04,1.03,1.02,1.03
0.7642379970544919,0.8429313032100003,0.6996014409766788,0.7433589750178415,0.1151027253767632,0.879936628112308,0.003012003349772,0.77955,0.075883313253012,0.8021807909604519,0.3302020567344982,0.6933404674284975,0.189,0.853264774231756,0.0971785777085583,0.7095110024735451,0.2087114889232354,0.8338108586231261,0.0349232313688437,0.8169089702760085,0.2504763678074183,0.8514999999999999,0.4489907324314117,0.8090280294418335,0.3135388195514679,0.6402750015258789,0.2298382371664047,0.2298382371664047,0.2298382371664047,0.114682987332344,0.8794589042663574,0.1027702540159225,0.6574708223342896,0.0398722700774669,0.8024356961250305,0.45621058344841,0.8623509407043457,0.3915270268917084,0.7302303910255432,0.1068641245365142,0.5269307494163513,0.2005787938833236,0.2005787938833236,0.2005787938833236,0.1155693382024765,0.7779217958450317,0.023466307669878,0.5232447385787964,0.0004093246243428,0.0004093246243428,0.0004093246243428,0.09587362408638,0.857854425907135,1.0,1.0,0.99,1.0,1.0,1.0,1.03,1.03,1.03,1.02,1.01,1.03,1.03,1.03,1.01,1.01,1.02,1.01,1.03,1.03,1.01,1.01,1.04,1.03,1.04,1.03,1.04,1.03,1.02,1.02,1.03,1.04,1.02,1.01,1.03,1.02,1.0,1.02,1.03,1.02,1.02,1.02,1.03,1.03,1.0,1.0,1.0,1.01,1.01,1.01,1.0,1.0,1.01,1.01,1.01,1.01,1.01,1.0,1.0,1.0,1.0,1.0,1.0,1.0,1.0,0.99,1.0,1.0,1.0,1.0,0.99,1.0,1.0199999809265137,1.02,1.0199999809265137,1.02,1.02,1.0,1.02,1.01,1.0199999809265137,1.02,1.01,1.02,1.02,0.97,0.96,0.96,0.96,0.96,1.03,1.04,1.03,1.02,1.03,1.04,1.04,1.04,1.02,1.03
0.7805674030436918,0.6743101945471922,0.7464348458202592,0.6068383809155607,0.1414641486061482,0.6720421375595975,0.0082742160602958,0.5839,0.0666824096385542,0.6434661016949151,0.2832894679506732,0.502454257860417,0.204,0.6837222125999604,0.0970794292747871,0.6570238102029917,0.2459515713549716,0.6770475880328477,0.0222065666706035,0.7967285031847136,0.3050526287411437,0.6725,0.483806848526001,0.7223674058914185,0.3253826797008514,0.599674642086029,0.186709851026535,0.186709851026535,0.186709851026535,0.1403743475675583,0.7407332062721252,0.1023190394043922,0.5859642028808594,0.0464462153613567,0.7060340642929077,0.4938459694385528,0.759827733039856,0.4216093122959137,0.637787938117981,0.1103494390845298,0.4933006763458252,0.1697100400924682,0.1697100400924682,0.1697100400924682,0.1218138039112091,0.6874997615814209,0.0190824568271636,0.5072833895683289,0.0001945610711118,0.0001945610711118,0.0001945610711118,0.1200212016701698,0.708415687084198,1.0,1.0,0.99,1.01,1.0,1.0,1.03,1.03,1.03,1.02,1.01,1.03,1.03,1.03,1.01,1.01,1.02,1.01,1.03,1.03,1.01,1.01,1.04,1.03,1.04,1.03,1.03,1.03,1.03,1.02,1.03,1.04,1.03,1.02,1.03,1.02,1.01,1.02,1.03,1.02,1.02,1.02,1.03,1.03,1.0,1.0,1.01,1.01,1.01,1.01,1.0,1.0,1.01,1.01,1.01,1.01,1.01,1.01,1.01,1.01,1.01,1.01,1.0099999904632568,1.01,1.0,1.0,1.0099999904632568,1.01,1.0,1.0099999904632568,1.0,1.0,1.0299999713897705,1.03,1.0299999713897705,1.03,1.03,1.01,1.03,1.01,1.0299999713897705,1.03,1.02,1.02,1.02,0.97,0.97,0.96,0.97,0.97,1.04,1.04,1.04,1.03,1.04,1.04,1.05,1.04,1.03,1.04
0.7888506627393226,0.2269072127436532,0.7737277106542744,0.3381233019324262,0.2190352179657002,0.141604913473424,0.0101121243137619,0.247825,0.127707469879518,0.1794604519774011,0.3305954507821692,0.115334947382013,0.225,0.2614402731127073,0.0913086487980105,0.4912330560504723,0.1762112313240597,0.2285874630389496,0.0198536376520609,0.6450759023354566,0.2716180602584947,0.1735,0.5136896967887878,0.4179634749889374,0.3660953938961029,0.4870751500129699,0.1482316553592682,0.1482316553592682,0.1482316553592682,0.1760196983814239,0.3184442222118377,0.0953717231750488,0.3952267169952392,0.0593477897346019,0.361708402633667,0.5151714086532593,0.3860349357128143,0.4522713422775268,0.409640371799469,0.1235589906573295,0.3687922358512878,0.1337474733591079,0.1337474733591079,0.1337474733591079,0.1172279044985771,0.3975338041782379,0.0128622045740485,0.3889746069908142,0.000102575533674,0.000102575533674,0.000102575533674,0.1626480370759964,0.3035184144973755,1.0,1.0,0.99,1.0,1.0,1.0,1.03,1.03,1.03,1.02,1.01,1.03,1.03,1.03,1.01,1.01,1.02,1.01,1.03,1.03,1.01,1.01,1.02,1.02,1.02,1.02,1.02,1.02,1.02,1.02,1.04,1.05,1.03,1.02,1.04,1.02,1.01,1.01,1.01,1.01,1.01,1.01,1.01,1.01,1.01,1.01,1.01,1.02,1.01,1.02,1.01,1.01,1.02,1.02,1.02,1.02,1.02,1.01,1.01,1.01,1.01,1.01,1.0099999904632568,1.01,1.0,1.0,1.0099999904632568,1.01,1.0,1.0099999904632568,1.0,1.0,1.0199999809265137,1.02,1.0199999809265137,1.02,1.02,1.0,1.02,1.0,1.0199999809265137,1.02,1.01,1.02,1.01,0.97,0.97,0.97,0.97,0.97,1.04,1.04,1.04,1.03,1.04,1.03,1.05,1.04,1.03,1.02
0.619966617574865,0.0,0.766486408539718,0.0357510240262477,0.2769503518527041,0.0,0.0273573090164697,0.0,0.2612475903614458,0.0,0.2768493616279577,0.0,0.384,0.0013058642326903,0.1013151046245824,0.185236132269325,0.0939067490984028,0.0,0.0286308905161214,0.2824609872611465,0.3280613530703089,0.0,0.5153729319572449,0.0473463796079158,0.375563770532608,0.1897576302289962,0.1136346980929374,0.1136346980929374,0.1136346980929374,0.2727756202220917,0.0207779109477996,0.0828862860798835,0.0915289372205734,0.1082998067140579,0.0340497605502605,0.4925988912582397,0.0345651097595691,0.4500364661216736,0.0799124985933303,0.1275727748870849,0.1249574422836303,0.0990447103977203,0.0990447103977203,0.0990447103977203,0.0976077541708946,0.0532098785042762,0.0118879666551947,0.1362335234880447,0.002284821588546,0.002284821588546,0.002284821588546,0.2642029523849487,0.0206534657627344,0.99,0.99,0.98,0.99,0.99,0.99,1.02,1.02,1.01,1.01,1.0,1.02,1.02,1.02,1.0,1.0,1.01,1.0,1.02,1.01,1.0,1.0,0.98,0.98,0.99,0.98,0.98,0.98,1.0,1.0,1.02,1.03,1.01,1.0,1.02,1.0,0.99,0.98,0.97,0.97,0.97,0.97,0.97,0.97,1.0,1.0,1.0,1.01,1.0,1.0,1.0,1.0,1.0,1.01,1.0,1.0,1.0,1.0,1.0,1.0,1.0,1.0,1.0,1.0,1.0,0.99,1.0,1.0,0.99,1.0,0.99,1.0,1.0,1.0,1.0,1.0,1.0,0.98,1.0,0.98,1.0,1.0,0.99,1.0,0.99,0.97,0.97,0.97,0.97,0.97,1.04,1.02,1.02,1.04,1.02,1.01,1.05,1.01,1.04,1.0
0.5234298478154149,0.0,0.7380381267982613,0.0025794708867531,0.3296542689088596,0.0,0.0194932539313296,0.0,0.2808780722891566,0.0,0.4180856246459541,0.0,0.585,0.0,0.2122162576301841,0.0187281984617401,0.1631439979392066,0.0,0.047827152474312,0.0235708598726114,0.3783985095987217,0.0,0.5377251505851746,0.0,0.4141024649143219,0.0125992568209767,0.0867893770337104,0.0867893770337104,0.0867893770337104,0.3372582793235779,0.0,0.0874140784144401,0.0002298942708875,0.1607238352298736,0.0,0.4724893867969513,0.0,0.4515672624111175,0.0,0.1569936126470565,0.0062768156640231,0.0752903670072555,0.0752903670072555,0.0752903670072555,0.0985481142997741,0.0,0.0167600344866514,0.0046300990507006,0.001807244028896,0.001807244028896,0.001807244028896,0.3625674545764923,0.0,0.96,0.96,0.95,0.96,0.96,0.96,1.0,1.0,1.0,0.99,0.99,1.0,1.0,1.0,0.99,0.99,0.99,0.98,1.0,1.0,0.98,0.98,0.95,0.95,0.95,0.95,0.95,0.95,0.97,0.97,0.97,0.98,0.97,0.96,0.97,0.96,0.96,0.93,0.93,0.93,0.93,0.93,0.93,0.93,0.96,0.96,0.97,0.98,0.97,0.97,0.96,0.96,0.97,0.98,0.97,0.97,0.97,0.98,0.98,0.98,0.98,0.98,0.9800000190734864,0.98,0.99,0.98,0.9800000190734864,0.98,0.98,0.9800000190734864,0.98,0.98,0.949999988079071,0.95,0.949999988079071,0.95,0.95,0.93,0.95,0.94,0.949999988079071,0.95,0.95,0.95,0.95,0.96,0.96,0.96,0.96,0.96,1.0,0.98,0.98,1.0,0.98,0.97,1.01,0.98,1.0,0.97
0.5155435444280805,0.0,0.646746335760717,0.0,0.3158491833356741,0.0,0.1595422908718712,0.0,0.3066513253012048,0.0,0.3476571963919996,0.0,0.217,0.0,0.2111066090582531,0.0,0.0913047398248325,0.0,0.0674327093421519,0.0,0.3988445875422737,0.0,0.5402974486351013,0.0,0.4921213686466217,0.0,0.0706515312194824,0.0706515312194824,0.0706515312194824,0.3582282364368438,0.0,0.0774344727396965,0.0,0.1867635846138,0.0,0.4591782987117767,0.0,0.4688484370708465,0.0,0.1732896417379379,0.0,0.0565038807690143,0.0565038807690143,0.0565038807690143,0.0866340398788452,0.0,0.0192620418965816,0.0,0.0028614676557481,0.0028614676557481,0.0028614676557481,0.420191615819931,0.0,0.94,0.94,0.93,0.94,0.94,0.93,0.97,0.97,0.98,0.97,0.97,0.97,0.97,0.97,0.97,0.97,0.97,0.97,0.97,0.98,0.96,0.96,0.93,0.93,0.94,0.93,0.93,0.93,0.95,0.95,0.95,0.95,0.94,0.94,0.95,0.94,0.94,0.9,0.9,0.9,0.9,0.9,0.9,0.9,0.94,0.94,0.95,0.95,0.95,0.94,0.94,0.95,0.95,0.96,0.94,0.94,0.94,0.96,0.96,0.96,0.96,0.96,0.959999978542328,0.96,0.96,0.96,0.959999978542328,0.96,0.96,0.959999978542328,0.96,0.96,0.9100000262260436,0.91,0.9100000262260436,0.91,0.91,0.9,0.91,0.91,0.9100000262260436,0.91,0.91,0.92,0.92,0.95,0.95,0.94,0.95,0.94,0.97,0.96,0.96,0.98,0.96,0.96,0.98,0.96,0.98,0.95
0.4362042218949435,0.0,0.6322156564285476,0.0,0.4070353554233854,0.0,0.2404929747836605,0.0,0.2998966867469879,0.0,0.255844916989847,0.0,0.352,0.0,0.1504318119018312,0.0,0.229688304997424,0.0,0.088715719853549,0.0,0.3824477615328352,0.0,0.5157530307769775,0.0,0.4837832152843475,0.0,0.0611078552901744,0.0611078552901744,0.0611078552901744,0.3603876829147339,0.0,0.0726898908615112,0.0,0.1754502803087234,0.0,0.4417985677719116,0.0,0.4586379528045654,0.0,0.1551432609558105,0.0,0.0463628806173801,0.0463628806173801,0.0463628806173801,0.071776270866394,0.0,0.0239242687821388,0.0,0.0043829753994941,0.0043829753994941,0.0043829753994941,0.462460458278656,0.0,0.91,0.91,0.92,0.91,0.91,0.91,0.94,0.95,0.95,0.96,0.96,0.95,0.95,0.94,0.95,0.95,0.96,0.95,0.95,0.97,0.94,0.94,0.92,0.92,0.92,0.92,0.92,0.92,0.93,0.93,0.93,0.94,0.93,0.93,0.94,0.93,0.92,0.87,0.88,0.88,0.88,0.88,0.89,0.89,0.93,0.93,0.93,0.93,0.93,0.92,0.93,0.93,0.93,0.94,0.92,0.92,0.92,0.93,0.93,0.93,0.93,0.93,0.9300000071525574,0.93,0.94,0.94,0.9300000071525574,0.93,0.94,0.9300000071525574,0.93,0.94,0.8899999856948853,0.89,0.8899999856948853,0.89,0.89,0.89,0.89,0.89,0.8899999856948853,0.89,0.9,0.9,0.9,0.94,0.94,0.93,0.94,0.93,0.97,0.95,0.95,0.98,0.96,0.94,0.97,0.95,0.98,0.94
0.3148070692194403,0.0,0.625861180761236,0.0,0.4816026898061352,0.0,0.3211687912905926,0.0,0.2512563253012048,0.0,0.2185643818902784,0.0,0.276,0.0,0.0896284759727699,0.0,0.3122398248325606,0.0,0.0636037262312507,0.0,0.3057166667245201,0.0,0.4753180742263794,0.0,0.4864501953125,0.0,0.0504567548632621,0.0504567548632621,0.0504567548632621,0.3565993309020996,0.0,0.0684022679924964,0.0,0.1566177159547805,0.0,0.4114580154418945,0.0,0.4054333567619324,0.0,0.1158659383654594,0.0,0.0428614467382431,0.0428614467382431,0.0428614467382431,0.0795427784323692,0.0,0.0202874615788459,0.0,0.0036988283973187,0.0036988283973187,0.0036988283973187,0.4917891323566437,0.0,0.9,0.9,0.91,0.89,0.9,0.89,0.91,0.93,0.93,0.95,0.95,0.93,0.92,0.92,0.93,0.94,0.94,0.93,0.92,0.96,0.93,0.93,0.9,0.9,0.91,0.9,0.9,0.9,0.93,0.93,0.93,0.94,0.92,0.92,0.93,0.92,0.92,0.86,0.87,0.87,0.87,0.87,0.87,0.87,0.92,0.92,0.92,0.92,0.92,0.91,0.92,0.92,0.91,0.92,0.91,0.91,0.91,0.92,0.92,0.92,0.92,0.92,0.9200000166893004,0.92,0.92,0.92,0.9200000166893004,0.92,0.92,0.9200000166893004,0.92,0.92,0.8700000047683716,0.87,0.8700000047683716,0.87,0.87,0.87,0.87,0.88,0.8700000047683716,0.87,0.88,0.88,0.88,0.93,0.93,0.92,0.93,0.92,0.96,0.94,0.94,0.97,0.95,0.93,0.96,0.94,0.97,0.93
0.1750289641629847,0.0,0.6332547278918648,0.0,0.5167648083822849,0.0,0.3098469340281009,0.0,0.187835,0.0,0.3889779075340973,0.0,0.189,0.0,0.0399199678464668,0.0,0.3392694487377641,0.0,0.0376817644974607,0.0,0.2263257171321459,0.0,0.4245930314064026,0.0,0.4437246024608612,0.0,0.0412368364632129,0.0412368364632129,0.0412368364632129,0.3458046913146972,0.0,0.0661150142550468,0.0,0.1339201927185058,0.0,0.3937104344367981,0.0,0.3606321513652801,0.0,0.0887423306703567,0.0,0.0403373502194881,0.0403373502194881,0.0403373502194881,0.0903772413730621,0.0,0.0241955108940601,0.0,0.0010988747235387,0.0010988747235387,0.0010988747235387,0.5063964128494263,0.0,0.89,0.89,0.91,0.88,0.89,0.88,0.89,0.91,0.92,0.94,0.94,0.9,0.9,0.9,0.93,0.93,0.94,0.93,0.9,0.94,0.92,0.92,0.9,0.9,0.9,0.9,0.9,0.9,0.92,0.92,0.92,0.93,0.92,0.91,0.93,0.92,0.91,0.85,0.86,0.86,0.86,0.86,0.86,0.86,0.91,0.91,0.91,0.9,0.91,0.89,0.91,0.91,0.9,0.91,0.89,0.9,0.9,0.9,0.9,0.9,0.9,0.9,0.8999999761581421,0.9,0.91,0.91,0.8999999761581421,0.9,0.91,0.8999999761581421,0.9,0.91,0.8600000143051147,0.86,0.8600000143051147,0.86,0.86,0.86,0.86,0.87,0.8600000143051147,0.86,0.87,0.87,0.87,0.92,0.92,0.91,0.92,0.91,0.95,0.94,0.94,0.96,0.94,0.93,0.96,0.94,0.96,0.92
0.1474176730486008,0.0,0.6825854905510242,0.0,0.5598451063907777,0.0,0.2988820135851865,0.0,0.1165743373493976,0.0,0.2807112292474618,0.0,0.304,0.0,0.0156396292295712,0.0,0.4417733127253993,0.0,0.0122867603637652,0.0,0.198606006233399,0.0,0.3814190328121185,0.0,0.4110488891601562,0.0,0.0341872498393058,0.0341872498393058,0.0341872498393058,0.3334692418575287,0.0,0.0672132521867752,0.0,0.1112943366169929,0.0,0.3566027283668518,0.0,0.318509042263031,0.0,0.0681688487529754,0.0,0.0411856472492218,0.0411856472492218,0.0411856472492218,0.1034303456544876,0.0,0.0273390766233205,0.0,0.0006088352529332,0.0006088352529332,0.0006088352529332,0.5106725096702576,0.0,0.89,0.89,0.91,0.88,0.88,0.88,0.87,0.9,0.91,0.93,0.93,0.89,0.89,0.89,0.92,0.92,0.93,0.92,0.89,0.94,0.92,0.92,0.89,0.89,0.9,0.89,0.89,0.89,0.92,0.92,0.92,0.93,0.92,0.91,0.93,0.92,0.91,0.85,0.86,0.86,0.86,0.86,0.86,0.86,0.9,0.9,0.9,0.89,0.9,0.88,0.9,0.9,0.89,0.89,0.89,0.89,0.89,0.9,0.9,0.9,0.9,0.9,0.8999999761581421,0.9,0.9,0.9,0.8999999761581421,0.9,0.9,0.8999999761581421,0.9,0.9,0.8500000238418579,0.85,0.8500000238418579,0.85,0.85,0.85,0.85,0.86,0.8500000238418579,0.85,0.86,0.86,0.86,0.92,0.91,0.9,0.91,0.9,0.95,0.94,0.94,0.96,0.94,0.92,0.96,0.93,0.96,0.91
0.1638818851251841,0.0,0.6819022350403269,0.0,0.5566130101520007,0.0,0.3315385689029496,0.0,0.0519627108433734,0.0,0.2525543160922044,0.0,0.107,0.0,0.0062349719912582,0.0,0.3685765069551777,0.0,0.0183125664343923,0.0,0.241885915083592,0.0,0.3344294130802154,0.0,0.402282178401947,0.0,0.0288836378604173,0.0288836378604173,0.0288836378604173,0.317204862833023,0.0,0.0655839890241622,0.0,0.0942250490188598,0.0,0.3085642755031585,0.0,0.2774737179279327,0.0,0.0565550960600376,0.0,0.0379884392023086,0.0379884392023086,0.0379884392023086,0.1170256063342094,0.0,0.0290325693786144,0.0,6.1881284636911e-5,6.1881284636911e-5,6.1881284636911e-5,0.493958443403244,0.0,0.89,0.89,0.91,0.87,0.88,0.88,0.87,0.89,0.9,0.93,0.93,0.89,0.88,0.88,0.92,0.92,0.93,0.92,0.88,0.94,0.92,0.92,0.89,0.89,0.9,0.89,0.89,0.89,0.91,0.91,0.92,0.93,0.92,0.91,0.93,0.91,0.91,0.85,0.87,0.86,0.86,0.86,0.86,0.86,0.89,0.89,0.89,0.88,0.89,0.88,0.89,0.89,0.88,0.88,0.88,0.88,0.88,0.89,0.89,0.89,0.89,0.89,0.8899999856948853,0.89,0.89,0.9,0.8899999856948853,0.89,0.9,0.8899999856948853,0.89,0.9,0.8399999737739563,0.84,0.8399999737739563,0.84,0.84,0.85,0.84,0.85,0.8399999737739563,0.84,0.85,0.86,0.86,0.91,0.91,0.9,0.91,0.9,0.95,0.93,0.93,0.96,0.94,0.92,0.96,0.93,0.96,0.91
0.2418844378988709,0.0,0.7031166803918227,0.0,0.4947585777826713,0.0,0.3459698520517353,0.0,0.0480290963855421,0.0,0.2570804828097084,0.0,0.197,0.0,0.0032825742922454,0.0,0.4159925296239052,0.0,0.0144116865477737,0.0,0.1751763147441772,0.0,0.2624992132186889,0.0,0.3732297420501709,0.0,0.0318050384521484,0.0318050384521484,0.0318050384521484,0.3020100891590118,0.0,0.0656970143318176,0.0,0.0832930281758308,0.0,0.2850117981433868,0.0,0.247442677617073,0.0,0.057785615324974,0.0,0.0319206528365612,0.0319206528365612,0.0319206528365612,0.1210070699453353,0.0,0.0309632234275341,0.0,8.917553350329399e-5,8.917553350329399e-5,8.917553350329399e-5,0.4665808975696563,0.0,0.89,0.89,0.91,0.88,0.88,0.88,0.87,0.9,0.91,0.93,0.93,0.89,0.89,0.89,0.92,0.93,0.93,0.93,0.89,0.94,0.92,0.92,0.9,0.9,0.9,0.9,0.9,0.9,0.91,0.91,0.92,0.93,0.92,0.91,0.93,0.92,0.91,0.86,0.87,0.87,0.87,0.87,0.87,0.87,0.88,0.88,0.88,0.88,0.88,0.88,0.88,0.88,0.88,0.88,0.88,0.88,0.88,0.89,0.89,0.89,0.89,0.89,0.8899999856948853,0.89,0.89,0.9,0.8899999856948853,0.89,0.9,0.8899999856948853,0.9,0.9,0.8500000238418579,0.85,0.8500000238418579,0.85,0.85,0.86,0.85,0.86,0.8500000238418579,0.85,0.86,0.86,0.86,0.91,0.9,0.89,0.9,0.89,0.95,0.94,0.94,0.95,0.94,0.92,0.96,0.93,0.95,0.91
0.292593618065783,0.0,0.6536378119919559,0.0,0.4670208825865677,0.0,0.3401897273657764,0.0,0.0261686746987951,0.0,0.4199473615408078,0.0,0.071,0.0,0.0055903438920847,0.0,0.5159358578052551,0.0,0.0232986595015944,0.0,0.1949815577259157,0.0,0.1861533224582672,0.0,0.338367760181427,0.0,0.0361854285001754,0.0361854285001754,0.0361854285001754,0.2925720512866974,0.0,0.0662663429975509,0.0,0.0778832584619522,0.0,0.2503117024898529,0.0,0.2271485328674316,0.0,0.0590162687003612,0.0,0.022889070212841,0.022889070212841,0.022889070212841,0.1141517981886863,0.0,0.0334577858448028,0.0,5.901902841287665e-5,5.901902841287665e-5,5.901902841287665e-5,0.4219854772090912,0.0,0.89,0.89,0.91,0.88,0.89,0.89,0.89,0.91,0.92,0.94,0.94,0.9,0.9,0.9,0.93,0.93,0.93,0.93,0.9,0.94,0.92,0.92,0.91,0.91,0.91,0.91,0.91,0.91,0.91,0.91,0.93,0.94,0.93,0.92,0.93,0.92,0.92,0.87,0.89,0.88,0.88,0.88,0.88,0.88,0.88,0.88,0.88,0.88,0.88,0.88,0.88,0.88,0.89,0.88,0.89,0.89,0.89,0.89,0.89,0.89,0.89,0.89,0.8899999856948853,0.89,0.9,0.9,0.8899999856948853,0.89,0.9,0.8899999856948853,0.9,0.9,0.8600000143051147,0.86,0.8600000143051147,0.86,0.86,0.87,0.86,0.87,0.8600000143051147,0.86,0.87,0.87,0.87,0.91,0.9,0.89,0.9,0.9,0.95,0.94,0.94,0.95,0.94,0.93,0.96,0.94,0.95,0.92
0.2958199312714777,0.0,0.586954121284871,0.0,0.4589001127169778,0.0,0.3208587512794268,0.0,0.0244465662650602,0.0,0.2664233299925923,0.0,0.0,0.0,0.0067236052149011,0.0,0.5445059247810408,0.0,0.0182403448683122,0.0,0.2292345836650419,0.0,0.1542823761701584,0.0,0.3099676668643951,0.0,0.0396284237504005,0.0396284237504005,0.0396284237504005,0.2760272324085235,0.0,0.0679288581013679,0.0,0.0714611783623695,0.0,0.2052468061447143,0.0,0.2115765959024429,0.0,0.0513255856931209,0.0,0.0134005863219499,0.0134005863219499,0.0134005863219499,0.1048591211438179,0.0,0.0349463485181331,0.0,0.0,0.0,0.0,0.3861064910888672,0.0,0.91,0.91,0.93,0.9,0.9,0.9,0.91,0.93,0.93,0.95,0.95,0.92,0.92,0.92,0.94,0.94,0.94,0.94,0.92,0.96,0.93,0.94,0.93,0.93,0.93,0.93,0.94,0.94,0.92,0.92,0.94,0.94,0.94,0.94,0.94,0.94,0.94,0.91,0.92,0.92,0.92,0.92,0.92,0.92,0.89,0.89,0.88,0.89,0.88,0.89,0.89,0.89,0.89,0.88,0.9,0.9,0.9,0.9,0.9,0.9,0.9,0.9,0.8999999761581421,0.9,0.91,0.91,0.8999999761581421,0.9,0.91,0.8999999761581421,0.91,0.91,0.8899999856948853,0.89,0.8899999856948853,0.89,0.89,0.9,0.89,0.9,0.8899999856948853,0.89,0.89,0.89,0.89,0.91,0.9,0.9,0.9,0.9,0.96,0.96,0.96,0.95,0.96,0.95,0.97,0.96,0.95,0.95
0.3201753559155621,0.0,0.5958900114324245,0.0,0.431916254746396,0.0,0.3273424211407835,0.0,0.0310807228915662,0.0,0.1334184931805307,0.0,0.0,0.0,0.007017106684418,0.0,0.3889495105615663,0.0,0.0145885201370024,0.0,0.3252621122842509,0.0,0.140850156545639,0.0,0.2905589640140533,0.0,0.0456250719726085,0.0456250719726085,0.0456250719726085,0.2555704116821289,7.05078520013558e-8,0.0673811584711074,0.0,0.0756353959441185,0.0,0.1653092056512832,0.0,0.1936969608068466,0.0,0.0471075810492038,0.0,0.0051234746351838,0.0051234746351838,0.0051234746351838,0.1052187085151672,0.0,0.0379221253097057,0.0,0.0,0.0,0.0,0.3459794223308563,3.357411696924828e-5,0.94,0.94,0.95,0.94,0.94,0.94,0.95,0.96,0.96,0.97,0.97,0.96,0.96,0.95,0.96,0.96,0.97,0.96,0.96,0.98,0.95,0.96,0.95,0.95,0.95,0.95,0.96,0.95,0.94,0.94,0.96,0.96,0.95,0.95,0.96,0.95,0.94,0.93,0.94,0.93,0.93,0.93,0.93,0.93,0.91,0.91,0.91,0.91,0.9,0.92,0.91,0.91,0.92,0.91,0.93,0.93,0.93,0.93,0.93,0.93,0.93,0.93,0.9300000071525574,0.93,0.93,0.93,0.9300000071525574,0.93,0.93,0.9300000071525574,0.93,0.93,0.9399999976158142,0.94,0.9399999976158142,0.94,0.94,0.93,0.94,0.93,0.9399999976158142,0.94,0.92,0.92,0.92,0.92,0.91,0.91,0.91,0.91,0.97,0.98,0.97,0.96,0.98,0.97,0.97,0.98,0.96,0.97
0.3137170348551792,0.0280540603323521,0.5878165836646064,0.0,0.4006693616780812,0.1636681749955854,0.3645671350144226,0.01215,0.071648734939759,0.0796412429378531,0.161167545426816,0.1232167021757376,0.0,0.0005107812855333,0.0029311964631113,0.0,0.2791280267903143,0.0297348075960748,0.017191596787528,0.0,0.2915525924700484,0.0825,0.1324669569730758,0.035490047186613,0.2736817598342895,0.0,0.0439852550625801,0.0439852550625801,0.0439852550625801,0.2384850233793258,0.0901477485895156,0.067118152976036,0.0041524702683091,0.0789800062775611,0.0545588843524456,0.1387643069028854,0.0638192743062973,0.1689075827598571,0.0091219255700707,0.0437849201261997,0.0,0.0017252461984753,0.0017252461984753,0.0017252461984753,0.1025282740592956,0.0312112495303154,0.0411164201796054,0.0,0.0,0.0,0.0,0.3087068796157837,0.0999078452587127,0.96,0.96,0.96,0.96,0.96,0.96,0.97,0.98,0.98,0.99,0.98,0.98,0.98,0.97,0.98,0.98,0.99,0.98,0.98,1.0,0.98,0.97,0.96,0.96,0.95,0.96,0.97,0.96,0.95,0.95,0.96,0.96,0.96,0.95,0.96,0.96,0.95,0.95,0.94,0.94,0.94,0.94,0.94,0.94,0.92,0.92,0.92,0.93,0.92,0.94,0.92,0.92,0.93,0.92,0.95,0.94,0.94,0.95,0.95,0.95,0.95,0.95,0.949999988079071,0.95,0.95,0.95,0.949999988079071,0.95,0.95,0.949999988079071,0.94,0.95,0.959999978542328,0.96,0.959999978542328,0.96,0.96,0.95,0.96,0.94,0.959999978542328,0.96,0.94,0.93,0.93,0.93,0.92,0.92,0.92,0.93,0.98,0.98,0.98,0.96,0.98,0.98,0.98,0.98,0.96,0.98
0.3130205203730977,0.3338042640487127,0.5272025561174686,0.2999182094587627,0.3465953335452493,0.6532433559950559,0.4150589932074067,0.39425,0.1242711445783132,0.2181101694915254,0.173244193646782,0.4805600748918587,0.0,0.445852471068566,0.0020395387977593,0.1030028752309937,0.3654026275115919,0.2792756223479437,0.0191741762135349,0.031640127388535,0.20851014703329,0.5605,0.1285964995622635,0.4148903787136078,0.2632264494895935,0.0977507531642913,0.0423832237720489,0.0423832237720489,0.0423832237720489,0.1896322220563888,0.3734204173088074,0.0690328255295753,0.2428425848484039,0.0776734724640846,0.4015653729438782,0.1267913281917572,0.3706594109535217,0.1503278017044067,0.3026789724826813,0.0414614826440811,0.0799928456544876,0.0009476350387558,0.0009476350387558,0.0009476350387558,0.1005951091647148,0.3880147039890289,0.0403655208647251,0.1216029748320579,0.0,0.0,0.0,0.236982524394989,0.3685099184513092,0.97,0.97,0.97,0.97,0.97,0.97,0.99,0.99,1.0,0.99,0.99,0.99,0.99,0.99,0.98,0.98,0.99,0.98,0.99,1.01,0.98,0.98,0.97,0.96,0.96,0.97,0.97,0.97,0.97,0.96,0.97,0.97,0.96,0.96,0.97,0.96,0.95,0.95,0.95,0.95,0.95,0.95,0.95,0.95,0.92,0.92,0.93,0.94,0.93,0.95,0.92,0.92,0.94,0.93,0.96,0.95,0.95,0.97,0.97,0.97,0.97,0.97,0.9700000286102296,0.97,0.95,0.95,0.9700000286102296,0.97,0.96,0.9700000286102296,0.95,0.95,0.959999978542328,0.96,0.959999978542328,0.96,0.96,0.96,0.96,0.95,0.959999978542328,0.96,0.95,0.95,0.95,0.94,0.94,0.93,0.94,0.93,0.98,0.99,0.99,0.97,0.99,0.99,0.99,0.99,0.97,0.99
0.0971864506627393,0.5812429129960993,0.4323359038272635,0.5620198333771513,0.1904316616391922,0.8185086968038144,0.257606308737322,0.6543999999999999,0.0842335542168674,0.3495903954802259,0.0747666129243104,0.7165461940732132,0.01,0.7681440058929478,0.0025290260996257,0.2924912579587591,0.2747017001545595,0.547040529022667,0.0132284162040864,0.1805904989384289,0.1029099062717333,0.9735,0.0906005576252937,0.8335011005401611,0.247964933514595,0.4041508734226227,0.0403282940387725,0.0403282940387725,0.0403282940387725,0.1155699267983436,0.6222948431968689,0.0588585920631885,0.6771246790885925,0.0582864321768283,0.7894036173820496,0.0831611528992652,0.6769385933876038,0.1150030270218849,0.7568315267562866,0.0375951044261455,0.3454667627811432,0.0013093570014461,0.0013093570014461,0.0013093570014461,0.0800720155239105,0.8132582306861877,0.0393273569643497,0.4559745192527771,5.350411083782092e-5,5.350411083782092e-5,5.350411083782092e-5,0.1477716118097305,0.5907655954360962,0.98,0.98,0.98,0.98,0.98,0.98,0.99,1.0,1.0,1.0,0.99,1.0,1.0,1.0,0.99,0.99,0.99,0.98,1.0,1.01,0.99,0.99,0.98,0.97,0.97,0.98,0.98,0.98,0.97,0.97,0.97,0.97,0.97,0.96,0.97,0.97,0.96,0.96,0.96,0.96,0.95,0.96,0.96,0.96,0.93,0.93,0.94,0.95,0.94,0.96,0.93,0.94,0.95,0.95,0.97,0.96,0.96,0.97,0.97,0.97,0.97,0.97,0.9700000286102296,0.97,0.96,0.96,0.9700000286102296,0.97,0.96,0.9700000286102296,0.96,0.96,0.9700000286102296,0.97,0.9700000286102296,0.97,0.97,0.97,0.97,0.96,0.9700000286102296,0.97,0.96,0.96,0.96,0.94,0.94,0.94,0.94,0.94,0.99,1.0,0.99,0.98,1.0,0.99,0.99,1.0,0.98,0.99
0.0631901816396661,0.5338738913295533,0.3891131661211925,0.672368362934165,0.0656396103551123,0.8359928041674026,0.1427277379733879,0.7399,0.0805258433734939,0.5438192090395478,0.0586363675977166,0.8047116986248305,0.337,0.8301582777179507,0.0012030445376673,0.4583045675832937,0.2160708397733127,0.6274233000519253,0.0028625841502303,0.2988190021231423,0.0860814498473011,1.0,0.0800796449184417,0.9119073748588562,0.2093087434768676,0.6229615807533264,0.0402350984513759,0.0402350984513759,0.0402350984513759,0.0637524351477623,0.7020138502120972,0.0340901240706443,0.8810032606124878,0.038951501250267,0.8873807787895203,0.0953681245446205,0.7751935720443726,0.1056079640984535,0.8956809639930725,0.0301050432026386,0.5575984120368958,0.0019815131090581,0.0019815131090581,0.0019815131090581,0.0649097263813018,0.9045623540878296,0.0180133301764726,0.6967863440513611,6.596233288291842e-5,6.596233288291842e-5,6.596233288291842e-5,0.0786100327968597,0.6706646680831909,0.99,0.99,0.99,0.99,0.99,0.99,1.01,1.01,1.02,1.0,0.99,1.01,1.01,1.01,0.99,0.99,1.0,0.99,1.01,1.02,0.99,0.99,0.98,0.98,0.98,0.98,0.99,0.98,0.98,0.98,0.98,0.98,0.97,0.97,0.98,0.97,0.96,0.96,0.96,0.96,0.96,0.96,0.96,0.96,0.94,0.94,0.95,0.96,0.95,0.97,0.94,0.95,0.96,0.96,0.98,0.97,0.96,0.97,0.97,0.97,0.97,0.97,0.9700000286102296,0.97,0.97,0.97,0.9700000286102296,0.97,0.97,0.9700000286102296,0.96,0.97,0.9700000286102296,0.97,0.9700000286102296,0.97,0.97,0.98,0.97,0.97,0.9700000286102296,0.97,0.97,0.97,0.97,0.95,0.95,0.95,0.95,0.95,1.0,1.0,1.0,0.99,1.0,1.0,1.0,1.0,0.99,1.0
0.190633382425135,0.7068621338892125,0.3722842643364648,0.6642571212894901,0.0634123876754882,0.8531122196715524,0.1075687168512143,0.76355,0.0793990963855421,0.8713785310734462,0.2043083358752015,0.7581456194718832,0.495,0.8409014817449834,0.0009871134668039,0.591386493792561,0.4292733127253993,0.6814209024205969,0.0011684776189913,0.5372521231422506,0.0998798878926002,0.991,0.1054001003503799,0.937695324420929,0.2340924143791198,0.7027337551116943,0.0376298502087593,0.0376298502087593,0.0376298502087593,0.043701734393835,0.7525169253349304,0.0278153195977211,0.9062277674674988,0.0385555997490882,0.9003303050994873,0.1370899230241775,0.8315616250038147,0.1495474278926849,0.9207844734191896,0.0315025933086872,0.6449195146560669,0.002672460861504,0.002672460861504,0.002672460861504,0.0763744711875915,0.9143602252006532,0.0048743817023932,0.7493456602096558,0.0001772299583535,0.0001772299583535,0.0001772299583535,0.0590144284069538,0.7258906364440918,1.0,1.0,1.0,1.0,1.0,1.0,1.02,1.02,1.02,1.01,1.0,1.02,1.02,1.02,0.99,0.99,1.0,0.99,1.02,1.02,0.99,0.99,0.99,0.98,0.98,0.99,0.99,0.99,0.99,0.99,0.98,0.99,0.98,0.97,0.98,0.98,0.96,0.97,0.97,0.97,0.97,0.97,0.97,0.97,0.94,0.94,0.96,0.97,0.96,0.98,0.94,0.95,0.97,0.96,0.98,0.97,0.97,0.97,0.97,0.97,0.97,0.97,0.9700000286102296,0.97,0.97,0.97,0.9700000286102296,0.97,0.97,0.9700000286102296,0.97,0.97,0.9700000286102296,0.97,0.9700000286102296,0.97,0.97,0.97,0.97,0.98,0.9700000286102296,0.97,0.98,0.98,0.97,0.95,0.95,0.95,0.95,0.95,1.0,1.0,1.0,1.0,1.01,1.0,1.0,1.0,1.0,1.0
0.2822453608247423,0.7776112604196479,0.3211760037433582,0.6652422735984367,0.0568161253460523,0.8306834054388136,0.0854915790453149,0.686075,0.1153569879518072,0.6545960451977401,0.3209094949671009,0.737223739427981,0.456,0.801838385191914,0.0010179607626416,0.6253565230729664,0.4644374034003091,0.7705471913665567,0.0,0.576895966029724,0.1142990464717894,0.4014999999999999,0.1376126706600189,0.945089876651764,0.2571412324905395,0.734952449798584,0.042585227638483,0.042585227638483,0.042585227638483,0.0436268560588359,0.7884960770606995,0.0298519041389226,0.8894054293632507,0.0437948741018772,0.8878584504127502,0.1915171593427658,0.8700000047683716,0.1970711797475814,0.9278510212898254,0.0454161316156387,0.6634153127670288,0.0027476577088236,0.0027476577088236,0.0027476577088236,0.0865468308329582,0.9127833247184752,0.0014449032023549,0.7463899254798889,0.0003561948542483,0.0003561948542483,0.0003561948542483,0.0595674328505992,0.7585306167602539,1.0,1.0,1.01,1.0,1.0,1.0,1.03,1.03,1.02,1.01,1.0,1.03,1.03,1.03,1.0,1.0,1.01,0.99,1.03,1.02,0.99,1.0,0.99,0.99,0.99,0.99,1.0,0.99,0.99,0.99,0.98,0.99,0.98,0.97,0.98,0.98,0.97,0.97,0.98,0.98,0.98,0.98,0.98,0.98,0.96,0.96,0.97,0.98,0.97,0.99,0.96,0.96,0.98,0.97,0.99,0.98,0.98,0.98,0.98,0.98,0.98,0.98,0.9800000190734864,0.98,0.98,0.97,0.9800000190734864,0.98,0.97,0.9800000190734864,0.97,0.97,0.9800000190734864,0.98,0.9800000190734864,0.98,0.98,0.98,0.98,0.98,0.9800000190734864,0.98,0.98,0.98,0.98,0.96,0.96,0.95,0.96,0.95,1.01,1.01,1.0,1.01,1.01,1.0,1.0,1.0,1.01,1.0
0.3905702503681885,0.7836880079807219,0.3063046147896976,0.6550046450214289,0.0317055901776578,0.7691479339572667,0.0470051177072671,0.6414,0.096023734939759,0.6715338983050847,0.4497015120484552,0.7645404480599134,0.391,0.7284114496455522,0.0031873445703232,0.6362966562388198,0.5127125193199382,0.7174977590931018,0.0,0.5770663481953291,0.149055557965489,0.899,0.1668740957975387,0.9321305751800536,0.2749731540679931,0.7314900755882263,0.0469815023243427,0.0469815023243427,0.0469815023243427,0.0534579083323478,0.8015511631965637,0.0338575839996337,0.8536425828933716,0.0525853484869003,0.8573328256607056,0.2470505237579345,0.8802163004875183,0.2280868291854858,0.9045970439910888,0.0650113672018051,0.6524181962013245,0.0015816224040463,0.0015816224040463,0.0015816224040463,0.09311543405056,0.8880773782730103,0.0019561944063752,0.6974886655807495,0.0007070833235047,0.0007070833235047,0.0007070833235047,0.0721365138888359,0.7738877534866333,1.01,1.01,1.01,1.01,1.01,1.01,1.03,1.03,1.03,1.01,1.0,1.03,1.03,1.03,1.0,1.0,1.01,1.0,1.03,1.03,0.99,1.0,1.0,0.99,1.0,0.99,1.0,1.0,1.0,1.0,0.99,0.99,0.98,0.98,0.98,0.98,0.97,0.98,0.99,0.99,0.99,0.98,0.99,0.99,0.97,0.97,0.98,0.98,0.98,0.99,0.97,0.97,0.98,0.98,0.99,0.99,0.98,0.99,0.99,0.99,0.99,0.99,0.9900000095367432,0.99,0.98,0.97,0.9900000095367432,0.99,0.97,0.9900000095367432,0.97,0.97,0.9800000190734864,0.98,0.9800000190734864,0.98,0.98,0.98,0.98,0.99,0.9800000190734864,0.98,0.99,0.99,0.99,0.96,0.96,0.96,0.96,0.96,1.0,1.0,1.0,1.0,1.01,1.0,1.0,1.0,1.0,1.0
0.4078647029945998,0.6432481684607207,0.4193311720930691,0.6322207341265518,0.0261056514348028,0.7465211901818826,0.0166767469991625,0.442525,0.0861876506024096,0.5822401129943502,0.4568618676195041,0.7123176770611401,0.242,0.6765871079645412,0.001548016780125,0.5839633167822488,0.4821751674394642,0.6177882464209908,0.0005685898192984,0.36311491507431,0.1420839536798842,0.884,0.1912143677473068,0.9052883982658386,0.3148383498191833,0.69986492395401,0.0482496246695518,0.0482496246695518,0.0482496246695518,0.0620404854416847,0.8011462688446045,0.0495506413280963,0.8130687475204468,0.0655444264411926,0.842543363571167,0.3018912971019745,0.8692670464515686,0.2563765347003937,0.8712025284767151,0.0816138014197349,0.6315698027610779,0.0007321227458305,0.0007321227458305,0.0007321227458305,0.1159311681985855,0.8675833344459534,0.005153780337423,0.6604639887809753,0.0002752250584308,0.0002752250584308,0.0002752250584308,0.0817658305168151,0.778411328792572,1.01,1.01,1.02,1.01,1.01,1.01,1.04,1.04,1.03,1.01,1.0,1.04,1.04,1.04,1.0,1.0,1.01,1.0,1.04,1.03,0.99,1.0,1.0,0.99,1.0,1.0,1.0,1.0,1.0,1.0,0.99,1.0,0.99,0.98,0.99,0.98,0.97,0.98,0.99,0.99,0.99,0.99,1.0,1.0,0.98,0.98,0.98,0.99,0.99,0.99,0.98,0.98,0.99,0.99,0.99,0.99,0.99,0.99,0.99,0.99,0.99,0.99,0.9900000095367432,0.99,0.98,0.98,0.9900000095367432,0.99,0.98,0.9900000095367432,0.97,0.98,0.9900000095367432,0.99,0.9900000095367432,0.99,0.99,0.99,0.99,0.99,0.9900000095367432,0.99,0.99,0.99,0.99,0.96,0.96,0.96,0.96,0.96,1.01,1.01,1.0,1.01,1.01,1.01,1.0,1.0,1.01,1.0
0.4207531664212076,0.6112235453064289,0.4413077291998469,0.6024308786249327,0.0184613734935597,0.7429817676143388,0.0010426165441518,0.421575,0.0974757228915662,0.5132259887005649,0.445283367466992,0.7504009942539867,0.608,0.6426032466629004,0.0025261373056344,0.4791422877511158,0.4093281813498197,0.5434151092773195,0.0010941301523562,0.4194992038216561,0.1100856400829479,0.8775,0.2160688191652298,0.835199773311615,0.3394302725791931,0.6447888612747192,0.0435143634676933,0.0435143634676933,0.0435143634676933,0.0844429209828376,0.7963399887084961,0.0837545543909072,0.7120044827461243,0.0811420008540153,0.8081108927726746,0.3711892664432525,0.8344287276268005,0.2939513325691223,0.7727050185203552,0.097152791917324,0.5959962606430054,0.0002657150325831,0.0002657150325831,0.0002657150325831,0.1351414024829864,0.802033543586731,0.0081936018541455,0.587073564529419,4.007878669654019e-5,4.007878669654019e-5,4.007878669654019e-5,0.0789819881319999,0.7649954557418823,1.02,1.01,1.02,1.01,1.01,1.01,1.04,1.03,1.03,1.01,1.0,1.03,1.03,1.03,1.0,1.0,1.01,1.0,1.03,1.02,0.99,1.0,1.0,1.0,1.0,1.0,1.0,1.0,1.01,1.0,1.0,1.0,0.99,0.99,0.99,0.99,0.97,0.99,1.0,1.0,1.0,0.99,1.0,1.0,0.99,0.99,0.99,0.99,0.99,1.0,0.99,0.99,0.99,0.99,0.99,0.99,0.99,0.99,0.99,0.99,0.99,0.99,0.9900000095367432,0.99,0.98,0.98,0.9900000095367432,0.99,0.98,0.9900000095367432,0.97,0.98,1.0,1.0,1.0,1.0,1.0,0.99,1.0,0.99,1.0,1.0,0.99,0.99,0.99,0.96,0.96,0.96,0.96,0.96,1.01,1.01,1.01,1.01,1.02,1.01,1.0,1.01,1.01,1.0
0.4581943053510064,0.4733343090127281,0.4375270921464535,0.5680661490896732,0.0290092364508736,0.8206957884513509,0.002004838559598,0.2902749999999999,0.1029149999999999,0.3478841807909604,0.4858029108022135,0.6741226354186842,0.407,0.5781245502399519,0.0102168353889823,0.4793662489795839,0.4053011334363731,0.4762381948005703,0.0021627790244478,0.4551457006369427,0.1061338515475428,0.4995,0.2386787682771682,0.7761887311935425,0.329602986574173,0.6012687087059021,0.0353845283389091,0.0353845283389091,0.0353845283389091,0.1009360030293464,0.7716791033744812,0.1100506484508514,0.6545515060424805,0.0826968997716903,0.7726153135299683,0.4049868285655975,0.7926063537597656,0.3162910640239715,0.7152425050735474,0.1020734682679176,0.5617660880088806,0.0006186196114867,0.0006186196114867,0.0006186196114867,0.1538837850093841,0.7416120171546936,0.0116023644804954,0.560164213180542,8.157910633599386e-5,8.157910633599386e-5,8.157910633599386e-5,0.0677208676934242,0.7343988418579102,1.02,1.02,1.02,1.01,1.02,1.01,1.04,1.03,1.03,1.01,1.0,1.03,1.03,1.03,1.0,1.0,1.01,1.0,1.03,1.02,0.99,1.0,1.0,1.0,1.0,1.0,1.0,1.0,1.01,1.0,1.0,1.0,1.0,0.99,1.0,0.99,0.98,0.99,1.0,1.0,1.0,0.99,1.0,1.0,0.99,0.99,0.99,1.0,0.99,1.0,0.99,0.99,0.99,0.99,1.0,0.99,0.99,0.99,0.99,0.99,0.99,0.99,0.9900000095367432,0.99,0.98,0.98,0.9900000095367432,0.99,0.98,0.9900000095367432,0.97,0.98,1.0,1.0,1.0,1.0,1.0,0.99,1.0,0.99,1.0,1.0,0.99,0.99,0.99,0.96,0.96,0.96,0.96,0.96,1.01,1.01,1.01,1.01,1.02,1.01,1.0,1.01,1.01,1.01
0.4498432989690722,0.4201696944801445,0.4777922414362804,0.4860362202852695,0.0275261802955042,0.6330697730884691,0.0010426165441518,0.26995,0.1645475301204819,0.4506214689265537,0.4175870408296657,0.3925358641616631,0.273,0.3875672174050841,0.0061912130422768,0.5878165793795088,0.4282357032457496,0.3434000294478334,0.0013031179874808,0.542512473460722,0.0652224608075132,0.6839999999999999,0.2530021965503692,0.6973133087158203,0.3495108187198639,0.555877685546875,0.0403363145887851,0.0403363145887851,0.0403363145887851,0.1138997450470924,0.651165783405304,0.1424899250268936,0.5723175406455994,0.076944999396801,0.6790941953659058,0.4264519512653351,0.6970254778862,0.3260389268398285,0.6307460069656372,0.1147994995117187,0.5428355932235718,0.0021765632554888,0.0021765632554888,0.0021765632554888,0.1908373683691024,0.6595058441162109,0.0179465506225824,0.5200663208961487,0.0026114003267139,0.0026114003267139,0.0026114003267139,0.0558985583484172,0.6151330471038818,1.03,1.02,1.03,1.02,1.02,1.02,1.04,1.04,1.03,1.01,1.0,1.04,1.04,1.04,1.0,1.0,1.01,1.0,1.04,1.02,0.99,1.0,1.0,1.0,1.01,1.0,1.01,1.0,1.01,1.01,1.0,1.0,1.0,0.99,1.0,0.99,0.98,0.99,1.0,1.0,1.0,1.0,1.01,1.0,1.0,1.0,1.0,1.0,1.0,1.0,1.0,1.0,1.0,1.0,1.0,1.0,1.0,0.99,0.99,0.99,0.99,0.99,0.9900000095367432,0.99,0.98,0.98,0.9900000095367432,0.99,0.98,0.9900000095367432,0.98,0.98,1.0099999904632568,1.01,1.0099999904632568,1.01,1.01,1.0,1.01,1.0,1.0099999904632568,1.01,1.0,1.0,1.0,0.96,0.96,0.96,0.96,0.96,1.02,1.01,1.01,1.02,1.02,1.01,1.01,1.01,1.02,1.01
0.5119074128620521,0.1698510192464405,0.5668749429322029,0.3081536522987197,0.0697493614751511,0.132799509977044,0.0253368381874011,0.092625,0.204191626506024,0.1434604519774011,0.5151543422371345,0.0558223255213377,0.374,0.2090713559177038,0.0205615815519103,0.4503286997890127,0.4250788253477589,0.1191414791030618,0.0085463859690563,0.6675761677282379,0.0333935014470608,0.218,0.2572349905967712,0.4119636416435241,0.3282244503498077,0.4167369902133941,0.0452164337038993,0.0452164337038993,0.0452164337038993,0.1493762582540512,0.3042634427547455,0.1876860111951828,0.3511281013488769,0.0761204436421394,0.376039981842041,0.4164366722106933,0.3819310963153839,0.3566129505634308,0.386667788028717,0.124926783144474,0.3769030570983886,0.0040065059438347,0.0040065059438347,0.0040065059438347,0.2126395106315612,0.4032613933086395,0.0183461103588342,0.3595573902130127,0.0145402671769261,0.0145402671769261,0.0145402671769261,0.0596113763749599,0.2929810881614685,1.02,1.02,1.02,1.02,1.02,1.02,1.05,1.04,1.04,1.01,1.01,1.04,1.04,1.04,1.0,1.0,1.01,1.0,1.04,1.03,0.99,1.0,0.99,0.99,0.99,0.99,0.99,0.99,1.01,1.0,1.0,1.0,0.99,0.99,1.0,0.99,0.98,0.98,0.99,0.99,0.99,0.98,0.99,0.99,1.0,1.0,1.0,1.0,1.0,1.0,1.0,1.0,1.0,1.0,1.0,1.0,1.0,0.99,0.99,0.99,0.99,0.99,0.9900000095367432,0.99,0.98,0.98,0.9900000095367432,0.99,0.98,0.9900000095367432,0.98,0.98,1.0099999904632568,1.01,1.0099999904632568,1.01,1.01,1.0,1.01,1.0,1.0099999904632568,1.01,1.0,1.0,1.0,0.97,0.96,0.96,0.96,0.96,1.02,1.01,1.01,1.03,1.02,1.0,1.01,1.01,1.03,0.99
0.5020160039273441,0.0,0.5365722823830432,0.0457136076677599,0.1702898790344236,0.0,0.004735181911231,0.0,0.2705520481927711,0.0,0.4642173079437013,0.0,0.497,0.0008815466464092,0.0132332638348112,0.1964103418679127,0.4053055126223597,0.0,0.039789860635408,0.3121443736730361,0.0261017245649142,0.0,0.2523192465305328,0.0416506454348564,0.2948771715164184,0.1611038148403167,0.044470228254795,0.044470228254795,0.044470228254795,0.202911376953125,0.0283109787851572,0.1844195127487182,0.0754916220903396,0.1098808124661445,0.0334521420300006,0.4066507220268249,0.0378366969525814,0.3673294186592102,0.0687643960118293,0.1375122517347335,0.1026546657085418,0.0048056603409349,0.0048056603409349,0.0048056603409349,0.2193827331066131,0.0509779341518878,0.020307894796133,0.1190439835190773,0.0333793945610523,0.0333793945610523,0.0333793945610523,0.1181804686784744,0.0263469405472278,0.99,0.99,0.98,0.99,0.99,0.98,1.03,1.02,1.02,1.0,1.0,1.02,1.02,1.02,0.99,0.99,1.0,0.99,1.02,1.01,0.98,0.99,0.97,0.96,0.97,0.97,0.97,0.96,0.98,0.98,0.98,0.99,0.97,0.97,0.98,0.97,0.96,0.94,0.94,0.95,0.94,0.94,0.95,0.95,0.99,0.99,0.99,0.99,0.99,0.99,0.99,0.99,0.98,0.99,0.98,0.98,0.98,0.98,0.98,0.98,0.98,0.98,0.9800000190734864,0.98,0.97,0.97,0.9800000190734864,0.98,0.97,0.9800000190734864,0.97,0.97,0.9700000286102296,0.97,0.9700000286102296,0.97,0.97,0.96,0.97,0.96,0.9700000286102296,0.97,0.96,0.96,0.96,0.97,0.96,0.96,0.96,0.96,0.99,0.98,0.98,1.0,0.99,0.98,1.0,0.98,1.0,0.97
0.4481571919489445,0.0,0.5608063316427312,0.0029539827756253,0.2411039022823676,0.0,0.1996704196519959,0.0,0.3593242168674698,0.0,0.5529474051156913,0.0,0.444,0.0,0.0712670501645356,0.0172196130081413,0.5615494590417311,0.0,0.0476669422463682,0.0325477707006369,0.0401241462477306,0.0,0.2987029254436493,0.0,0.3001521527767181,0.0123149780556559,0.0425333827733993,0.0425333827733993,0.0425333827733993,0.3113386929035187,0.0,0.1451671421527862,0.0002513582003302,0.1594798862934112,0.0,0.3671191334724426,0.0,0.4179036617279053,0.0,0.1482556015253067,0.0051938062533736,0.0048636822029948,0.0048636822029948,0.0048636822029948,0.2319133430719375,0.0,0.0416862666606903,0.0093735316768288,0.0499567203223705,0.0499567203223705,0.0499567203223705,0.1953511983156204,0.0,0.95,0.95,0.95,0.95,0.95,0.95,0.99,0.99,1.0,0.99,0.99,0.99,0.99,0.99,0.98,0.98,0.99,0.98,0.99,1.0,0.97,0.98,0.93,0.93,0.93,0.93,0.93,0.93,0.95,0.95,0.94,0.95,0.93,0.93,0.94,0.93,0.93,0.89,0.9,0.9,0.9,0.9,0.9,0.9,0.95,0.95,0.95,0.96,0.95,0.95,0.95,0.96,0.96,0.96,0.96,0.95,0.95,0.97,0.97,0.97,0.97,0.97,0.9700000286102296,0.97,0.96,0.96,0.9700000286102296,0.97,0.96,0.9700000286102296,0.96,0.96,0.9200000166893004,0.92,0.9200000166893004,0.92,0.92,0.92,0.92,0.92,0.9200000166893004,0.92,0.92,0.92,0.92,0.96,0.95,0.95,0.95,0.95,0.97,0.95,0.95,0.98,0.96,0.93,0.97,0.95,0.98,0.92
0.6200166912125675,0.0,0.5938385587404882,0.0,0.2655999100931998,0.0,0.3374396575788592,0.0,0.3549422891566265,0.0,0.7599582116867837,0.0,0.104,0.0,0.1018851013589891,0.0,0.438629057187017,0.0,0.0372375398606354,0.0,0.1034275141190356,0.0,0.3345114290714264,0.0,0.2915371060371399,0.0,0.0352082848548889,0.0352082848548889,0.0352082848548889,0.3636217713356018,0.0,0.139530673623085,0.0,0.1679196208715438,0.0,0.3495813310146332,0.0,0.4234655499458313,0.0,0.140394926071167,0.0,0.0069567775353789,0.0069567775353789,0.0069567775353789,0.194494143128395,0.0,0.0536518655717372,0.0,0.0542543232440948,0.0542543232440948,0.0542543232440948,0.2614904344081878,0.0,0.94,0.93,0.94,0.92,0.93,0.92,0.96,0.97,0.97,0.98,0.98,0.97,0.97,0.97,0.97,0.97,0.97,0.97,0.97,0.99,0.95,0.96,0.91,0.91,0.91,0.91,0.91,0.91,0.91,0.91,0.92,0.93,0.91,0.91,0.92,0.91,0.91,0.88,0.89,0.89,0.89,0.89,0.89,0.89,0.93,0.93,0.93,0.94,0.93,0.93,0.93,0.93,0.93,0.94,0.93,0.93,0.93,0.96,0.96,0.96,0.96,0.96,0.959999978542328,0.96,0.95,0.94,0.959999978542328,0.96,0.95,0.959999978542328,0.94,0.95,0.8899999856948853,0.89,0.8899999856948853,0.89,0.89,0.9,0.89,0.9,0.8899999856948853,0.89,0.9,0.9,0.9,0.94,0.94,0.93,0.94,0.94,0.95,0.93,0.93,0.96,0.94,0.91,0.96,0.92,0.96,0.9
0.5915116347569955,0.0,0.5969498620418426,0.0,0.3240261119856913,0.0,0.2757305294500791,0.0,0.2892348795180722,0.0,0.4447589437448255,0.0,0.0,0.0,0.1479468461905599,0.0,0.4774914992272025,0.0,0.0347022558167001,0.0,0.0689861360697945,0.0,0.3283786475658417,0.0,0.2516285181045532,0.0,0.0395573638379573,0.0395573638379573,0.0395573638379573,0.3950554132461548,0.0,0.131294384598732,0.0,0.1549730896949768,0.0,0.3344114422798157,0.0,0.3846792876720428,0.0,0.120687149465084,0.0,0.0099137658253312,0.0099137658253312,0.0099137658253312,0.1593395322561264,0.0,0.0521193780004978,0.0,0.0544003620743751,0.0544003620743751,0.0544003620743751,0.308217853307724,0.0,0.91,0.91,0.92,0.9,0.91,0.9,0.93,0.95,0.95,0.96,0.96,0.95,0.94,0.94,0.95,0.95,0.96,0.95,0.94,0.98,0.93,0.95,0.9,0.89,0.9,0.9,0.9,0.89,0.89,0.89,0.91,0.92,0.9,0.89,0.91,0.89,0.9,0.89,0.89,0.88,0.89,0.89,0.88,0.88,0.91,0.91,0.91,0.92,0.92,0.91,0.91,0.91,0.91,0.92,0.91,0.91,0.91,0.93,0.93,0.93,0.93,0.93,0.9300000071525574,0.93,0.93,0.93,0.9300000071525574,0.93,0.93,0.9300000071525574,0.93,0.93,0.8799999952316284,0.88,0.8799999952316284,0.88,0.88,0.89,0.88,0.88,0.8799999952316284,0.88,0.88,0.88,0.88,0.93,0.93,0.92,0.93,0.92,0.92,0.91,0.91,0.92,0.91,0.9,0.95,0.9,0.92,0.89
0.490821502209131,0.0,0.5217350045452087,0.0,0.3144361783936085,0.0,0.1406857727737973,0.0,0.3439911445783132,0.0,0.6432259357706218,0.0,0.297,0.0,0.1516701750860358,0.0,0.4397354456465739,0.0,0.0594552379827565,0.0,0.0250394765696651,0.0,0.2957126498222351,0.0,0.2068245261907577,0.0,0.0480547733604908,0.0480547733604908,0.0480547733604908,0.4076733589172363,0.0,0.1285522282123565,0.0,0.1423834264278412,0.0,0.3012818098068237,0.0,0.3285516798496246,0.0,0.0829984843730926,0.0,0.0116389133036136,0.0116389133036136,0.0116389133036136,0.1505557596683502,0.0,0.0455710217356681,0.0,0.0420304462313652,0.0420304462313652,0.0420304462313652,0.3192642033100128,0.0,0.9,0.9,0.91,0.89,0.89,0.89,0.91,0.93,0.93,0.95,0.95,0.93,0.92,0.92,0.94,0.94,0.94,0.94,0.92,0.96,0.92,0.93,0.89,0.88,0.89,0.89,0.89,0.88,0.87,0.87,0.9,0.92,0.89,0.89,0.9,0.89,0.89,0.91,0.89,0.88,0.89,0.9,0.87,0.87,0.9,0.9,0.91,0.91,0.91,0.9,0.9,0.9,0.9,0.91,0.9,0.9,0.9,0.91,0.91,0.91,0.91,0.91,0.9100000262260436,0.91,0.91,0.92,0.9100000262260436,0.91,0.92,0.9100000262260436,0.92,0.92,0.8700000047683716,0.87,0.8700000047683716,0.87,0.87,0.88,0.87,0.87,0.8700000047683716,0.87,0.87,0.87,0.87,0.92,0.92,0.91,0.92,0.91,0.91,0.9,0.9,0.89,0.89,0.89,0.95,0.89,0.89,0.87
0.4074444771723122,0.0,0.5006557263701779,0.0,0.3836141403567516,0.0,0.2152466734902763,0.0,0.3544180722891565,0.0,0.2378912806658242,0.0,0.009,0.0,0.209237006707026,0.0,0.4665582174137043,0.0,0.0628135408054801,0.0,0.0221857603384398,0.0,0.2493239790201187,0.0,0.1683048456907272,0.0,0.0521850772202014,0.0521850772202014,0.0521850772202014,0.3891811668872833,0.0,0.1233628392219543,0.0,0.14860799908638,0.0,0.2525481879711151,0.0,0.2733676433563232,0.0,0.0604319497942924,0.0,0.0130715705454349,0.0130715705454349,0.0130715705454349,0.1217689737677574,0.0,0.0417646206915378,0.0,0.0297294184565544,0.0297294184565544,0.0297294184565544,0.321366548538208,0.0,0.89,0.89,0.9,0.88,0.88,0.88,0.89,0.91,0.91,0.93,0.93,0.91,0.9,0.9,0.93,0.93,0.93,0.93,0.9,0.94,0.9,0.92,0.88,0.88,0.88,0.88,0.88,0.88,0.86,0.86,0.9,0.91,0.89,0.88,0.9,0.88,0.89,0.91,0.88,0.87,0.88,0.89,0.86,0.86,0.9,0.9,0.9,0.89,0.9,0.89,0.9,0.9,0.89,0.9,0.89,0.89,0.89,0.9,0.9,0.9,0.9,0.9,0.8999999761581421,0.9,0.91,0.91,0.8999999761581421,0.9,0.91,0.8999999761581421,0.91,0.91,0.8600000143051147,0.86,0.8600000143051147,0.86,0.86,0.86,0.86,0.86,0.8600000143051147,0.86,0.86,0.86,0.86,0.91,0.91,0.9,0.91,0.9,0.9,0.89,0.89,0.88,0.88,0.88,0.95,0.88,0.88,0.87
0.3525740795287188,0.0,0.590009803676208,0.0,0.3971356080493718,0.0,0.2050943519121615,0.0,0.3440393373493976,0.0,0.5148513660725957,0.0,0.164,0.0,0.2354415333216107,0.0,0.4225785677485832,0.0,0.0711231250738159,0.0,0.0381049371696348,0.0,0.1982486546039581,0.0,0.1404618620872497,0.0,0.0485348030924797,0.0485348030924797,0.0485348030924797,0.3556906878948211,0.0,0.1042072921991348,0.0,0.1687351167201995,0.0,0.2290054410696029,0.0,0.2168142944574356,0.0,0.0548202581703662,0.0,0.0137855820357799,0.0137855820357799,0.0137855820357799,0.1302901357412338,0.0,0.0452838875353336,0.0,0.0178573634475469,0.0178573634475469,0.0178573634475469,0.3238191604614258,0.0,0.88,0.88,0.89,0.87,0.87,0.87,0.88,0.9,0.9,0.92,0.92,0.9,0.89,0.89,0.91,0.92,0.92,0.92,0.89,0.93,0.89,0.91,0.87,0.87,0.88,0.87,0.88,0.87,0.85,0.85,0.9,0.91,0.88,0.88,0.9,0.88,0.88,0.89,0.87,0.86,0.87,0.88,0.86,0.86,0.9,0.9,0.89,0.88,0.9,0.88,0.9,0.89,0.88,0.89,0.88,0.88,0.88,0.89,0.89,0.89,0.89,0.89,0.8899999856948853,0.89,0.9,0.91,0.8899999856948853,0.89,0.91,0.8899999856948853,0.91,0.91,0.8500000238418579,0.85,0.8500000238418579,0.85,0.85,0.86,0.85,0.85,0.8500000238418579,0.85,0.85,0.85,0.85,0.9,0.9,0.89,0.9,0.89,0.9,0.89,0.88,0.87,0.88,0.87,0.95,0.88,0.87,0.86
0.3658209131075111,0.0,0.6233465745294963,0.0,0.4132896949706656,0.0,0.2684532427654229,0.0,0.3301078313253012,0.0,0.2146544947492265,0.0,0.068,0.0,0.25988944710995,0.0,0.3805182895414735,0.0,0.0908901027518601,0.0,0.103704610447273,0.0,0.150507166981697,0.0,0.11719761043787,0.0,0.0417039282619953,0.0417039282619953,0.0417039282619953,0.3178412020206451,0.0,0.0920778214931488,0.0,0.197005420923233,0.0,0.2127155512571334,0.0,0.1805174350738525,0.0,0.0490293987095356,0.0,0.0139436842873692,0.0139436842873692,0.0139436842873692,0.1356754153966903,0.0,0.0418963879346847,0.0,0.0069888909347355,0.0069888909347355,0.0069888909347355,0.3176508247852325,0.0,0.88,0.88,0.89,0.87,0.87,0.87,0.88,0.9,0.9,0.92,0.92,0.9,0.89,0.89,0.91,0.91,0.91,0.92,0.89,0.93,0.89,0.91,0.87,0.87,0.88,0.87,0.88,0.87,0.85,0.85,0.9,0.91,0.88,0.88,0.9,0.88,0.88,0.87,0.85,0.85,0.85,0.86,0.85,0.85,0.89,0.89,0.89,0.88,0.89,0.87,0.89,0.89,0.88,0.88,0.87,0.88,0.88,0.89,0.89,0.89,0.89,0.89,0.8899999856948853,0.89,0.9,0.91,0.8899999856948853,0.89,0.91,0.8899999856948853,0.91,0.91,0.8500000238418579,0.85,0.8500000238418579,0.85,0.85,0.85,0.85,0.85,0.8500000238418579,0.85,0.85,0.85,0.85,0.9,0.89,0.89,0.89,0.89,0.9,0.89,0.89,0.87,0.88,0.87,0.95,0.88,0.87,0.86
0.3410006872852233,0.0,0.6292534478723357,0.0,0.443497868321392,0.0,0.2791048664743649,0.0,0.2320818674698795,0.0,0.2465794152250642,0.0,0.038,0.0,0.2838906277474943,0.0,0.2082241112828439,0.0,0.0911652592417621,0.0,0.2737327190039148,0.0,0.1102582290768623,0.0,0.1021017506718635,0.0,0.0391103811562061,0.0391103811562061,0.0391103811562061,0.304733395576477,0.0,0.0837087854743003,0.0,0.2362572997808456,0.0,0.1802836060523986,0.0,0.1382363587617874,0.0,0.0459253042936325,0.0,0.0141758564859628,0.0141758564859628,0.0141758564859628,0.1306537985801696,0.0,0.0436859838664531,0.0,0.0018630375852808,0.0018630375852808,0.0018630375852808,0.3122087717056274,0.0,0.88,0.88,0.89,0.87,0.87,0.87,0.88,0.89,0.9,0.92,0.92,0.89,0.89,0.89,0.91,0.91,0.92,0.92,0.89,0.92,0.89,0.91,0.88,0.88,0.89,0.88,0.88,0.88,0.85,0.85,0.89,0.91,0.88,0.88,0.9,0.88,0.89,0.86,0.85,0.86,0.85,0.85,0.85,0.85,0.89,0.89,0.88,0.88,0.88,0.87,0.89,0.89,0.88,0.88,0.87,0.88,0.88,0.89,0.89,0.89,0.89,0.89,0.8899999856948853,0.89,0.9,0.91,0.8899999856948853,0.89,0.91,0.8899999856948853,0.91,0.91,0.8500000238418579,0.85,0.8500000238418579,0.85,0.85,0.85,0.85,0.85,0.8500000238418579,0.85,0.85,0.85,0.85,0.9,0.89,0.89,0.89,0.89,0.9,0.89,0.89,0.87,0.88,0.88,0.95,0.88,0.87,0.86
0.3424063819342169,0.0,0.6153890339881037,0.0,0.4565594161701921,0.0,0.1541443193449334,0.0,0.2919809638554217,0.0,0.3908158961174779,0.0,0.002,0.0,0.3433170891004547,0.0,0.3231576506955178,0.0,0.103495216723751,0.0,0.4811539391431205,0.0,0.0776026248931884,0.0,0.109845332801342,0.0,0.0401460528373718,0.0401460528373718,0.0401460528373718,0.2802757024765014,0.0,0.0841380432248115,0.0,0.2758121490478515,0.0,0.1522850096225738,0.0,0.1068633124232292,0.0,0.0473579727113246,0.0,0.0182304996997118,0.0182304996997118,0.0182304996997118,0.1203076913952827,0.0,0.0427233576774597,0.0,0.0010385204805061,0.0010385204805061,0.0010385204805061,0.3113686144351959,0.0,0.88,0.88,0.9,0.88,0.88,0.88,0.88,0.89,0.9,0.92,0.92,0.89,0.89,0.89,0.92,0.92,0.92,0.92,0.89,0.92,0.9,0.92,0.9,0.9,0.9,0.9,0.9,0.9,0.86,0.86,0.9,0.92,0.89,0.89,0.9,0.89,0.9,0.86,0.87,0.87,0.86,0.86,0.87,0.87,0.89,0.89,0.89,0.89,0.88,0.88,0.89,0.89,0.89,0.89,0.88,0.88,0.88,0.9,0.9,0.9,0.9,0.9,0.8999999761581421,0.9,0.9,0.91,0.8999999761581421,0.9,0.91,0.8999999761581421,0.91,0.91,0.8600000143051147,0.86,0.8600000143051147,0.86,0.86,0.87,0.86,0.86,0.8600000143051147,0.86,0.86,0.86,0.86,0.9,0.9,0.89,0.9,0.89,0.9,0.9,0.9,0.88,0.89,0.89,0.95,0.89,0.88,0.87
0.321720765832106,0.0,0.6131266758945719,0.0,0.4164967232989549,0.0,0.2106392481622778,0.0,0.3145102409638554,0.0,0.4190001307246503,0.0,0.0,0.0,0.3435082770227838,0.0,0.2597511591962906,0.0,0.0951050549190976,0.0,0.4408818675994052,0.0,0.0577849671244621,0.0,0.1247863546013832,0.0,0.0447728410363197,0.0447728410363197,0.0447728410363197,0.2697807848453522,0.0,0.0808565393090248,0.0,0.3027323186397552,0.0,0.127933993935585,0.0,0.082998052239418,0.0,0.0510735735297203,0.0,0.0342232063412666,0.0342232063412666,0.0342232063412666,0.0991945415735244,0.0,0.0437391139566898,0.0,0.0005974622326903,0.0005974622326903,0.0005974622326903,0.2984051704406738,0.0,0.9,0.9,0.91,0.89,0.9,0.9,0.88,0.9,0.9,0.93,0.93,0.9,0.89,0.89,0.92,0.93,0.93,0.93,0.89,0.93,0.91,0.93,0.92,0.92,0.92,0.92,0.92,0.92,0.88,0.89,0.92,0.92,0.91,0.91,0.92,0.91,0.92,0.88,0.89,0.89,0.89,0.89,0.9,0.9,0.9,0.9,0.9,0.9,0.89,0.89,0.9,0.9,0.9,0.9,0.89,0.9,0.89,0.92,0.92,0.92,0.92,0.92,0.9200000166893004,0.92,0.91,0.92,0.9200000166893004,0.92,0.92,0.9200000166893004,0.92,0.92,0.8700000047683716,0.87,0.8700000047683716,0.87,0.87,0.89,0.87,0.88,0.8700000047683716,0.87,0.88,0.88,0.88,0.91,0.91,0.9,0.91,0.9,0.92,0.92,0.92,0.9,0.91,0.91,0.95,0.92,0.9,0.9
0.2233040746195385,0.0,0.6083999642859398,0.0,0.3920399521974977,0.0,0.167398622871499,0.0,0.3411185542168674,0.0,0.4149098871410519,0.0,0.019,0.0,0.2830670953804416,0.0,0.2487957238536837,0.0,0.1201549840557458,0.0,0.2859443376428804,0.0,0.0496761463582515,0.0,0.1448601633310318,0.0,0.050765473395586,0.050765473395586,0.050765473395586,0.2596561908721924,4.566313509712927e-5,0.0759314969182014,0.0,0.3466158807277679,0.0,0.1155388280749321,0.0,0.0689978674054145,0.0,0.0445791073143482,0.0,0.0568626523017883,0.0568626523017883,0.0568626523017883,0.0793618410825729,0.0,0.041336141526699,0.0,0.0004549421137198,0.0004549421137198,0.0004549421137198,0.2861096560955047,5.060326657257974e-5,0.94,0.93,0.95,0.93,0.93,0.94,0.91,0.92,0.92,0.94,0.95,0.92,0.92,0.92,0.95,0.95,0.94,0.95,0.92,0.94,0.93,0.95,0.94,0.93,0.94,0.94,0.94,0.94,0.9,0.9,0.93,0.93,0.93,0.93,0.93,0.92,0.93,0.89,0.92,0.92,0.91,0.91,0.92,0.92,0.91,0.91,0.92,0.93,0.92,0.93,0.91,0.92,0.93,0.93,0.93,0.93,0.92,0.94,0.94,0.94,0.94,0.94,0.9399999976158142,0.94,0.94,0.94,0.9399999976158142,0.94,0.94,0.9399999976158142,0.94,0.94,0.9100000262260436,0.91,0.9100000262260436,0.91,0.91,0.92,0.91,0.91,0.9100000262260436,0.91,0.9,0.9,0.9,0.92,0.92,0.91,0.92,0.92,0.93,0.93,0.93,0.92,0.93,0.92,0.96,0.93,0.92,0.92
0.0977131075110456,0.0394272316986137,0.509525275289576,2.411366475149037e-5,0.3599508741960978,0.1760139943492848,0.2336813994603145,0.0130499999999999,0.4152368072289156,0.0453418079096045,0.3647565471262364,0.1348133191297049,0.0,0.0129072097190437,0.273492150016328,0.0,0.2611138588356517,0.049017846120573,0.15178324672257,0.0,0.2561472356117223,0.0915,0.0433131754398345,0.0353471338748931,0.1659011244773864,0.0,0.053846389055252,0.053846389055252,0.053846389055252,0.2391194701194763,0.095484584569931,0.0690941959619522,0.0043546091765165,0.3765901923179626,0.0534698143601417,0.1110413968563079,0.0614207871258258,0.0558123737573623,0.0090678324922919,0.0394441746175289,0.0,0.0826512351632118,0.0826512351632118,0.0826512351632118,0.0734376609325409,0.0299480650573968,0.0382780022919178,5.797315225208877e-6,0.0007090267026796,0.0007090267026796,0.0007090267026796,0.2817676663398742,0.1033581495285034,0.95,0.94,0.95,0.95,0.94,0.95,0.92,0.93,0.94,0.96,0.96,0.93,0.93,0.93,0.96,0.96,0.96,0.96,0.93,0.96,0.95,0.96,0.95,0.95,0.95,0.95,0.95,0.95,0.91,0.91,0.94,0.94,0.93,0.93,0.93,0.93,0.94,0.91,0.93,0.93,0.93,0.92,0.93,0.93,0.92,0.92,0.93,0.94,0.93,0.94,0.92,0.93,0.94,0.94,0.94,0.94,0.94,0.96,0.96,0.96,0.96,0.96,0.959999978542328,0.96,0.95,0.96,0.959999978542328,0.96,0.96,0.959999978542328,0.95,0.96,0.9300000071525574,0.93,0.9300000071525574,0.93,0.93,0.93,0.93,0.92,0.9300000071525574,0.93,0.92,0.91,0.91,0.94,0.94,0.93,0.94,0.93,0.94,0.94,0.94,0.93,0.94,0.94,0.97,0.94,0.93,0.93
0.2185329405989199,0.3457498071903163,0.3843170669324942,0.3032826663858994,0.3600409215138227,0.4346727220554477,0.3225235879780403,0.351075,0.3117515060240964,0.3909604519774011,0.2895910061440585,0.3802711601781909,0.0,0.4266431318865402,0.2687933130699088,0.1338230615549123,0.1234961360123647,0.3963777286128231,0.1688245836778079,0.1210894373673036,0.2784739656578734,0.318,0.0398809872567653,0.2953889966011047,0.178699642419815,0.1266337633132934,0.0513937957584857,0.0513937957584857,0.0513937957584857,0.207504391670227,0.3674931526184082,0.0698843672871589,0.2259777784347534,0.3955337107181549,0.3097431063652038,0.0949245542287826,0.3157017529010772,0.0463099367916584,0.2575126588344574,0.0356748327612876,0.082670085132122,0.1060448139905929,0.1060448139905929,0.1060448139905929,0.0697492510080337,0.2828441262245178,0.0382804237306118,0.1228534579277038,0.0028919700998812,0.0028919700998812,0.0028919700998812,0.2686577439308166,0.370633065700531,0.95,0.95,0.95,0.96,0.95,0.96,0.93,0.94,0.95,0.97,0.97,0.94,0.94,0.94,0.97,0.97,0.97,0.97,0.94,0.97,0.96,0.97,0.95,0.95,0.95,0.95,0.95,0.95,0.92,0.92,0.94,0.95,0.94,0.94,0.94,0.94,0.94,0.92,0.94,0.94,0.94,0.93,0.94,0.94,0.92,0.92,0.93,0.95,0.94,0.95,0.92,0.93,0.95,0.95,0.95,0.95,0.94,0.97,0.97,0.97,0.97,0.97,0.9700000286102296,0.97,0.97,0.96,0.9700000286102296,0.97,0.97,0.9700000286102296,0.96,0.96,0.9399999976158142,0.94,0.9399999976158142,0.94,0.94,0.94,0.94,0.93,0.9399999976158142,0.94,0.93,0.92,0.92,0.94,0.94,0.94,0.94,0.94,0.95,0.95,0.95,0.94,0.95,0.95,0.97,0.95,0.94,0.95
0.149180559646539,0.5893175679928251,0.1899876565149586,0.5679438378783133,0.2587582396337329,0.6383101492141976,0.131849818554015,0.6142749999999999,0.2625156626506024,0.7629717514124293,0.1401424462939562,0.5598666150171088,0.0,0.7611172712623173,0.1943724785852445,0.4636625206143382,0.0593253477588871,0.5970773042389987,0.1432118518955946,0.4983158174097665,0.3730911735099422,0.677,0.0220776069909334,0.6112344861030579,0.1660437881946563,0.5463456511497498,0.0482738278806209,0.0482738278806209,0.0482738278806209,0.1363187581300735,0.5992521047592163,0.0535943768918514,0.6261609196662903,0.3370585143566131,0.6135307550430298,0.0521578937768936,0.5886915326118469,0.0290783625096082,0.6652346849441528,0.0292324610054492,0.357200562953949,0.1275041848421096,0.1275041848421096,0.1275041848421096,0.0491341166198253,0.6384923458099365,0.0375337935984134,0.4241974651813507,0.0046589621342718,0.0046589621342718,0.0046589621342718,0.2277905493974685,0.5928859710693359,0.96,0.96,0.96,0.97,0.96,0.97,0.94,0.95,0.96,0.98,0.98,0.95,0.95,0.95,0.98,0.98,0.98,0.98,0.95,0.98,0.97,0.97,0.96,0.96,0.96,0.96,0.96,0.96,0.92,0.93,0.95,0.95,0.94,0.94,0.95,0.94,0.95,0.94,0.95,0.95,0.95,0.95,0.95,0.95,0.93,0.93,0.94,0.96,0.95,0.96,0.93,0.94,0.96,0.96,0.96,0.96,0.95,0.97,0.97,0.97,0.97,0.97,0.9700000286102296,0.97,0.97,0.97,0.9700000286102296,0.97,0.97,0.9700000286102296,0.97,0.97,0.959999978542328,0.96,0.959999978542328,0.96,0.96,0.95,0.96,0.94,0.959999978542328,0.96,0.94,0.93,0.93,0.95,0.95,0.94,0.95,0.94,0.96,0.95,0.95,0.95,0.95,0.96,0.97,0.95,0.95,0.96
0.0265109474717722,0.5308270273013032,0.0455440640719574,0.6868600639328111,0.1311376657153729,0.4502048163517571,0.0433114357495114,0.5771499999999999,0.187699156626506,0.928926553672316,0.0664407163710837,0.6226009103234553,0.0,0.8198947785466676,0.0685046848702554,0.6896500090863991,0.0201561051004636,0.6590889907389474,0.1076038738632337,0.6685671443736732,0.5666654362331569,0.665,0.0150945577770471,0.7131590247154236,0.0847363471984863,0.8255376815795898,0.0472004674375057,0.0472004674375057,0.0472004674375057,0.0985401719808578,0.6622938513755798,0.0315724685788154,0.8149353265762329,0.2779453098773956,0.7202441692352295,0.0447400920093059,0.6869194507598877,0.0140590267255902,0.8142025470733643,0.0151481097564101,0.6210281252861023,0.1486911028623581,0.1486911028623581,0.1486911028623581,0.0374510921537876,0.7684175372123718,0.0212602075189352,0.6678442358970642,0.0066220830194652,0.0066220830194652,0.0066220830194652,0.1892364770174026,0.6616470813751221,0.97,0.97,0.96,0.98,0.97,0.97,0.96,0.97,0.98,0.99,0.99,0.97,0.97,0.97,0.98,0.98,0.99,0.98,0.97,1.0,0.98,0.98,0.97,0.97,0.97,0.97,0.97,0.97,0.93,0.93,0.95,0.95,0.95,0.95,0.95,0.95,0.96,0.95,0.96,0.96,0.96,0.96,0.96,0.96,0.94,0.94,0.95,0.97,0.96,0.97,0.94,0.95,0.97,0.97,0.96,0.96,0.96,0.97,0.97,0.97,0.97,0.97,0.9700000286102296,0.97,0.98,0.98,0.9700000286102296,0.97,0.98,0.9700000286102296,0.97,0.98,0.9700000286102296,0.97,0.9700000286102296,0.97,0.97,0.96,0.97,0.95,0.9700000286102296,0.97,0.95,0.94,0.94,0.95,0.95,0.95,0.95,0.95,0.96,0.96,0.96,0.95,0.96,0.97,0.96,0.96,0.95,0.97
0.0152771723122238,0.6003232919821824,0.0356902041880941,0.7298655668856922,0.1010012460714349,0.4096662325622461,0.0695703917372289,0.6326749999999999,0.226642469879518,0.7566553672316383,0.0798947666564991,0.7299370521014914,0.0,0.8471982120573189,0.0104858449094425,0.7660422588977185,0.0046391035548686,0.6781560792945638,0.0560510806661155,0.7096464968152867,0.6947363634957598,0.259,0.0199800096452236,0.77871173620224,0.0608968697488307,0.8806758522987366,0.0428699702024459,0.0428699702024459,0.0428699702024459,0.0856111124157905,0.6982743740081787,0.0345615036785602,0.8418833613395691,0.3292824923992157,0.750505805015564,0.0473275110125541,0.732795000076294,0.0117313871160149,0.8442129492759705,0.0082480646669864,0.715516209602356,0.1653942614793777,0.1653942614793777,0.1653942614793777,0.0545025430619716,0.8168694376945496,0.014592726714909,0.741637110710144,0.009408626705408,0.009408626705408,0.009408626705408,0.1968639343976974,0.700203001499176,0.98,0.98,0.97,0.98,0.98,0.98,0.98,0.99,0.99,0.99,0.99,0.99,0.99,0.99,0.99,0.99,0.99,0.98,0.99,1.0,0.98,0.98,0.98,0.98,0.98,0.98,0.98,0.98,0.93,0.94,0.96,0.95,0.95,0.95,0.95,0.95,0.96,0.97,0.98,0.97,0.97,0.97,0.98,0.98,0.95,0.95,0.96,0.98,0.96,0.98,0.95,0.96,0.98,0.98,0.97,0.97,0.97,0.98,0.98,0.98,0.98,0.98,0.9800000190734864,0.98,0.99,0.99,0.9800000190734864,0.98,0.98,0.9800000190734864,0.98,0.99,0.9700000286102296,0.97,0.9700000286102296,0.97,0.97,0.97,0.97,0.96,0.9700000286102296,0.97,0.96,0.95,0.95,0.95,0.96,0.95,0.96,0.95,0.95,0.96,0.96,0.94,0.95,0.97,0.97,0.96,0.94,0.98
0.0151006381934217,0.7105433074211317,0.0297117851577092,0.7172910203285094,0.1095197022269619,0.5260426893872506,0.1650386154275611,0.5885749999999998,0.2628720481927711,0.7132909604519774,0.080227548041309,0.7125396087545999,0.0,0.7716757768780046,0.0020662161822703,0.6820820161426346,8.758371973209685e-6,0.769037925757507,0.0499109188614621,0.7456669320594481,0.7105334802682725,0.263,0.0273214224725961,0.7974521517753601,0.0490926466882228,0.8682332038879395,0.0361808724701404,0.0361808724701404,0.0361808724701404,0.1178306713700294,0.7194466590881348,0.0516277067363262,0.8278369903564453,0.3746424317359924,0.7498089671134949,0.0677440389990806,0.76878821849823,0.0134881138801574,0.8357436656951904,0.0066480552777647,0.7388490438461304,0.1813408583402633,0.1813408583402633,0.1813408583402633,0.0904730260372161,0.8156226873397827,0.0162140633910894,0.751205325126648,0.0149373589083552,0.0149373589083552,0.0149373589083552,0.263799786567688,0.7217268943786621,0.98,0.98,0.97,0.99,0.99,0.99,0.99,1.0,1.0,1.0,1.0,1.0,1.0,1.0,0.99,0.99,1.0,0.99,1.0,1.01,0.98,0.99,0.98,0.98,0.98,0.98,0.99,0.98,0.94,0.94,0.96,0.95,0.96,0.96,0.96,0.96,0.97,0.98,0.98,0.98,0.98,0.98,0.98,0.98,0.96,0.96,0.97,0.99,0.97,0.99,0.96,0.97,0.99,0.99,0.98,0.98,0.98,0.98,0.98,0.98,0.98,0.98,0.9800000190734864,0.98,0.99,0.99,0.9800000190734864,0.98,0.99,0.9800000190734864,0.98,0.99,0.9800000190734864,0.98,0.9800000190734864,0.98,0.98,0.97,0.98,0.97,0.9800000190734864,0.98,0.96,0.96,0.96,0.96,0.96,0.96,0.96,0.96,0.96,0.96,0.96,0.94,0.96,0.98,0.97,0.96,0.94,0.98
0.0275067255768286,0.7317745577496679,0.0267638345921946,0.6461538649654188,0.1217499936711558,0.6182113058449585,0.2736235228435842,0.627425,0.3213089156626506,0.6597457627118642,0.1400737287027757,0.809496416811931,0.0,0.6725179032641984,0.001223617774875,0.653026465422279,0.0085,0.7209691533858534,0.0536081847171371,0.7853126326963908,0.6910677259524498,0.5835,0.034220565110445,0.793968915939331,0.0353315286338329,0.8527314066886902,0.0308412071317434,0.0308412071317434,0.0308412071317434,0.1712183654308319,0.7119634747505188,0.0827234536409378,0.7962901592254639,0.4151130616664886,0.7308863401412964,0.1208568960428237,0.7648617625236511,0.0177017841488122,0.8085005879402161,0.0093661369755864,0.7206364274024963,0.2056562006473541,0.2056562006473541,0.2056562006473541,0.1433688551187515,0.8029209971427917,0.0228366255760192,0.7496107220649719,0.0256843138486146,0.0256843138486146,0.0256843138486146,0.3255928456783294,0.7113049030303955,0.99,0.99,0.97,1.0,0.99,0.99,1.0,1.01,1.01,1.01,1.0,1.01,1.01,1.01,0.99,1.0,1.01,0.99,1.01,1.02,0.99,0.99,0.99,0.98,0.99,0.98,0.99,0.99,0.95,0.95,0.96,0.95,0.96,0.96,0.96,0.96,0.97,0.99,0.99,0.99,0.99,0.99,0.99,0.99,0.97,0.97,0.98,0.99,0.98,0.99,0.97,0.98,0.99,1.0,0.99,0.99,0.99,0.98,0.98,0.98,0.98,0.98,0.9800000190734864,0.98,1.0,0.99,0.9800000190734864,0.98,0.99,0.9800000190734864,0.98,0.99,0.9800000190734864,0.98,0.9800000190734864,0.98,0.98,0.98,0.98,0.97,0.9800000190734864,0.98,0.97,0.97,0.97,0.96,0.96,0.96,0.96,0.96,0.96,0.97,0.97,0.94,0.96,0.98,0.97,0.97,0.94,0.99
0.0252860088365243,0.6854935792129302,0.0262208820529318,0.5953593022430295,0.113112757774439,0.7435987992230269,0.3642800781613473,0.5152,0.3037787951807229,0.6420169491525424,0.4096664778421717,0.7312599586803538,0.0,0.6096383879595747,0.0043108342334647,0.6509107842853228,0.0097308088614116,0.6126556140717542,0.0746970886972953,0.6933619957537156,0.6724240148505698,0.8734999999999999,0.0427293740212917,0.7661431431770325,0.0246137268841266,0.8236411809921265,0.0227021221071481,0.0227021221071481,0.0227021221071481,0.2225741297006607,0.6778749227523804,0.1109688505530357,0.752556324005127,0.4413678348064422,0.7057876586914062,0.1993618756532669,0.7509343028068542,0.0240750834345817,0.7683091759681702,0.0159039981663227,0.6978923678398132,0.2497428357601165,0.2497428357601165,0.2497428357601165,0.1999372988939285,0.7583809494972229,0.0343021899461746,0.6960209012031555,0.036713857203722,0.036713857203722,0.036713857203722,0.359584242105484,0.6784496903419495,0.99,0.99,0.97,1.0,0.99,0.99,1.0,1.01,1.01,1.01,1.0,1.01,1.01,1.01,1.0,1.0,1.01,0.99,1.01,1.02,0.99,0.99,0.99,0.98,0.99,0.98,0.99,0.99,0.96,0.96,0.96,0.95,0.96,0.96,0.96,0.96,0.97,0.99,0.99,0.99,0.99,0.99,0.99,0.99,0.98,0.98,0.99,1.0,0.99,1.0,0.98,0.99,1.0,1.0,0.99,0.99,0.99,0.98,0.98,0.98,0.98,0.98,0.9800000190734864,0.98,1.0,0.99,0.9800000190734864,0.98,1.0,0.9800000190734864,0.98,1.0,0.9800000190734864,0.98,0.9800000190734864,0.98,0.98,0.98,0.98,0.97,0.9800000190734864,0.98,0.97,0.97,0.97,0.96,0.96,0.96,0.96,0.96,0.96,0.97,0.97,0.94,0.96,0.99,0.97,0.97,0.94,0.99
0.0380104074619538,0.5240356428892885,0.0216467624041474,0.5393465091473759,0.1411593182399721,0.66897953823062,0.5038768028286963,0.51675,0.3217327108433735,0.4066045197740112,0.1544528737635626,0.6424768545419329,0.077,0.5892800263004594,0.0031290411715943,0.6797147470303039,0.0059518289541473,0.523424953322861,0.0781205562773119,0.7300642250530787,0.6525820965528515,0.516,0.050776295363903,0.7196562886238098,0.0218568798154592,0.7965770363807678,0.0166130624711513,0.0166130624711513,0.0166130624711513,0.2826941907405853,0.6084386706352234,0.1383324265480041,0.7199816107749939,0.4499013721942901,0.6874829530715942,0.2710998952388763,0.7280448079109192,0.0352882482111454,0.7191840410232544,0.0186903402209281,0.6694012880325317,0.3142046332359314,0.3142046332359314,0.3142046332359314,0.2635096311569214,0.7102763056755066,0.0448203235864639,0.661008358001709,0.044584009796381,0.044584009796381,0.044584009796381,0.4066977798938751,0.6409988403320312,0.99,0.99,0.97,1.0,1.0,1.0,1.01,1.01,1.02,1.01,1.01,1.01,1.01,1.01,1.0,1.0,1.01,1.0,1.01,1.02,0.99,1.0,0.99,0.98,0.99,0.98,0.99,0.99,0.96,0.96,0.97,0.96,0.97,0.97,0.97,0.96,0.97,0.99,0.99,0.99,0.99,0.99,1.0,1.0,0.99,0.99,0.99,1.0,0.99,1.0,0.99,0.99,1.0,1.0,1.0,1.0,1.0,0.99,0.99,0.99,0.99,0.99,0.9900000095367432,0.99,1.0,1.0,0.9900000095367432,0.99,1.0,0.9900000095367432,0.99,1.0,0.9900000095367432,0.99,0.9900000095367432,0.99,0.99,0.99,0.99,0.98,0.9900000095367432,0.99,0.98,0.98,0.98,0.96,0.96,0.96,0.96,0.96,0.96,0.97,0.97,0.95,0.97,0.99,0.97,0.97,0.95,0.99
0.0415126165930289,0.4382361783397331,0.0210877491879404,0.4591726877935861,0.2175264509577236,0.3379263861910648,0.5116305015353122,0.4468749999999999,0.4054587951807229,0.4261468926553672,0.4654495620724214,0.4954298857253534,0.127,0.4913971205308078,0.0107648270491597,0.6113612690879459,0.1230553838227717,0.4184104975147714,0.0826224459666942,0.7566788747346074,0.4855036833006021,0.4669999999999999,0.0608548447489738,0.6769675612449646,0.0205645188689231,0.7720234990119934,0.0145384175702929,0.0145384175702929,0.0145384175702929,0.3162594437599182,0.5613723993301392,0.1584576666355133,0.6910592913627625,0.4429692924022674,0.6555163264274597,0.3027595579624176,0.6905007362365723,0.0472442060708999,0.675491213798523,0.0223915874958038,0.6575690507888794,0.4011316299438476,0.4011316299438476,0.4011316299438476,0.3109556436538696,0.6692396402359009,0.0499381087720394,0.6583011746406555,0.057666465640068,0.057666465640068,0.057666465640068,0.3998883366584778,0.5897907018661499,0.99,0.99,0.97,1.0,1.0,1.0,1.01,1.01,1.02,1.01,1.01,1.01,1.01,1.01,1.0,1.0,1.01,1.0,1.01,1.02,1.0,1.0,0.99,0.98,0.98,0.99,0.99,0.99,0.97,0.97,0.97,0.96,0.96,0.97,0.97,0.96,0.97,1.0,1.0,1.0,1.0,1.0,1.0,1.0,0.99,0.99,1.0,1.01,1.0,1.01,0.99,1.0,1.01,1.01,1.0,1.0,1.0,1.0,1.0,1.0,1.0,1.0,1.0,1.0,1.0,1.0,1.0,1.0,1.0,1.0,0.99,1.0,0.9900000095367432,0.99,0.9900000095367432,0.99,0.99,0.99,0.99,0.98,0.9900000095367432,0.99,0.98,0.98,0.98,0.97,0.97,0.96,0.97,0.96,0.96,0.97,0.97,0.95,0.97,0.99,0.97,0.97,0.95,0.99
0.0392007854688267,0.433238329815886,0.0382229112307588,0.3740805956586951,0.274197248627436,0.3174399390782271,0.5180237275518749,0.2388249999999999,0.4002244578313253,0.2994293785310734,0.600908405595015,0.3649558719090967,0.041,0.3674369960668388,0.0053374111381848,0.6751963257755046,0.0008967027305512,0.3472227368282277,0.0865866599740167,0.7376438428874736,0.4221185533782153,0.6379999999999999,0.0706030949950218,0.5981948375701904,0.0202438384294509,0.7488117814064026,0.0164837632328271,0.0164837632328271,0.0164837632328271,0.3521654903888702,0.481570154428482,0.1674236953258514,0.6758418083190918,0.4355723857879638,0.5949540734291077,0.3221316635608673,0.6268386840820312,0.0558660216629505,0.6443682312965393,0.0212210826575756,0.6604788899421692,0.4965097308158874,0.4965097308158874,0.4965097308158874,0.3297972381114959,0.619968593120575,0.0532352812588214,0.6328278183937073,0.0845861658453941,0.0845861658453941,0.0845861658453941,0.3544837832450866,0.4913075864315033,1.0,1.0,0.98,1.01,1.0,1.0,1.01,1.01,1.02,1.02,1.01,1.01,1.01,1.01,1.01,1.01,1.02,1.0,1.01,1.02,1.0,1.0,0.99,0.98,0.99,0.99,0.99,0.99,0.98,0.98,0.97,0.96,0.96,0.97,0.97,0.96,0.97,1.01,1.0,1.0,1.0,1.0,1.0,1.0,1.0,1.0,1.0,1.01,1.0,1.01,1.0,1.0,1.01,1.01,1.01,1.01,1.01,1.0,1.0,1.0,1.0,1.0,1.0,1.0,1.01,1.0,1.0,1.0,1.0,1.0,0.99,1.0,0.9900000095367432,0.99,0.9900000095367432,0.99,0.99,0.99,0.99,0.98,0.9900000095367432,0.99,0.98,0.98,0.98,0.97,0.97,0.96,0.97,0.97,0.97,0.98,0.97,0.95,0.97,0.99,0.97,0.98,0.95,0.99
0.0291002454590083,0.0701288206305393,0.1219439860012847,0.1919669214187854,0.2811180741820743,0.069199452586968,0.5310052107564901,0.0445749999999999,0.3531100602409638,0.0959491525423728,0.4482336049501067,0.0925683711020724,0.308,0.0864445725779555,0.0083231430078625,0.4793689932420766,0.0458925811437403,0.0643239861566517,0.084573402621944,0.6376616242038219,0.4620179088804872,0.1855,0.0812685713171958,0.3857780992984772,0.0235051531344652,0.6187592148780823,0.0228758864104747,0.0228758864104747,0.0228758864104747,0.3603757321834564,0.2546119689941406,0.1708629131317138,0.5395364761352539,0.3874689042568207,0.3569333851337433,0.3347892761230469,0.3661408424377441,0.0681685581803321,0.4882784187793731,0.0228496603667736,0.5884475708007812,0.5882821679115295,0.5882821679115295,0.5882821679115295,0.3067451417446136,0.4278827905654907,0.0540331080555915,0.5201777815818787,0.1360270380973816,0.1360270380973816,0.1360270380973816,0.3908666670322418,0.2271473407745361,1.0,1.0,0.98,1.0,1.0,1.0,1.01,1.01,1.02,1.02,1.01,1.01,1.01,1.01,1.01,1.01,1.02,1.0,1.01,1.02,1.0,1.0,0.97,0.97,0.97,0.97,0.97,0.97,0.98,0.98,0.97,0.96,0.96,0.96,0.97,0.96,0.97,0.99,0.99,0.99,0.99,0.99,0.98,0.98,1.01,1.01,1.01,1.01,1.01,1.02,1.01,1.01,1.01,1.01,1.01,1.01,1.01,1.0,1.0,1.0,1.0,1.0,1.0,1.0,1.01,1.0,1.0,1.0,1.0,1.0,0.99,1.0,0.9900000095367432,0.99,0.9900000095367432,0.99,0.99,0.98,0.99,0.98,0.9900000095367432,0.99,0.98,0.98,0.98,0.97,0.97,0.96,0.97,0.97,0.96,0.97,0.97,0.95,0.97,0.98,0.97,0.97,0.95,0.98
0.042581148748159,0.0,0.2311409842909423,0.0288364413450967,0.2942019911091288,0.0,0.4719454731552991,0.0,0.1850696987951807,0.0,0.6722014466861301,0.0,0.095,0.0058800004304144,0.0133275138787711,0.2040196438050597,0.0569984544049459,0.0,0.0756396303295145,0.1504286093418259,0.4679482866109408,0.0,0.1110461428761482,0.0485694669187068,0.0215788409113883,0.2629458904266357,0.0353340581059455,0.0353340581059455,0.0353340581059455,0.3893869817256927,0.0203388389199972,0.1650166064500808,0.1536810100078582,0.3430903851985931,0.0379298403859138,0.3331379294395447,0.0313784517347812,0.0875649154186248,0.1157659590244293,0.029431689530611,0.3145926594734192,0.6740503311157227,0.6740503311157227,0.6740503311157227,0.2731322944164276,0.0673548430204391,0.0560646913945674,0.2385357618331909,0.2057872712612152,0.2057872712612152,0.2057872712612152,0.4337281882762909,0.0203859917819499,0.97,0.97,0.95,0.97,0.97,0.97,0.99,1.0,1.0,1.0,1.0,1.0,1.0,1.0,0.99,0.99,1.0,0.99,1.0,1.01,0.99,0.99,0.94,0.94,0.94,0.94,0.94,0.94,0.96,0.96,0.95,0.96,0.95,0.95,0.96,0.94,0.96,0.95,0.95,0.95,0.95,0.95,0.94,0.94,1.0,1.0,1.0,1.0,1.0,1.0,1.0,1.0,1.0,1.0,0.99,0.99,0.99,1.0,1.0,1.0,1.0,1.0,1.0,1.0,1.0,1.0,1.0,1.0,1.0,1.0,0.99,1.0,0.9700000286102296,0.97,0.9700000286102296,0.97,0.97,0.96,0.97,0.96,0.9700000286102296,0.97,0.96,0.96,0.96,0.97,0.97,0.96,0.97,0.96,0.95,0.95,0.95,0.94,0.95,0.95,0.98,0.95,0.94,0.94
0.0979982326951399,0.0,0.3074717834976858,0.0012831759311401,0.3538186256649888,0.0,0.4995362426723737,0.0,0.2376965662650602,0.0,0.3521935596322279,0.0,0.294,0.0,0.0456351578788716,0.0233738919468661,0.198580370942813,0.0,0.0955199893704972,0.0151419851380042,0.2582987045730454,0.0,0.1819624900817871,0.0,0.0292649734765291,0.017568189650774,0.0543393194675445,0.0543393194675445,0.0543393194675445,0.3786847591400146,0.0,0.1966314911842346,0.0011889709858223,0.3585345447063446,0.0,0.3535261750221252,0.0,0.1348057389259338,0.0,0.0693126022815704,0.0381519049406051,0.7420122027397156,0.7420122027397156,0.7420122027397156,0.2884414792060852,0.0,0.086858756840229,0.0200992971658706,0.2750467956066131,0.2750467956066131,0.2750467956066131,0.424118310213089,0.0,0.94,0.93,0.92,0.93,0.93,0.93,0.96,0.97,0.97,0.98,0.97,0.97,0.97,0.97,0.97,0.97,0.98,0.97,0.97,0.98,0.96,0.96,0.91,0.92,0.92,0.92,0.91,0.91,0.93,0.92,0.93,0.93,0.93,0.93,0.93,0.92,0.94,0.91,0.91,0.9,0.9,0.91,0.9,0.9,0.96,0.96,0.96,0.96,0.96,0.95,0.96,0.96,0.96,0.97,0.95,0.95,0.95,1.0,1.0,1.0,1.0,1.0,1.0,1.0,0.99,0.98,1.0,1.0,0.98,1.0,0.97,0.98,0.9200000166893004,0.92,0.9200000166893004,0.92,0.92,0.92,0.92,0.92,0.9200000166893004,0.92,0.93,0.93,0.93,0.95,0.95,0.95,0.95,0.95,0.93,0.93,0.92,0.92,0.92,0.91,0.96,0.92,0.92,0.91
0.2587633775159548,0.0,0.4237113620575524,0.0,0.2443402897797483,0.0,0.5331796780496882,0.0,0.2209767469879518,0.0,0.4897775066451697,0.0,0.14,0.0,0.0818450601622748,0.0,0.0752454920144255,0.0,0.066942630211409,0.0,0.4391308440764335,0.0,0.1993768066167831,0.0,0.0499149113893508,0.0,0.0845837518572807,0.0845837518572807,0.0845837518572807,0.3490714430809021,0.0,0.1858968734741211,0.0,0.3301814496517181,0.0,0.346051961183548,0.0,0.1467330455780029,0.0,0.0942444503307342,0.0,0.7681935429573059,0.7681935429573059,0.7681935429573059,0.2653098702430725,0.0,0.0968023017048835,0.0,0.3370612561702728,0.3370612561702728,0.3370612561702728,0.4292138814926147,0.0,0.91,0.91,0.9,0.9,0.9,0.9,0.94,0.95,0.95,0.95,0.94,0.95,0.95,0.95,0.94,0.94,0.95,0.93,0.95,0.96,0.92,0.93,0.9,0.91,0.91,0.91,0.9,0.9,0.9,0.9,0.92,0.93,0.91,0.91,0.92,0.91,0.92,0.89,0.88,0.88,0.88,0.88,0.88,0.88,0.92,0.92,0.92,0.93,0.92,0.92,0.92,0.92,0.92,0.93,0.91,0.91,0.92,0.98,0.98,0.98,0.98,0.98,0.9800000190734864,0.98,0.95,0.95,0.9800000190734864,0.98,0.95,0.9800000190734864,0.95,0.95,0.8999999761581421,0.9,0.8999999761581421,0.9,0.9,0.9,0.9,0.9,0.8999999761581421,0.9,0.9,0.9,0.9,0.94,0.94,0.92,0.94,0.92,0.92,0.91,0.91,0.91,0.9,0.9,0.95,0.91,0.91,0.89
0.257092292587138,0.0,0.4400573426851318,0.0,0.3803295899855827,0.0,0.4057761235693682,0.0,0.3313700602409639,0.0,0.2936534053771406,0.0,0.061,0.0,0.0624049586776859,0.0,0.1112024729520865,0.0,0.0496232136530057,0.0,0.4643623107902634,0.0,0.1840633898973465,0.0,0.062657244503498,0.0,0.1075176820158958,0.1075176820158958,0.1075176820158958,0.3388106822967529,0.0,0.1515266001224517,0.0,0.3138870894908905,0.0,0.2806861400604248,0.0,0.1332383751869201,0.0,0.0931171476840972,0.0,0.7746967673301697,0.7746967673301697,0.7746967673301697,0.230367437005043,0.0,0.0900112465023994,0.0,0.3843408226966858,0.3843408226966858,0.3843408226966858,0.4292101860046386,0.0,0.89,0.88,0.88,0.88,0.88,0.88,0.91,0.91,0.92,0.92,0.91,0.91,0.91,0.91,0.9,0.91,0.91,0.9,0.91,0.93,0.89,0.9,0.9,0.9,0.9,0.9,0.89,0.89,0.89,0.89,0.92,0.92,0.91,0.91,0.92,0.91,0.92,0.87,0.87,0.86,0.87,0.87,0.86,0.86,0.9,0.9,0.9,0.9,0.9,0.89,0.9,0.9,0.89,0.9,0.89,0.89,0.89,0.94,0.94,0.94,0.94,0.94,0.9399999976158142,0.94,0.91,0.91,0.9399999976158142,0.94,0.91,0.9399999976158142,0.91,0.91,0.8799999952316284,0.88,0.8799999952316284,0.88,0.88,0.88,0.88,0.88,0.8799999952316284,0.88,0.88,0.88,0.88,0.92,0.91,0.9,0.92,0.9,0.91,0.9,0.9,0.9,0.89,0.89,0.95,0.9,0.9,0.88
0.2937843888070692,0.0,0.4367900086107492,0.0,0.4408585990753632,0.0,0.2688324183493067,0.0,0.3930803012048193,0.0,0.1284663384025447,0.0,0.075,0.0,0.0281924690396643,0.0,0.0144469345698093,0.0,0.054942334947443,0.0,0.488111020228632,0.0,0.1612626612186432,0.0,0.0730224549770355,0.0,0.125355526804924,0.125355526804924,0.125355526804924,0.3663546741008758,0.0,0.1173048466444015,0.0,0.3102262616157532,0.0,0.24960657954216,0.0,0.1087880283594131,0.0,0.0856799334287643,0.0,0.7746232151985168,0.7746232151985168,0.7746232151985168,0.1999469250440597,0.0,0.0908676236867904,0.0,0.4083481729030609,0.4083481729030609,0.4083481729030609,0.4682311415672302,0.0,0.87,0.87,0.87,0.86,0.86,0.86,0.89,0.9,0.9,0.9,0.89,0.9,0.9,0.9,0.88,0.88,0.89,0.88,0.9,0.92,0.87,0.88,0.9,0.89,0.9,0.89,0.89,0.89,0.88,0.88,0.91,0.92,0.91,0.9,0.92,0.9,0.91,0.85,0.85,0.85,0.85,0.85,0.85,0.85,0.88,0.88,0.88,0.88,0.88,0.88,0.88,0.88,0.88,0.88,0.88,0.88,0.88,0.9,0.9,0.9,0.9,0.9,0.8999999761581421,0.9,0.88,0.88,0.8999999761581421,0.9,0.88,0.8999999761581421,0.88,0.88,0.8600000143051147,0.86,0.8600000143051147,0.86,0.86,0.86,0.86,0.86,0.8600000143051147,0.86,0.87,0.87,0.87,0.89,0.89,0.89,0.89,0.89,0.91,0.89,0.89,0.89,0.88,0.89,0.95,0.89,0.89,0.88
0.3212993618065783,0.0,0.4690166282125997,0.0,0.5800151388325513,0.0,0.0881543686610216,0.0,0.3924126506024096,0.0,0.1255225064272953,0.0,0.0,0.0,0.0219691275842146,0.0,0.0054142194744976,0.0,0.0573312271170426,0.0,0.3968868896565513,0.0,0.1260191202163696,0.0,0.0823427215218544,0.0,0.1295608282089233,0.1295608282089233,0.1295608282089233,0.4210653603076935,0.0,0.09281986951828,0.0,0.3327083587646484,0.0,0.2429239153861999,0.0,0.0940052643418312,0.0,0.0846420153975486,0.0,0.7481356263160706,0.7481356263160706,0.7481356263160706,0.1605220586061477,0.0,0.0958589911460876,0.0,0.4108043313026428,0.4108043313026428,0.4108043313026428,0.5194762945175171,0.0,0.86,0.86,0.86,0.85,0.85,0.85,0.88,0.88,0.89,0.88,0.87,0.88,0.88,0.88,0.87,0.87,0.88,0.87,0.88,0.9,0.85,0.86,0.89,0.89,0.89,0.89,0.89,0.88,0.87,0.87,0.91,0.92,0.9,0.9,0.91,0.9,0.9,0.84,0.84,0.84,0.84,0.84,0.85,0.84,0.86,0.86,0.86,0.86,0.86,0.86,0.86,0.86,0.86,0.86,0.86,0.86,0.86,0.87,0.87,0.87,0.87,0.87,0.8700000047683716,0.87,0.86,0.86,0.8700000047683716,0.87,0.86,0.8700000047683716,0.86,0.86,0.8500000238418579,0.85,0.8500000238418579,0.85,0.85,0.85,0.85,0.86,0.8500000238418579,0.85,0.86,0.86,0.86,0.88,0.88,0.87,0.88,0.87,0.91,0.89,0.89,0.89,0.88,0.89,0.95,0.89,0.89,0.88
0.2502712812960236,0.0,0.4693266420830197,0.0,0.6487189434939826,0.0,0.0873911789336559,0.0,0.401343734939759,0.0,0.1577268290557323,0.0,0.209,0.0,0.0165881835765781,0.0,0.0222073673364245,0.0,0.0588220444077004,0.0,0.4032453733841959,0.0,0.0961358845233917,0.0,0.0974743440747261,0.0,0.1284725069999694,0.1284725069999694,0.1284725069999694,0.4623163640499115,0.0,0.0871524140238761,0.0,0.3687005043029785,0.0,0.2255159020423889,0.0,0.0789910778403282,0.0,0.0864898338913917,0.0,0.7034354209899902,0.7034354209899902,0.7034354209899902,0.130325362086296,0.0,0.1006511002779007,0.0,0.3968646824359894,0.3968646824359894,0.3968646824359894,0.5360507369041443,0.0,0.85,0.85,0.85,0.84,0.84,0.84,0.86,0.87,0.87,0.86,0.86,0.87,0.87,0.87,0.85,0.85,0.86,0.86,0.87,0.88,0.84,0.86,0.89,0.88,0.89,0.89,0.88,0.88,0.86,0.87,0.91,0.92,0.9,0.89,0.91,0.89,0.9,0.83,0.84,0.84,0.83,0.83,0.84,0.84,0.85,0.85,0.85,0.85,0.85,0.85,0.85,0.85,0.85,0.85,0.85,0.85,0.85,0.85,0.85,0.85,0.85,0.85,0.8500000238418579,0.85,0.84,0.85,0.8500000238418579,0.85,0.85,0.8500000238418579,0.84,0.85,0.8500000238418579,0.85,0.8500000238418579,0.85,0.85,0.85,0.85,0.85,0.8500000238418579,0.85,0.86,0.86,0.86,0.87,0.87,0.86,0.87,0.86,0.91,0.89,0.89,0.89,0.88,0.89,0.95,0.89,0.89,0.88
0.3120164948453607,0.0,0.4096433603109641,0.0,0.7069919924982121,0.0,0.1393358146459477,0.0,0.4237135542168675,0.0,0.2703804087324067,0.0,0.0,0.0,0.0199566178502348,0.0,0.0278189077794951,0.0,0.0537048541396008,0.0,0.4114607151994282,0.0,0.070401631295681,0.0,0.1287935525178909,0.0,0.1003713086247444,0.1003713086247444,0.1003713086247444,0.4531201124191284,0.0,0.0854392796754837,0.0,0.4195390045642853,0.0,0.2018243074417114,0.0,0.0545736849308013,0.0,0.087651640176773,0.0,0.6346157789230347,0.6346157789230347,0.6346157789230347,0.1168049350380897,0.0,0.098679319024086,0.0,0.3520195186138153,0.3520195186138153,0.3520195186138153,0.5505162477493286,0.0,0.85,0.84,0.85,0.84,0.84,0.84,0.86,0.87,0.87,0.86,0.85,0.87,0.87,0.87,0.85,0.85,0.86,0.85,0.87,0.88,0.83,0.85,0.89,0.88,0.89,0.88,0.88,0.88,0.86,0.86,0.91,0.92,0.9,0.89,0.91,0.89,0.9,0.83,0.84,0.83,0.83,0.83,0.84,0.84,0.84,0.84,0.84,0.84,0.84,0.85,0.84,0.84,0.85,0.85,0.85,0.85,0.85,0.84,0.84,0.84,0.84,0.84,0.8399999737739563,0.84,0.83,0.83,0.8399999737739563,0.84,0.83,0.8399999737739563,0.83,0.83,0.8399999737739563,0.84,0.8399999737739563,0.84,0.84,0.85,0.84,0.85,0.8399999737739563,0.84,0.86,0.86,0.86,0.86,0.86,0.86,0.86,0.86,0.91,0.9,0.9,0.89,0.89,0.89,0.95,0.89,0.89,0.88
0.1689363770250368,0.0,0.4275050964452672,0.0,0.6265923979373245,0.0,0.183565646226854,0.0,0.5783526506024097,0.0,0.2245990674974944,0.0,0.0,0.0,0.0199793262830013,0.0,0.0279708912931478,0.0,0.057712708161096,0.0,0.3371653730282846,0.0,0.0536681376397609,0.0,0.166367769241333,0.0,0.0581136085093021,0.0581136085093021,0.0581136085093021,0.4383398592472076,0.0,0.0788188204169273,0.0,0.4589298367500305,0.0,0.1809236854314804,0.0,0.0429142266511917,0.0,0.0929982811212539,0.0,0.580059289932251,0.580059289932251,0.580059289932251,0.1126846596598625,0.0,0.089449293911457,0.0,0.3120550513267517,0.3120550513267517,0.3120550513267517,0.5432673692703247,0.0,0.85,0.85,0.85,0.85,0.85,0.85,0.86,0.86,0.87,0.86,0.86,0.86,0.86,0.86,0.85,0.85,0.85,0.85,0.86,0.87,0.84,0.85,0.88,0.88,0.89,0.88,0.88,0.88,0.86,0.86,0.91,0.92,0.9,0.9,0.91,0.89,0.9,0.83,0.84,0.84,0.83,0.83,0.84,0.84,0.84,0.84,0.84,0.84,0.84,0.85,0.84,0.84,0.85,0.84,0.85,0.85,0.84,0.83,0.83,0.83,0.83,0.83,0.8299999833106995,0.83,0.83,0.83,0.8299999833106995,0.83,0.83,0.8299999833106995,0.83,0.83,0.8399999737739563,0.84,0.8399999737739563,0.84,0.84,0.86,0.84,0.86,0.8399999737739563,0.84,0.86,0.86,0.86,0.86,0.86,0.85,0.86,0.86,0.91,0.91,0.9,0.89,0.9,0.9,0.95,0.9,0.89,0.88
0.1546301423662248,0.0,0.4298421675920282,0.0,0.558226332704566,0.0,0.190324741788406,0.0,0.5144878313253012,0.0,0.2195672578325853,0.0,0.0,0.0,0.0221701876460096,0.0,0.0333722308088614,0.0,0.0463665702137711,0.0,0.2730355538741996,0.0,0.0409128852188587,0.0,0.2050206363201141,0.0,0.0442764423787593,0.0442764423787593,0.0442764423787593,0.4083248376846313,0.0,0.0740774050354957,0.0,0.4926569163799286,0.0,0.1589400172233581,0.0,0.033841710537672,0.0,0.1006165072321891,0.0,0.547675609588623,0.547675609588623,0.547675609588623,0.113279327750206,0.0,0.0891120806336402,0.0,0.3047996759414673,0.3047996759414673,0.3047996759414673,0.5334402918815613,0.0,0.86,0.86,0.86,0.86,0.85,0.85,0.86,0.87,0.87,0.87,0.87,0.87,0.87,0.87,0.86,0.86,0.86,0.86,0.87,0.88,0.85,0.86,0.89,0.89,0.9,0.89,0.89,0.89,0.86,0.87,0.91,0.92,0.9,0.9,0.91,0.9,0.91,0.84,0.85,0.85,0.84,0.84,0.85,0.85,0.84,0.84,0.84,0.85,0.84,0.85,0.84,0.84,0.85,0.85,0.85,0.85,0.85,0.84,0.84,0.84,0.84,0.84,0.8399999737739563,0.84,0.83,0.84,0.8399999737739563,0.84,0.84,0.8399999737739563,0.83,0.84,0.8500000238418579,0.85,0.8500000238418579,0.85,0.85,0.87,0.85,0.87,0.8500000238418579,0.85,0.87,0.87,0.87,0.87,0.86,0.86,0.86,0.86,0.92,0.91,0.91,0.9,0.91,0.9,0.95,0.91,0.9,0.89
0.1568033382425135,0.0,0.401250687879135,0.0,0.5234404695304942,0.0,0.1360869079743184,0.0,0.4994393975903614,0.0,0.3130300230946882,0.0,0.0,0.0,0.0516041347433997,0.0,0.0277725399278722,0.0,0.0468408231959371,0.0,0.327082750245894,0.0,0.0300768315792083,0.0,0.2390172183513641,0.0,0.0568114705383777,0.0568114705383777,0.0568114705383777,0.3958516120910644,0.0,0.0757057145237922,0.0,0.5349812507629395,0.0,0.1554322242736816,0.0,0.029904730618,0.0,0.1080236434936523,0.0,0.5170029997825623,0.5170029997825623,0.5170029997825623,0.1158096194267273,0.0,0.0949973762035369,0.0,0.3271792531013489,0.3271792531013489,0.3271792531013489,0.5206055641174316,0.0,0.88,0.88,0.88,0.88,0.87,0.88,0.88,0.88,0.89,0.88,0.89,0.88,0.88,0.88,0.87,0.88,0.88,0.88,0.88,0.89,0.87,0.88,0.92,0.92,0.93,0.92,0.92,0.92,0.89,0.89,0.93,0.93,0.92,0.92,0.93,0.92,0.93,0.87,0.88,0.88,0.88,0.87,0.88,0.88,0.85,0.85,0.85,0.85,0.85,0.86,0.85,0.85,0.86,0.85,0.86,0.86,0.86,0.84,0.84,0.84,0.84,0.84,0.8399999737739563,0.84,0.84,0.85,0.8399999737739563,0.84,0.85,0.8399999737739563,0.85,0.85,0.8700000047683716,0.87,0.8700000047683716,0.87,0.87,0.88,0.87,0.88,0.8700000047683716,0.87,0.88,0.88,0.88,0.88,0.87,0.87,0.88,0.87,0.94,0.93,0.93,0.93,0.93,0.93,0.95,0.93,0.93,0.92
0.1100174766813942,0.0,0.3531345828338064,0.0,0.5195499159930375,0.0,0.1277510933283707,0.0,0.4580377108433734,0.0,0.3582595755806353,0.0,0.0,0.0,0.071801853852144,0.0,0.0241102524471921,0.0,0.0525175091531829,0.0,0.3263931219886679,0.0,0.0184032693505287,0.0,0.2382208257913589,0.0,0.077649712562561,0.077649712562561,0.077649712562561,0.3982387781143188,0.0001039540147758,0.075596734881401,0.0,0.5564730763435364,0.0,0.1466046422719955,0.0,0.029016138985753,0.0,0.1227920353412628,0.0,0.49293053150177,0.49293053150177,0.49293053150177,0.1271978616714477,0.0,0.1038369834423065,0.0,0.3682746291160583,0.3682746291160583,0.3682746291160583,0.5063108801841736,0.0001366814831271,0.92,0.91,0.91,0.92,0.92,0.92,0.91,0.9,0.9,0.89,0.9,0.9,0.9,0.9,0.89,0.9,0.89,0.9,0.9,0.89,0.9,0.9,0.94,0.94,0.95,0.94,0.94,0.94,0.92,0.92,0.94,0.94,0.94,0.94,0.94,0.94,0.95,0.9,0.91,0.91,0.91,0.9,0.91,0.91,0.87,0.87,0.87,0.87,0.87,0.89,0.87,0.87,0.88,0.87,0.89,0.89,0.88,0.88,0.88,0.88,0.88,0.88,0.8799999952316284,0.88,0.87,0.88,0.8799999952316284,0.88,0.88,0.8799999952316284,0.88,0.88,0.9100000262260436,0.91,0.9100000262260436,0.91,0.91,0.93,0.91,0.92,0.9100000262260436,0.91,0.91,0.91,0.91,0.89,0.89,0.89,0.89,0.89,0.96,0.96,0.96,0.96,0.96,0.95,0.96,0.96,0.96,0.95
0.079461855670103,0.027085300937015,0.3456466517092976,0.0012935057675643,0.5923808343185435,0.0537408617340632,0.1604866474364939,0.0177249999999999,0.4261219879518072,0.070912429378531,0.3452405769314567,0.0586671508812705,0.0,0.0185758162589552,0.1002397950212263,0.0,0.0025628541988665,0.0495908810288716,0.0792054151411361,0.0,0.3577358736349906,0.045,0.0147079266607761,0.0415954887866973,0.2512754797935486,0.0,0.101057156920433,0.101057156920433,0.101057156920433,0.3922440707683563,0.1359300762414932,0.0750102326273918,0.0065909582190215,0.5775379538536072,0.0696016773581504,0.1398123651742935,0.0839854031801223,0.0279620811343193,0.0115569503977894,0.1358247995376587,0.0,0.4784690141677856,0.4784690141677856,0.4784690141677856,0.1289358139038086,0.0363010503351688,0.1145059540867805,7.667358659091406e-6,0.4268637895584106,0.4268637895584106,0.4268637895584106,0.4974031448364258,0.1547961831092834,0.93,0.92,0.92,0.94,0.93,0.93,0.92,0.91,0.91,0.91,0.91,0.91,0.91,0.91,0.91,0.91,0.91,0.91,0.91,0.9,0.92,0.91,0.95,0.95,0.95,0.95,0.95,0.95,0.93,0.93,0.95,0.95,0.95,0.95,0.95,0.95,0.96,0.92,0.93,0.93,0.93,0.92,0.93,0.93,0.89,0.89,0.89,0.89,0.88,0.9,0.89,0.89,0.89,0.88,0.91,0.9,0.9,0.91,0.91,0.91,0.91,0.91,0.9100000262260436,0.91,0.89,0.9,0.9100000262260436,0.91,0.9,0.9100000262260436,0.9,0.9,0.9300000071525574,0.93,0.9300000071525574,0.93,0.93,0.94,0.93,0.93,0.9300000071525574,0.93,0.92,0.92,0.92,0.91,0.91,0.91,0.91,0.91,0.97,0.96,0.96,0.96,0.97,0.96,0.97,0.96,0.96,0.96
0.0768661757486499,0.3942619970142998,0.2976547790118523,0.2910569243295417,0.3681599265802204,0.1504453690623344,0.1552835209825998,0.3499249999999999,0.3856610240963856,0.3184406779661017,0.2909308902348686,0.1185118793982826,0.0,0.3863754611762009,0.1101441633801401,0.1114210649249049,0.000210200927357,0.388696020702919,0.0918314338018188,0.0495071656050955,0.3146985905856346,0.5845,0.0117818424478173,0.4129796326160431,0.2505057156085968,0.1118548437952995,0.1072591915726661,0.1072591915726661,0.1072591915726661,0.3185872733592987,0.4981473088264465,0.0758310779929161,0.2547583281993866,0.5736703276634216,0.4382297098636627,0.1165667101740837,0.4922340810298919,0.0262164082378149,0.2913095653057098,0.149236723780632,0.128046229481697,0.465243399143219,0.465243399143219,0.465243399143219,0.1303002089262008,0.3775543570518493,0.1183312982320785,0.150798961520195,0.4911668598651886,0.4911668598651886,0.4911668598651886,0.4225436151027679,0.4973528981208801,0.93,0.93,0.92,0.95,0.94,0.94,0.93,0.92,0.92,0.91,0.92,0.92,0.92,0.92,0.91,0.91,0.92,0.92,0.92,0.91,0.93,0.92,0.96,0.96,0.96,0.96,0.96,0.96,0.94,0.94,0.95,0.95,0.95,0.96,0.95,0.96,0.96,0.93,0.94,0.94,0.94,0.94,0.94,0.94,0.9,0.9,0.9,0.9,0.9,0.91,0.9,0.9,0.9,0.89,0.91,0.91,0.91,0.93,0.93,0.93,0.93,0.93,0.9300000071525574,0.93,0.91,0.91,0.9300000071525574,0.93,0.91,0.9300000071525574,0.92,0.91,0.9399999976158142,0.94,0.9399999976158142,0.94,0.94,0.95,0.94,0.94,0.9399999976158142,0.94,0.93,0.93,0.93,0.92,0.92,0.92,0.92,0.92,0.97,0.97,0.97,0.96,0.97,0.97,0.96,0.97,0.96,0.97
0.0010309278350515,0.6514790007266041,0.3374853504181778,0.5530906206241282,0.1686582037987171,0.1129228103478721,0.0586033311621847,0.4363249999999999,0.2432843373493976,0.470593220338983,0.2168735892631487,0.2010880302149912,0.0,0.4952898096995992,0.0916084553744128,0.3632513258630372,0.0013632148377125,0.5767886213454395,0.1058619936222983,0.1269692144373673,0.2761648132155807,0.977,0.0077491640113294,0.7409719228744507,0.2332369834184646,0.4485548734664917,0.1322052180767059,0.1322052180767059,0.1322052180767059,0.1554527133703231,0.7679145336151123,0.06791652739048,0.6404440402984619,0.4517870843410492,0.7719128131866455,0.0624285489320755,0.8187283873558044,0.0243481770157814,0.6496298313140869,0.1476374417543411,0.534777045249939,0.4277372360229492,0.4277372360229492,0.4277372360229492,0.0990581512451171,0.7138947248458862,0.1244391724467277,0.5505349040031433,0.5497806072235107,0.5497806072235107,0.5497806072235107,0.242639273405075,0.744469404220581,0.94,0.94,0.93,0.95,0.95,0.95,0.94,0.93,0.93,0.92,0.92,0.93,0.93,0.93,0.92,0.92,0.92,0.92,0.93,0.91,0.93,0.93,0.97,0.97,0.97,0.97,0.97,0.97,0.95,0.95,0.96,0.96,0.96,0.96,0.95,0.96,0.97,0.95,0.95,0.96,0.95,0.95,0.95,0.95,0.91,0.91,0.91,0.91,0.91,0.92,0.91,0.91,0.91,0.9,0.92,0.92,0.92,0.94,0.94,0.94,0.94,0.94,0.9399999976158142,0.94,0.91,0.92,0.9399999976158142,0.94,0.92,0.9399999976158142,0.93,0.92,0.949999988079071,0.95,0.949999988079071,0.95,0.95,0.95,0.95,0.94,0.949999988079071,0.95,0.94,0.94,0.94,0.93,0.93,0.93,0.93,0.93,0.97,0.97,0.97,0.97,0.98,0.97,0.97,0.97,0.97,0.98
0.0,0.5900322043555244,0.2498045293648614,0.6438541943799567,0.1026830589329372,0.1212381025957973,0.0136785149344003,0.6311749999999999,0.3412083734939759,0.2711045197740113,0.1594974944442023,0.2848697785525211,0.0,0.5053286414607208,0.0353032480092441,0.5263208109683425,0.0,0.6025507780549434,0.0717393704972245,0.2742316878980892,0.2738473250426062,1.0,0.0043282629922032,0.7788357138633728,0.1682420521974563,0.6781630516052246,0.1633949875831604,0.1633949875831604,0.1633949875831604,0.1109274476766586,0.8245959877967834,0.0511178039014339,0.7908141016960144,0.4045411050319671,0.826828122138977,0.0360589809715747,0.864955723285675,0.0137412976473569,0.7577111721038818,0.1130310371518135,0.8140308856964111,0.3799880146980285,0.3799880146980285,0.3799880146980285,0.0923255980014801,0.7713289260864258,0.1019231453537941,0.8043323755264282,0.5824764966964722,0.5824764966964722,0.5824764966964722,0.2046497762203216,0.8210633397102356,0.94,0.94,0.93,0.96,0.95,0.95,0.95,0.94,0.94,0.92,0.92,0.94,0.94,0.94,0.92,0.92,0.92,0.93,0.94,0.92,0.94,0.93,0.98,0.98,0.98,0.98,0.98,0.98,0.96,0.96,0.96,0.96,0.97,0.97,0.96,0.97,0.98,0.97,0.97,0.97,0.97,0.97,0.97,0.97,0.93,0.93,0.92,0.92,0.92,0.92,0.93,0.93,0.92,0.91,0.93,0.93,0.93,0.95,0.95,0.95,0.95,0.95,0.949999988079071,0.95,0.93,0.93,0.949999988079071,0.95,0.93,0.949999988079071,0.93,0.93,0.949999988079071,0.95,0.949999988079071,0.95,0.95,0.96,0.95,0.95,0.949999988079071,0.95,0.95,0.94,0.94,0.94,0.94,0.94,0.94,0.94,0.97,0.97,0.97,0.96,0.97,0.98,0.98,0.97,0.96,0.98
0.0,0.5744880426957913,0.2208197653337996,0.7147408827669853,0.0533152636964003,0.2075156498322444,0.0150731366893086,0.7568,0.42144,0.4193728813559321,0.1331295481284587,0.4309509329201368,0.065,0.6593596796436061,0.0677953980255721,0.5724303743299741,0.0,0.5993392978630359,0.0827810027164284,0.5204140127388536,0.5232986625109721,0.6785,0.0059792716056108,0.783281147480011,0.1353785395622253,0.7476456165313721,0.2087876200675964,0.2087876200675964,0.2087876200675964,0.106369063258171,0.8454602956771851,0.0455242022871971,0.7925596237182617,0.4097862243652344,0.8051650524139404,0.0378437563776969,0.8832945227622986,0.0104433698579669,0.7639375329017639,0.0969199910759925,0.8604250550270081,0.3440052568912506,0.3440052568912506,0.3440052568912506,0.1236662194132804,0.7595493197441101,0.0749512314796447,0.8215612173080444,0.5819376111030579,0.5819376111030579,0.5819376111030579,0.2295102328062057,0.8473608493804932,0.95,0.95,0.94,0.96,0.96,0.96,0.96,0.95,0.94,0.93,0.93,0.95,0.95,0.95,0.93,0.92,0.93,0.93,0.95,0.92,0.94,0.93,0.98,0.98,0.98,0.98,0.98,0.98,0.97,0.97,0.96,0.96,0.97,0.97,0.96,0.97,0.98,0.98,0.98,0.98,0.98,0.98,0.98,0.98,0.94,0.94,0.94,0.93,0.94,0.93,0.94,0.94,0.93,0.93,0.93,0.93,0.93,0.96,0.96,0.96,0.96,0.96,0.959999978542328,0.96,0.94,0.94,0.959999978542328,0.96,0.94,0.959999978542328,0.94,0.94,0.949999988079071,0.95,0.949999988079071,0.95,0.95,0.96,0.95,0.95,0.949999988079071,0.95,0.95,0.95,0.95,0.95,0.95,0.95,0.95,0.95,0.97,0.98,0.98,0.96,0.98,0.98,0.98,0.98,0.96,0.99
0.0,0.6221362704532843,0.2351242102616809,0.6861700043443419,0.0401580952540772,0.3959608202366237,0.0448710337768679,0.7591749999999999,0.4587671686746987,0.5191864406779659,0.1204027190727264,0.5039660081348052,0.073,0.7491366519042635,0.149336883619282,0.6372576930793737,0.0160188047398248,0.5880483053003761,0.0960393586866658,0.5565185774946922,0.575979735972123,0.963,0.012170591391623,0.7658807039260864,0.1323785930871963,0.7704533338546753,0.2512046694755554,0.2512046694755554,0.2512046694755554,0.1193691417574882,0.8467064499855042,0.044120118021965,0.7838587760925293,0.4300083518028259,0.7663012146949768,0.0463252402842044,0.8749732375144958,0.011926133185625,0.7688767910003662,0.1002420857548713,0.8520919680595398,0.3246432840824127,0.3246432840824127,0.3246432840824127,0.1633210182189941,0.7544419765472412,0.0719695687294006,0.8066051006317139,0.5525475144386292,0.5525475144386292,0.5525475144386292,0.2702788412570953,0.8483044505119324,0.95,0.95,0.94,0.97,0.96,0.96,0.97,0.96,0.95,0.93,0.93,0.96,0.96,0.96,0.93,0.93,0.93,0.94,0.96,0.93,0.94,0.94,0.99,0.99,0.99,0.99,0.99,0.99,0.98,0.98,0.97,0.96,0.97,0.98,0.97,0.98,0.98,0.99,0.99,0.99,0.99,0.99,0.99,0.99,0.95,0.95,0.95,0.94,0.95,0.94,0.95,0.95,0.94,0.94,0.94,0.94,0.94,0.96,0.96,0.96,0.96,0.96,0.959999978542328,0.96,0.95,0.95,0.959999978542328,0.96,0.95,0.959999978542328,0.95,0.95,0.949999988079071,0.95,0.949999988079071,0.95,0.95,0.96,0.95,0.96,0.949999988079071,0.95,0.96,0.96,0.96,0.95,0.95,0.95,0.95,0.95,0.98,0.98,0.98,0.97,0.98,0.99,0.99,0.98,0.97,0.99
0.0031418753068237,0.6536717497626705,0.2069898843377842,0.6908824631401347,0.0076478816190982,0.4736107187003356,0.0505600632734716,0.690975,0.5245006024096386,0.5672146892655366,0.2078519325460804,0.6529366324488346,0.161,0.7276777978923119,0.2009596071240171,0.5921049766519868,0.0377346728490468,0.5650661172969524,0.1154750206684776,0.5728184713375798,0.5699211199269218,0.927,0.0226605720818042,0.7488229870796204,0.150112122297287,0.7710230350494385,0.2601074278354645,0.2601074278354645,0.2601074278354645,0.1334425657987594,0.8288432955741882,0.0479319766163826,0.7689433693885803,0.4534515738487243,0.7279340028762817,0.0622050650417804,0.848549485206604,0.026257362216711,0.7709745168685913,0.117258496582508,0.8324490189552307,0.305063784122467,0.305063784122467,0.305063784122467,0.1996385902166366,0.7482460737228394,0.0714442282915115,0.7816517949104309,0.516207754611969,0.516207754611969,0.516207754611969,0.2971460223197937,0.8388563990592957,0.96,0.96,0.95,0.97,0.97,0.96,0.98,0.97,0.96,0.94,0.94,0.97,0.97,0.97,0.94,0.94,0.94,0.94,0.97,0.94,0.95,0.95,0.99,0.99,0.99,0.99,0.99,0.99,0.99,0.99,0.98,0.97,0.98,0.98,0.97,0.98,0.99,1.0,1.0,1.0,1.0,1.0,0.99,0.99,0.96,0.96,0.96,0.95,0.96,0.95,0.96,0.96,0.95,0.95,0.95,0.95,0.95,0.97,0.97,0.97,0.97,0.97,0.9700000286102296,0.97,0.96,0.95,0.9700000286102296,0.97,0.96,0.9700000286102296,0.96,0.95,0.959999978542328,0.96,0.959999978542328,0.96,0.96,0.96,0.96,0.96,0.959999978542328,0.96,0.96,0.96,0.96,0.95,0.95,0.95,0.95,0.95,0.98,0.99,0.98,0.97,0.98,0.99,1.0,0.99,0.97,1.0
0.0514841433480608,0.744888170868312,0.2145422322606832,0.6601374168443744,0.0287865689836075,0.5890941638707399,0.0687825439657578,0.6742,0.504937108433735,0.7564689265536723,0.2286688744607608,0.648514074504487,0.216,0.7246775192713109,0.2196863020924916,0.6032140593327165,0.0986383307573415,0.5891910180776057,0.1130822014881304,0.3762162951167729,0.5674306583177103,0.9235,0.0559844151139259,0.7326496839523315,0.1797653287649154,0.7408868074417114,0.2546992301940918,0.2546992301940918,0.2546992301940918,0.172343760728836,0.7930846214294434,0.050363291054964,0.7244247794151306,0.4517729878425598,0.7090383172035217,0.0934413373470306,0.8041060566902161,0.0422932840883731,0.7398980855941772,0.129203587770462,0.8148509860038757,0.3141732513904571,0.3141732513904571,0.3141732513904571,0.234064981341362,0.7245855927467346,0.0731687396764755,0.7589860558509827,0.5041970610618591,0.5041970610618591,0.5041970610618591,0.3340394496917724,0.8166624903678894,0.97,0.97,0.95,0.98,0.97,0.97,0.99,0.98,0.97,0.95,0.95,0.98,0.98,0.98,0.95,0.95,0.95,0.95,0.98,0.95,0.96,0.95,1.0,0.99,1.0,0.99,1.0,1.0,0.99,0.99,0.98,0.98,0.99,0.99,0.98,0.99,0.99,1.0,1.0,1.0,1.0,1.0,1.0,1.0,0.97,0.97,0.97,0.96,0.97,0.95,0.97,0.97,0.96,0.96,0.96,0.96,0.96,0.98,0.98,0.98,0.98,0.98,0.9800000190734864,0.98,0.97,0.96,0.9800000190734864,0.98,0.96,0.9800000190734864,0.96,0.96,0.959999978542328,0.96,0.959999978542328,0.96,0.96,0.97,0.96,0.97,0.959999978542328,0.96,0.97,0.96,0.96,0.96,0.96,0.96,0.96,0.96,0.98,0.99,0.99,0.97,0.99,1.0,0.99,0.99,0.97,1.01
0.0907414825724103,0.757735193002764,0.3348901864265877,0.651544580647804,0.178256604662884,0.7932746335864385,0.0716963803852237,0.682225,0.5173712048192771,0.8652627118644067,0.1600799163362238,0.6505572987281296,0.058,0.7086698644025154,0.2802857896455575,0.6297250372593617,0.1296924265842349,0.6025884232935396,0.1309089996456832,0.4925697983014863,0.5221661941901016,0.921,0.1052967831492424,0.679022490978241,0.229298710823059,0.7080807685852051,0.2956648468971252,0.2956648468971252,0.2956648468971252,0.253736287355423,0.7463951110839844,0.0483156144618988,0.6804456114768982,0.437985897064209,0.6822823882102966,0.1409424692392349,0.7677778005599976,0.0683453306555748,0.6886394619941711,0.1427438259124755,0.8092818260192871,0.3357191979885101,0.3357191979885101,0.3357191979885101,0.2611397802829742,0.6725369095802307,0.0707861334085464,0.7508866786956787,0.467866837978363,0.467866837978363,0.467866837978363,0.3701605498790741,0.8015457987785339,0.97,0.97,0.96,0.98,0.98,0.97,0.99,0.98,0.98,0.96,0.96,0.98,0.98,0.98,0.96,0.96,0.96,0.96,0.98,0.96,0.97,0.96,1.0,1.0,1.0,1.0,1.0,1.0,0.99,0.99,0.98,0.98,0.99,0.99,0.98,0.99,0.99,1.0,1.0,1.0,1.0,1.0,1.0,1.0,0.98,0.98,0.98,0.97,0.98,0.96,0.98,0.98,0.97,0.97,0.96,0.97,0.97,0.98,0.98,0.98,0.98,0.98,0.9800000190734864,0.98,0.97,0.97,0.9800000190734864,0.98,0.97,0.9800000190734864,0.97,0.97,0.9700000286102296,0.97,0.9700000286102296,0.97,0.97,0.97,0.97,0.97,0.9700000286102296,0.97,0.97,0.97,0.97,0.96,0.96,0.96,0.96,0.96,0.98,0.99,0.99,0.97,0.99,1.0,0.99,0.99,0.97,1.01
0.0748888561610211,0.7299338531629119,0.5038158740872065,0.6168613862268518,0.2958364213839086,0.8415764170934135,0.0576650227970596,0.6648,0.4008778313253012,0.8485028248587569,0.1624733975336616,0.6281816127574407,0.025,0.6736351584252821,0.2875322665728856,0.658291067867296,0.1345981452859351,0.6906736124945592,0.1308630565725759,0.5789018046709131,0.590839148756353,0.888,0.1364682763814926,0.6443088054656982,0.3015442490577698,0.6854326128959656,0.3417846858501434,0.3417846858501434,0.3417846858501434,0.3068686425685882,0.724043071269989,0.0507697649300098,0.6472432017326355,0.424045205116272,0.6380311250686646,0.1936943978071212,0.7232763171195984,0.0992392599582672,0.6463426947593689,0.1611978709697723,0.8059113025665283,0.3670512735843658,0.3670512735843658,0.3670512735843658,0.285098522901535,0.627672016620636,0.0679086223244667,0.7756972312927246,0.4713633954524994,0.4713633954524994,0.4713633954524994,0.4570598304271698,0.7518195509910583,0.98,0.97,0.96,0.98,0.98,0.98,1.0,0.99,0.99,0.97,0.96,0.99,0.99,0.99,0.96,0.96,0.97,0.96,0.99,0.97,0.97,0.97,1.0,1.0,1.0,1.0,1.0,1.0,0.99,0.99,0.99,0.98,0.99,0.99,0.99,0.99,0.99,1.0,1.0,1.0,1.0,1.0,1.0,1.0,0.99,0.99,0.99,0.97,0.99,0.97,0.99,0.99,0.97,0.97,0.97,0.97,0.98,0.99,0.99,0.99,0.99,0.99,0.9900000095367432,0.99,0.98,0.98,0.9900000095367432,0.99,0.98,0.9900000095367432,0.97,0.98,0.9700000286102296,0.97,0.9700000286102296,0.97,0.97,0.97,0.97,0.97,0.9700000286102296,0.97,0.97,0.97,0.97,0.97,0.97,0.97,0.97,0.97,0.99,1.0,0.99,0.97,0.99,1.01,1.0,1.0,0.97,1.01
0.0884857142857142,0.5914664593498842,0.5915893932888016,0.4970196439655249,0.356518967369693,0.6583857716757903,0.061787661673025,0.5992999999999999,0.3918362048192771,0.4752711864406779,0.185807137565907,0.6274015753115114,0.039,0.5832717067213911,0.2900437338290336,0.6033863035675736,0.1565834621329211,0.5760941537455291,0.1359047183181765,0.5603102441613589,0.5399987093575992,0.716,0.1586474478244781,0.5835776925086975,0.3912372291088104,0.6264618039131165,0.3580576777458191,0.3580576777458191,0.3580576777458191,0.4254963994026184,0.6259744167327881,0.0559677258133888,0.6142349243164062,0.3937718570232391,0.5619545578956604,0.2445476800203323,0.607438862323761,0.1273877471685409,0.6061962842941284,0.1852075904607772,0.7963860630989075,0.4194508492946625,0.4194508492946625,0.4194508492946625,0.2823464572429657,0.5710991621017456,0.0669174194335937,0.7687353491783142,0.5063971281051636,0.5063971281051636,0.5063971281051636,0.4903670251369476,0.6275677680969238,0.98,0.98,0.97,0.99,0.98,0.98,1.0,1.0,0.99,0.98,0.97,1.0,1.0,1.0,0.97,0.97,0.98,0.97,1.0,0.98,0.98,0.97,1.0,1.0,1.0,1.0,1.0,1.0,0.99,0.99,0.99,0.99,0.99,0.99,0.99,0.99,1.0,1.01,1.01,1.01,1.01,1.01,1.01,1.01,0.99,0.99,0.99,0.98,0.99,0.97,0.99,0.99,0.98,0.98,0.98,0.98,0.98,1.0,1.0,1.0,1.0,1.0,1.0,1.0,0.98,0.98,1.0,1.0,0.98,1.0,0.98,0.98,0.9800000190734864,0.98,0.9800000190734864,0.98,0.98,0.97,0.98,0.97,0.9800000190734864,0.98,0.97,0.98,0.98,0.97,0.97,0.97,0.97,0.97,0.98,0.99,0.99,0.96,0.99,1.01,1.0,1.0,0.96,1.01
0.108060088365243,0.2182403128780993,0.6306649309029885,0.2102625275767963,0.4629379324756282,0.1566848622638177,0.0528222759839955,0.26,0.2970097590361445,0.2502966101694915,0.2905759728092728,0.1355040674026728,0.042,0.2723578356811708,0.3003463789595318,0.2909391180908467,0.1625314270994333,0.2310862277063222,0.1494844100625959,0.1232484076433121,0.5759274806091269,0.229,0.17753766477108,0.3637707233428955,0.4129924476146698,0.4706944227218628,0.3450393974781036,0.3450393974781036,0.3450393974781036,0.5180309414863586,0.2796107828617096,0.063610590994358,0.4682886600494385,0.3405441343784332,0.3034807741641998,0.2943832278251648,0.3251141011714935,0.1699680238962173,0.4394619166851043,0.2289807498455047,0.6939265131950378,0.4841620624065399,0.4841620624065399,0.4841620624065399,0.273373931646347,0.3439393043518066,0.0688834339380264,0.6639163494110107,0.5543953776359558,0.5543953776359558,0.5543953776359558,0.494365394115448,0.2756852507591247,0.98,0.98,0.98,0.99,0.98,0.98,1.01,1.0,1.0,0.98,0.97,1.0,1.0,1.0,0.97,0.97,0.98,0.97,1.0,0.98,0.98,0.97,0.98,0.98,0.98,0.98,0.98,0.98,0.99,0.99,0.99,0.98,0.98,0.98,0.99,0.98,0.99,0.98,0.98,0.98,0.98,0.98,0.98,0.98,1.0,1.0,1.0,0.99,1.0,0.98,1.0,1.0,0.98,0.99,0.98,0.98,0.98,1.0,1.0,1.0,1.0,1.0,1.0,1.0,0.99,0.98,1.0,1.0,0.99,1.0,0.99,0.99,0.9700000286102296,0.97,0.9700000286102296,0.97,0.97,0.97,0.97,0.97,0.9700000286102296,0.97,0.97,0.98,0.98,0.98,0.98,0.98,0.98,0.98,0.98,0.98,0.98,0.96,0.98,0.99,1.0,0.98,0.96,0.99
0.1945902798232695,0.0,0.6499040660830917,0.0162912685383542,0.479387547787961,0.0,0.041570484786452,0.0,0.2092082530120482,0.0,0.3749362499455314,0.0,0.462,0.0018776998437601,0.3245550252455475,0.106170005362014,0.2422109737248841,0.0,0.1751831227117042,0.0272892781316348,0.366645502922158,0.0,0.1994724720716476,0.0509184710681438,0.4650728702545166,0.1821643412113189,0.3343429267406463,0.3343429267406463,0.3343429267406463,0.4638069868087768,0.0198326930403709,0.0883636847138404,0.1439467817544937,0.2663199603557586,0.0353846065700054,0.3398350477218628,0.0279583316296339,0.2209137082099914,0.1110505238175392,0.2858644425868988,0.330916166305542,0.5008284449577332,0.5008284449577332,0.5008284449577332,0.2686000168323517,0.0533120706677436,0.0873104408383369,0.2974633276462555,0.6195688247680664,0.6195688247680664,0.6195688247680664,0.4733467698097229,0.0195974819362163,0.97,0.97,0.96,0.97,0.97,0.97,1.0,0.99,0.99,0.97,0.96,0.99,0.99,0.99,0.96,0.96,0.97,0.96,0.99,0.98,0.97,0.96,0.94,0.94,0.94,0.94,0.93,0.93,0.97,0.97,0.97,0.97,0.97,0.96,0.97,0.96,0.97,0.95,0.95,0.95,0.95,0.95,0.95,0.95,0.97,0.97,0.97,0.97,0.97,0.96,0.97,0.97,0.96,0.97,0.96,0.96,0.96,0.97,0.97,0.97,0.97,0.97,0.9700000286102296,0.97,0.96,0.96,0.9700000286102296,0.97,0.96,0.9700000286102296,0.97,0.96,0.959999978542328,0.96,0.959999978542328,0.96,0.96,0.94,0.96,0.95,0.959999978542328,0.96,0.95,0.96,0.96,0.97,0.97,0.97,0.97,0.97,0.96,0.96,0.96,0.94,0.95,0.96,0.99,0.96,0.94,0.96
0.2115633775159548,0.0,0.5938740209679179,0.0009665973050816,0.5657540516759124,0.0,0.0816478086907974,0.0,0.2100124096385542,0.0,0.3576846049936816,0.0,0.543,0.0,0.4257447310909593,0.0130731063327738,0.2440584750128799,0.0,0.2609839081138537,0.0024721337579617,0.2349165388462753,0.0,0.2405622154474258,0.0,0.4806070923805237,0.0045206090435385,0.3364835083484649,0.3364835083484649,0.3364835083484649,0.4587648808956146,0.0,0.1731169372797012,0.001167980954051,0.2564509809017181,0.0,0.3570042550563812,0.0,0.2495509535074234,0.0,0.4130219519138336,0.0306168850511312,0.4803758561611175,0.4803758561611175,0.4803758561611175,0.2930657863616943,0.0,0.1351964026689529,0.0247649922966957,0.6555407643318176,0.6555407643318176,0.6555407643318176,0.4820973873138428,0.0,0.95,0.95,0.94,0.96,0.95,0.95,0.96,0.96,0.97,0.96,0.95,0.96,0.96,0.96,0.94,0.94,0.95,0.94,0.96,0.97,0.95,0.94,0.91,0.91,0.91,0.91,0.9,0.9,0.93,0.93,0.95,0.95,0.95,0.95,0.95,0.95,0.95,0.91,0.9,0.9,0.9,0.9,0.9,0.9,0.93,0.93,0.94,0.93,0.94,0.92,0.93,0.94,0.93,0.93,0.93,0.92,0.93,0.95,0.95,0.95,0.95,0.95,0.949999988079071,0.95,0.93,0.93,0.949999988079071,0.95,0.94,0.949999988079071,0.94,0.93,0.8999999761581421,0.9,0.8999999761581421,0.9,0.9,0.89,0.9,0.9,0.8999999761581421,0.9,0.91,0.91,0.91,0.95,0.95,0.95,0.95,0.95,0.93,0.93,0.93,0.91,0.92,0.93,0.96,0.93,0.91,0.93
0.117294648993618,0.0,0.5080261421394728,0.0,0.4678864240053381,0.0,0.1019433330231692,0.0,0.2495065662650602,0.0,0.3235443374438973,0.0,0.804,0.0,0.4728947222989776,0.0,0.2655695517774343,0.0,0.2705411007440652,0.0,0.159700417997042,0.0,0.249955952167511,0.0,0.4721050262451172,0.0,0.3088582754135132,0.3088582754135132,0.3088582754135132,0.4990416169166565,0.0,0.2564550638198852,0.0,0.2354606091976165,0.0,0.3933609127998352,0.0,0.2861295044422149,0.0,0.4658101499080658,0.0,0.4978024959564209,0.4978024959564209,0.4978024959564209,0.2777067124843597,0.0,0.1470291763544082,0.0,0.6781404614448547,0.6781404614448547,0.6781404614448547,0.4999903738498688,0.0,0.92,0.92,0.89,0.92,0.92,0.92,0.92,0.93,0.93,0.93,0.92,0.93,0.93,0.93,0.91,0.92,0.93,0.91,0.93,0.95,0.93,0.92,0.89,0.89,0.9,0.89,0.89,0.89,0.91,0.91,0.94,0.94,0.94,0.93,0.94,0.93,0.93,0.88,0.88,0.88,0.88,0.88,0.88,0.87,0.88,0.88,0.89,0.89,0.88,0.88,0.88,0.89,0.89,0.89,0.89,0.88,0.89,0.88,0.88,0.88,0.88,0.88,0.8799999952316284,0.88,0.87,0.88,0.8799999952316284,0.88,0.88,0.8799999952316284,0.89,0.88,0.8799999952316284,0.88,0.8799999952316284,0.88,0.88,0.88,0.88,0.88,0.8799999952316284,0.88,0.88,0.89,0.89,0.92,0.91,0.91,0.91,0.91,0.92,0.92,0.92,0.9,0.91,0.92,0.95,0.92,0.9,0.92
0.1638702994599902,0.0,0.5146379046240384,0.0,0.5590565130370646,0.0,0.0745566204522192,0.0,0.2411206626506024,0.0,0.3164341365636847,0.0,0.042,0.0,0.4110273305031525,0.0,0.12106980937661,0.0,0.204832083382544,0.0,0.0735549608448361,0.0,0.2389299869537353,0.0,0.4198460578918457,0.0,0.2732508182525635,0.2732508182525635,0.2732508182525635,0.5641272068023682,0.0,0.2510231733322143,0.0,0.2279523909091949,0.0,0.429654985666275,0.0,0.2981480360031128,0.0,0.4244462549686432,0.0,0.4753100574016571,0.4753100574016571,0.4753100574016571,0.2343512326478958,0.0,0.1445677876472473,0.0,0.6413699388504028,0.6413699388504028,0.6413699388504028,0.5099785923957825,0.0,0.89,0.89,0.87,0.9,0.89,0.89,0.88,0.9,0.9,0.9,0.9,0.9,0.89,0.89,0.89,0.89,0.9,0.89,0.89,0.93,0.9,0.89,0.88,0.88,0.89,0.88,0.88,0.88,0.9,0.89,0.93,0.93,0.92,0.92,0.93,0.92,0.92,0.87,0.86,0.86,0.86,0.86,0.86,0.86,0.85,0.85,0.86,0.86,0.86,0.87,0.85,0.86,0.87,0.86,0.87,0.87,0.87,0.85,0.85,0.85,0.85,0.85,0.8500000238418579,0.85,0.84,0.84,0.8500000238418579,0.85,0.85,0.8500000238418579,0.85,0.85,0.8600000143051147,0.86,0.8600000143051147,0.86,0.86,0.86,0.86,0.87,0.8600000143051147,0.86,0.87,0.87,0.87,0.89,0.89,0.88,0.89,0.88,0.92,0.92,0.91,0.9,0.91,0.91,0.95,0.91,0.9,0.91
0.2036981836033382,0.0,0.5963956498554006,0.0,0.6285778057239509,0.0,0.0749101144505443,0.0,0.2505568072289156,0.0,0.3255952764826354,0.0,0.248,0.0,0.2382423070160014,0.0,0.0858956723338485,0.0,0.1706660269280737,0.0,0.0268779935778335,0.0,0.243505522608757,0.0,0.3645671606063843,0.0,0.2377291470766067,0.2377291470766067,0.2377291470766067,0.5838701128959656,0.0,0.2237490266561508,0.0,0.2612364292144775,0.0,0.4258314967155456,0.0,0.2962120771408081,0.0,0.3656565845012665,0.0,0.4211494028568268,0.4211494028568268,0.4211494028568268,0.17106594145298,0.0,0.1409910023212433,0.0,0.6128339767456055,0.6128339767456055,0.6128339767456055,0.5306065678596497,0.0,0.87,0.87,0.86,0.88,0.88,0.88,0.86,0.87,0.88,0.88,0.88,0.87,0.87,0.87,0.87,0.87,0.88,0.87,0.87,0.9,0.87,0.88,0.87,0.87,0.88,0.87,0.87,0.87,0.88,0.88,0.92,0.93,0.91,0.9,0.92,0.91,0.9,0.86,0.86,0.85,0.85,0.86,0.85,0.85,0.83,0.83,0.84,0.85,0.84,0.85,0.83,0.84,0.85,0.85,0.85,0.85,0.85,0.82,0.82,0.82,0.82,0.82,0.8199999928474426,0.82,0.82,0.82,0.8199999928474426,0.82,0.83,0.8199999928474426,0.82,0.82,0.8500000238418579,0.85,0.8500000238418579,0.85,0.85,0.85,0.85,0.86,0.8500000238418579,0.85,0.86,0.86,0.86,0.87,0.86,0.86,0.86,0.86,0.91,0.91,0.91,0.89,0.9,0.91,0.95,0.91,0.89,0.9
0.2637527736867943,0.0,0.5081103878801945,0.0,0.64884225951637,0.0,0.0583050153531218,0.0,0.288582469879518,0.0,0.3903190117216436,0.0,0.442,0.0,0.1389183350498631,0.0,0.0540695517774343,0.0,0.1514401204676981,0.0,0.0711760636546563,0.0,0.2356860488653183,0.0,0.3141111731529236,0.0,0.1820399463176727,0.1820399463176727,0.1820399463176727,0.5283889770507812,0.0,0.1969755142927169,0.0,0.3202919661998749,0.0,0.4234378635883331,0.0,0.2577054798603058,0.0,0.3168258666992187,0.0,0.3834774494171142,0.3834774494171142,0.3834774494171142,0.1311080753803253,0.0,0.1431063860654831,0.0,0.5916212201118469,0.5916212201118469,0.5916212201118469,0.5373644232749939,0.0,0.86,0.86,0.85,0.87,0.86,0.87,0.85,0.86,0.86,0.86,0.87,0.86,0.86,0.86,0.86,0.86,0.86,0.87,0.86,0.88,0.86,0.87,0.87,0.87,0.87,0.87,0.86,0.87,0.87,0.87,0.9,0.92,0.89,0.89,0.9,0.89,0.89,0.85,0.85,0.85,0.85,0.85,0.85,0.85,0.82,0.82,0.82,0.83,0.82,0.84,0.82,0.82,0.84,0.83,0.84,0.84,0.84,0.8,0.8,0.8,0.8,0.8,0.800000011920929,0.8,0.8,0.81,0.800000011920929,0.8,0.81,0.800000011920929,0.8,0.81,0.8399999737739563,0.84,0.8399999737739563,0.84,0.84,0.85,0.84,0.85,0.8399999737739563,0.84,0.85,0.85,0.85,0.85,0.85,0.84,0.85,0.84,0.9,0.9,0.9,0.88,0.89,0.9,0.94,0.9,0.88,0.9
0.2348634266077565,0.0,0.5287340602315477,0.0,0.6582138103938565,0.0,0.0837504419838094,0.0,0.4155968674698794,0.0,0.5111599198222145,0.0,0.0,0.0,0.1534695671833003,0.0,0.0548693972179289,0.0,0.1250415436400141,0.0,0.0872770383508358,0.0,0.2178423702716827,0.0,0.3041817247867584,0.0,0.1580648571252823,0.1580648571252823,0.1580648571252823,0.423068642616272,0.0,0.1678580343723297,0.0,0.3929155170917511,0.0,0.4038902223110199,0.0,0.2449859827756881,0.0,0.2737487852573395,0.0,0.2767685353755951,0.2767685353755951,0.2767685353755951,0.1031296998262405,0.0,0.1499642878770828,0.0,0.5552589893341064,0.5552589893341064,0.5552589893341064,0.52305006980896,0.0,0.85,0.85,0.85,0.86,0.86,0.86,0.83,0.84,0.85,0.86,0.87,0.84,0.84,0.84,0.86,0.86,0.86,0.86,0.84,0.87,0.85,0.86,0.87,0.87,0.87,0.87,0.86,0.86,0.86,0.86,0.89,0.91,0.88,0.88,0.9,0.88,0.88,0.86,0.85,0.85,0.85,0.85,0.84,0.85,0.81,0.81,0.81,0.82,0.81,0.83,0.81,0.81,0.83,0.82,0.83,0.83,0.83,0.78,0.78,0.78,0.78,0.78,0.7799999713897705,0.78,0.79,0.8,0.7799999713897705,0.78,0.8,0.7799999713897705,0.79,0.8,0.8399999737739563,0.84,0.8399999737739563,0.84,0.84,0.85,0.84,0.85,0.8399999737739563,0.84,0.85,0.85,0.85,0.84,0.83,0.83,0.83,0.83,0.9,0.9,0.9,0.88,0.89,0.91,0.93,0.9,0.88,0.9
0.2694731467844869,0.0,0.4813625349475519,0.0,0.4218211126138866,0.0,0.1023884805061877,0.0,0.4190956024096385,0.0,0.4954547474835505,0.0,0.014,0.0,0.2214898138611872,0.0,0.054048686244204,0.0,0.1105354021495216,0.0,0.1560876631347448,0.0,0.1932617872953415,0.0,0.297112375497818,0.0,0.1367742866277694,0.1367742866277694,0.1367742866277694,0.3115424811840057,0.0,0.1510780453681945,0.0,0.4633028209209442,0.0,0.3789106905460357,0.0,0.2272051721811294,0.0,0.2486160844564438,0.0,0.2169987857341766,0.2169987857341766,0.2169987857341766,0.07461429387331,0.0,0.1585236936807632,0.0,0.4908419251441955,0.4908419251441955,0.4908419251441955,0.4779123365879059,0.0,0.85,0.85,0.84,0.85,0.85,0.85,0.83,0.84,0.85,0.85,0.87,0.84,0.84,0.84,0.85,0.86,0.86,0.86,0.84,0.87,0.85,0.85,0.87,0.87,0.87,0.87,0.86,0.86,0.85,0.85,0.89,0.9,0.88,0.87,0.89,0.87,0.87,0.86,0.85,0.85,0.85,0.86,0.84,0.85,0.8,0.8,0.8,0.82,0.8,0.83,0.8,0.8,0.82,0.81,0.83,0.82,0.82,0.77,0.77,0.77,0.77,0.77,0.7699999809265137,0.77,0.78,0.79,0.7699999809265137,0.77,0.79,0.7699999809265137,0.79,0.79,0.8399999737739563,0.84,0.8399999737739563,0.84,0.84,0.85,0.84,0.85,0.8399999737739563,0.84,0.85,0.84,0.84,0.83,0.82,0.81,0.82,0.82,0.9,0.9,0.9,0.87,0.89,0.91,0.93,0.9,0.87,0.9
0.3459331369661267,0.0,0.3984398598483591,0.0,0.2101747974912056,0.0,0.1457719363543314,0.0,0.4942730722891566,0.0,0.3404577541505075,0.0,0.0,0.0,0.2101688311688312,0.0,0.025935857805255,0.0,0.1284342151883784,0.0,0.2858259017709919,0.0,0.1653049141168594,0.0,0.3218547999858856,0.0,0.1226646304130554,0.1226646304130554,0.1226646304130554,0.2338888645172119,0.0,0.1455243676900863,0.0,0.5180583000183105,0.0,0.3434711694717407,0.0,0.1908790171146392,0.0,0.2310071289539337,0.0,0.1620689630508422,0.1620689630508422,0.1620689630508422,0.0535232909023761,0.0,0.1576356589794159,0.0,0.4209506809711456,0.4209506809711456,0.4209506809711456,0.4163753986358642,0.0,0.84,0.84,0.84,0.85,0.85,0.85,0.83,0.85,0.85,0.86,0.87,0.85,0.84,0.84,0.86,0.86,0.86,0.86,0.84,0.88,0.85,0.86,0.87,0.87,0.87,0.87,0.87,0.87,0.85,0.85,0.88,0.9,0.87,0.86,0.89,0.87,0.87,0.86,0.86,0.86,0.86,0.86,0.85,0.86,0.8,0.8,0.8,0.82,0.8,0.83,0.8,0.8,0.82,0.81,0.83,0.82,0.82,0.76,0.76,0.76,0.76,0.76,0.7599999904632568,0.76,0.78,0.79,0.7599999904632568,0.76,0.79,0.7599999904632568,0.79,0.79,0.8399999737739563,0.84,0.8399999737739563,0.84,0.84,0.85,0.84,0.85,0.8399999737739563,0.84,0.85,0.85,0.85,0.83,0.82,0.81,0.82,0.82,0.9,0.91,0.9,0.88,0.9,0.92,0.92,0.9,0.88,0.91
0.3157374570446736,0.0,0.4020323040274228,0.0,0.1160502195510789,0.0,0.1868777333209267,0.0,0.5348980722891565,0.0,0.4066162795764521,0.0,0.007,0.0,0.1876232007837423,0.0,0.0200396702730551,0.0,0.1318490315341915,0.0,0.411706990567434,0.0,0.1385731697082519,0.0,0.2950828075408935,0.0,0.1283202171325683,0.1283202171325683,0.1283202171325683,0.1857186555862426,0.0,0.1357759237289428,0.0,0.5632169842720032,0.0,0.312948077917099,0.0,0.1696625500917434,0.0,0.2055069506168365,0.0,0.1159200370311737,0.1159200370311737,0.1159200370311737,0.0385199263691902,0.0,0.1639638245105743,0.0,0.4130626618862152,0.4130626618862152,0.4130626618862152,0.3549730479717254,0.0,0.85,0.85,0.85,0.85,0.85,0.86,0.84,0.85,0.86,0.87,0.89,0.85,0.85,0.85,0.87,0.87,0.87,0.87,0.85,0.88,0.87,0.87,0.88,0.89,0.89,0.88,0.88,0.88,0.85,0.86,0.89,0.9,0.87,0.87,0.89,0.87,0.87,0.87,0.87,0.87,0.87,0.87,0.87,0.87,0.8,0.8,0.8,0.82,0.8,0.83,0.8,0.81,0.83,0.82,0.84,0.83,0.83,0.76,0.76,0.76,0.76,0.76,0.7599999904632568,0.76,0.79,0.8,0.7599999904632568,0.76,0.8,0.7599999904632568,0.8,0.8,0.8500000238418579,0.85,0.8500000238418579,0.85,0.85,0.86,0.85,0.86,0.8500000238418579,0.85,0.86,0.86,0.86,0.83,0.83,0.82,0.83,0.82,0.9,0.91,0.91,0.88,0.9,0.92,0.93,0.91,0.88,0.92
0.4213530682376043,0.0,0.449811386288955,0.0,0.0553467556834611,0.0,0.2405283334884153,0.0,0.6154235542168675,0.0,0.7787393350472788,0.0,0.01,0.0,0.1744950136903715,0.0,0.0239374034003091,0.0,0.1325556867839848,0.0,0.4452806679980168,0.0,0.1067744940519332,0.0,0.2434378713369369,0.0,0.1204499006271362,0.1204499006271362,0.1204499006271362,0.1444742530584335,0.0,0.1294876486063003,0.0,0.6000134348869324,0.0,0.2755683064460754,0.0,0.1524723023176193,0.0,0.1824128329753875,0.0,0.1246857270598411,0.1246857270598411,0.1246857270598411,0.0345899015665054,0.0,0.1672101318836212,0.0,0.4140152931213379,0.4140152931213379,0.4140152931213379,0.3044457733631134,0.0,0.86,0.86,0.86,0.87,0.86,0.87,0.86,0.87,0.88,0.89,0.9,0.87,0.87,0.87,0.88,0.89,0.89,0.89,0.87,0.9,0.89,0.88,0.92,0.92,0.92,0.92,0.92,0.92,0.88,0.88,0.9,0.92,0.89,0.89,0.9,0.89,0.9,0.9,0.9,0.9,0.9,0.9,0.9,0.9,0.81,0.81,0.81,0.84,0.81,0.85,0.81,0.82,0.84,0.83,0.85,0.84,0.84,0.78,0.78,0.78,0.78,0.78,0.7799999713897705,0.78,0.8,0.82,0.7799999713897705,0.78,0.81,0.7799999713897705,0.81,0.81,0.8700000047683716,0.87,0.8700000047683716,0.87,0.87,0.88,0.87,0.88,0.8700000047683716,0.87,0.88,0.88,0.88,0.84,0.84,0.83,0.84,0.83,0.93,0.93,0.93,0.91,0.93,0.95,0.94,0.93,0.91,0.94
0.2665278350515464,0.0,0.4453585859355832,0.0,0.0924261663268519,0.0,0.2403754536149623,0.0,0.6833142771084337,0.0,0.8112062399233083,0.0,0.0,0.0,0.1703440930442865,0.0,0.0195886141164348,0.0,0.1355613853785284,0.0,0.5143889036565404,0.0,0.0764626339077949,0.0,0.2106180638074875,0.0,0.1545645147562027,0.1545645147562027,0.1545645147562027,0.1309255212545395,0.0001049258935381,0.1294583529233932,0.0,0.6081271171569824,0.0,0.2403718680143356,0.0,0.1251536458730697,0.0,0.1573792845010757,0.0,0.1519311815500259,0.1519311815500259,0.1519311815500259,0.0343933589756488,0.0,0.1694740653038025,0.0,0.4138765335083008,0.4138765335083008,0.4138765335083008,0.2841908037662506,0.0001974391780095,0.9,0.89,0.9,0.9,0.9,0.91,0.9,0.91,0.92,0.92,0.93,0.91,0.91,0.91,0.91,0.92,0.92,0.91,0.91,0.94,0.91,0.91,0.94,0.94,0.94,0.94,0.94,0.94,0.9,0.9,0.92,0.93,0.91,0.91,0.92,0.91,0.92,0.92,0.92,0.92,0.92,0.92,0.92,0.92,0.87,0.87,0.86,0.88,0.86,0.88,0.87,0.87,0.88,0.87,0.88,0.88,0.88,0.81,0.81,0.81,0.81,0.81,0.8100000023841858,0.81,0.83,0.84,0.8100000023841858,0.81,0.85,0.8100000023841858,0.85,0.85,0.9200000166893004,0.92,0.9200000166893004,0.92,0.92,0.93,0.92,0.93,0.9200000166893004,0.92,0.92,0.92,0.92,0.88,0.87,0.87,0.87,0.87,0.94,0.95,0.95,0.92,0.94,0.97,0.95,0.95,0.92,0.97
0.2169925380461463,0.0183667183631522,0.4440891495709268,0.0034441913291761,0.206957342172012,0.1353830346106304,0.3019851121243137,0.019525,0.6910401204819278,0.0307062146892655,0.7639148982526471,0.1140862870424171,0.0,0.0134223108332087,0.1659181340902811,0.0,0.0300929933024214,0.0366831877364959,0.1325705976142671,0.0,0.6165131856532118,0.01,0.0585840344429016,0.0465689860284328,0.2113878279924392,0.0,0.1858753114938736,0.1858753114938736,0.1858753114938736,0.1595271229743957,0.1009273082017898,0.1282127797603607,0.0099581973627209,0.5994921326637268,0.0720954611897468,0.2043436765670776,0.078532874584198,0.1105267480015754,0.0160995610058307,0.1459607481956482,3.431243749218993e-5,0.1830562055110931,0.1830562055110931,0.1830562055110931,0.0398115888237953,0.0449110195040702,0.1762108951807022,2.890984615078196e-5,0.421492338180542,0.421492338180542,0.421492338180542,0.2879322171211242,0.1122186481952667,0.91,0.91,0.91,0.92,0.91,0.92,0.93,0.94,0.94,0.94,0.95,0.94,0.94,0.94,0.94,0.94,0.94,0.94,0.94,0.96,0.94,0.93,0.95,0.96,0.95,0.95,0.95,0.95,0.92,0.92,0.94,0.95,0.93,0.92,0.94,0.93,0.93,0.93,0.93,0.93,0.93,0.93,0.93,0.93,0.89,0.89,0.89,0.9,0.89,0.9,0.89,0.89,0.9,0.9,0.9,0.9,0.9,0.84,0.84,0.84,0.84,0.84,0.8399999737739563,0.84,0.86,0.87,0.8399999737739563,0.84,0.88,0.8399999737739563,0.87,0.88,0.9399999976158142,0.94,0.9399999976158142,0.94,0.94,0.94,0.94,0.93,0.9399999976158142,0.94,0.93,0.93,0.93,0.9,0.9,0.9,0.9,0.9,0.95,0.96,0.96,0.93,0.96,0.98,0.96,0.97,0.93,0.98
0.1523357879234168,0.1723971750921849,0.4197959053161787,0.2979204045968854,0.2988951376778253,0.1196615972099593,0.3100927700753698,0.3286,0.5118421686746988,0.2145593220338982,0.6746343195781951,0.2812416553683258,0.0,0.2420152183018889,0.1625846416639453,0.122799320265319,0.0306076764554353,0.2194883366903391,0.1367232195582851,0.0624378980891719,0.6874428874170524,0.069,0.0438511706888675,0.4739750027656555,0.2659576833248138,0.1423080116510391,0.2434593439102172,0.2434593439102172,0.2434593439102172,0.1693491339683532,0.4319595694541931,0.1247305199503898,0.3244261443614959,0.5703045129776001,0.4563053548336029,0.1450054496526718,0.4558266103267669,0.0976886302232742,0.3760950863361358,0.1441295146942138,0.1462462693452835,0.1895495504140854,0.1895495504140854,0.1895495504140854,0.0454079955816268,0.4366354048252105,0.182403415441513,0.1965480297803878,0.4107051193714142,0.4107051193714142,0.4107051193714142,0.2585529685020447,0.4455173909664154,0.92,0.92,0.92,0.93,0.93,0.93,0.96,0.96,0.97,0.95,0.95,0.96,0.96,0.96,0.95,0.95,0.95,0.94,0.96,0.97,0.95,0.94,0.96,0.96,0.96,0.96,0.97,0.97,0.93,0.93,0.95,0.95,0.94,0.94,0.95,0.94,0.94,0.94,0.94,0.94,0.94,0.94,0.94,0.94,0.91,0.91,0.91,0.92,0.91,0.92,0.91,0.91,0.91,0.92,0.92,0.91,0.91,0.87,0.87,0.87,0.87,0.87,0.8700000047683716,0.87,0.89,0.89,0.8700000047683716,0.87,0.9,0.8700000047683716,0.9,0.9,0.9399999976158142,0.94,0.9399999976158142,0.94,0.94,0.94,0.94,0.94,0.9399999976158142,0.94,0.94,0.94,0.94,0.92,0.91,0.91,0.91,0.91,0.96,0.97,0.97,0.94,0.97,0.99,0.97,0.98,0.94,0.99
0.2093631811487481,0.4804231460597341,0.2461357537602774,0.5702505050117974,0.1983399354861965,0.1481041188416034,0.1800985391271982,0.706475,0.3341779518072289,0.5677485875706215,0.5226707046058652,0.4367963070566208,0.0,0.4970727463736683,0.1149140897786932,0.4099821809197701,0.0195904173106646,0.4200542649391381,0.137376284398252,0.1132452229299363,0.6701985630113374,0.544,0.021196860820055,0.8553925156593323,0.2615121006965637,0.5137162208557129,0.2916415333747864,0.2916415333747864,0.2916415333747864,0.1093133240938186,0.7013686895370483,0.1113500371575355,0.7971073389053345,0.4548602402210235,0.8210574388504028,0.096126414835453,0.7684943675994873,0.0763965174555778,0.838736355304718,0.1422200053930282,0.5620427131652832,0.1800828576087951,0.1800828576087951,0.1800828576087951,0.0431700646877288,0.8173122406005859,0.1804970949888229,0.6743797063827515,0.3587023913860321,0.3587023913860321,0.3587023913860321,0.1732002794742584,0.724685788154602,0.93,0.93,0.93,0.94,0.94,0.95,0.98,0.98,0.98,0.96,0.96,0.98,0.98,0.98,0.95,0.96,0.96,0.95,0.98,0.98,0.96,0.95,0.97,0.97,0.97,0.97,0.98,0.98,0.94,0.93,0.96,0.96,0.95,0.95,0.95,0.95,0.95,0.95,0.96,0.95,0.95,0.95,0.95,0.95,0.92,0.92,0.92,0.93,0.92,0.93,0.92,0.92,0.93,0.93,0.93,0.93,0.93,0.9,0.9,0.9,0.9,0.9,0.8999999761581421,0.9,0.91,0.91,0.8999999761581421,0.9,0.91,0.8999999761581421,0.91,0.91,0.949999988079071,0.95,0.949999988079071,0.95,0.95,0.95,0.95,0.95,0.949999988079071,0.95,0.94,0.94,0.94,0.93,0.93,0.92,0.93,0.92,0.97,0.98,0.98,0.95,0.98,1.0,0.97,0.99,0.95,1.0
0.0850859106529209,0.7547265561353405,0.2755928857076747,0.7723541416756163,0.3102504423750787,0.297016621048914,0.0393272541174281,0.8963749999999999,0.3710135542168674,0.555409604519774,0.3485455575406336,0.5557625734392149,0.0,0.7332478796799909,0.050608229294883,0.6907326092092254,0.010716640906749,0.6887296483946403,0.0856717255226172,0.2803572186836518,0.7317409465129938,0.6845,0.0121970549225807,0.8947686553001404,0.271589070558548,0.6909252405166626,0.3509407043457031,0.3509407043457031,0.3509407043457031,0.1157810688018798,0.7885736227035522,0.073399543762207,0.9425724744796752,0.4203771650791168,0.8953089714050293,0.0657029226422309,0.8382293581962585,0.0730971023440361,0.934726357460022,0.0897511914372444,0.8008894920349121,0.1563872396945953,0.1563872396945953,0.1563872396945953,0.0346054546535015,0.8820586800575256,0.1238243281841278,0.928876519203186,0.3097984790802002,0.3097984790802002,0.3097984790802002,0.1624217927455902,0.793549656867981,0.94,0.94,0.94,0.95,0.95,0.96,0.99,0.99,0.98,0.97,0.97,0.99,0.99,0.99,0.96,0.96,0.97,0.96,0.99,0.98,0.96,0.96,0.99,0.98,0.98,0.99,0.99,0.99,0.94,0.94,0.97,0.98,0.96,0.96,0.97,0.96,0.96,0.96,0.97,0.97,0.97,0.96,0.97,0.97,0.93,0.93,0.93,0.94,0.93,0.94,0.93,0.93,0.94,0.94,0.94,0.94,0.94,0.91,0.91,0.91,0.91,0.91,0.9100000262260436,0.91,0.92,0.92,0.9100000262260436,0.91,0.92,0.9100000262260436,0.92,0.93,0.949999988079071,0.95,0.949999988079071,0.95,0.95,0.95,0.95,0.95,0.949999988079071,0.95,0.95,0.95,0.95,0.94,0.94,0.93,0.94,0.93,0.97,0.98,0.98,0.95,0.98,1.0,0.98,0.99,0.95,1.01
0.0527218458517427,0.8732365362778536,0.3596879019433619,0.8271481164968242,0.3286814523772863,0.5225886676673143,0.0183480971433888,0.8930499999999999,0.3989675301204819,0.8141355932203389,0.1342154342237134,0.7205458389825037,0.0,0.7701922212629615,0.0762092240448139,0.7837786948674941,0.0014363730036063,0.8081973780514052,0.0877566729656312,0.5305708598726115,0.721318246727237,1.0,0.0142956310883164,0.9140671491622924,0.3067274093627929,0.720741868019104,0.3839368820190429,0.3839368820190429,0.3839368820190429,0.1316882520914077,0.8307923674583435,0.0586805865168571,0.9343898892402648,0.4133747816085815,0.906132161617279,0.0494940280914306,0.8689024448394775,0.0996870547533035,0.9390673041343688,0.0755140483379364,0.8247827291488647,0.1555670201778412,0.1555670201778412,0.1555670201778412,0.0413148216903209,0.9022561311721802,0.0677322000265121,0.9271244406700134,0.2389089465141296,0.2389089465141296,0.2389089465141296,0.2028969526290893,0.8243201971054077,0.96,0.96,0.95,0.97,0.96,0.97,1.0,0.99,0.99,0.97,0.97,0.99,0.99,0.99,0.96,0.96,0.97,0.96,0.99,0.98,0.97,0.96,1.0,0.99,0.99,0.99,1.0,1.0,0.95,0.95,0.98,0.98,0.97,0.97,0.97,0.97,0.97,0.97,0.98,0.98,0.98,0.98,0.98,0.98,0.94,0.94,0.94,0.95,0.94,0.95,0.94,0.94,0.95,0.95,0.95,0.95,0.95,0.93,0.93,0.93,0.93,0.93,0.9300000071525574,0.93,0.93,0.93,0.9300000071525574,0.93,0.93,0.9300000071525574,0.93,0.94,0.959999978542328,0.96,0.959999978542328,0.96,0.96,0.96,0.96,0.96,0.959999978542328,0.96,0.96,0.96,0.96,0.95,0.94,0.94,0.94,0.94,0.98,0.99,0.99,0.96,0.99,1.01,0.98,0.99,0.96,1.01
0.2173549337260678,0.8900447728633762,0.4307049694541117,0.846431149576317,0.3289811742922562,0.648283904291012,0.0353715455475946,0.8414249999999999,0.3443292168674698,0.8781412429378529,0.1254234171423591,0.8106338369165214,0.0,0.7508885363879709,0.1437193850636791,0.7742843911577102,0.000210200927357,0.7845376453446856,0.0935661096019841,0.7214869957537156,0.6714093781938897,1.0,0.0224989112466573,0.9245864152908324,0.32548388838768,0.7395032048225403,0.4109857678413391,0.4109857678413391,0.4109857678413391,0.1454453468322754,0.8462336659431458,0.0627852827310562,0.9117029309272766,0.4059957265853882,0.8895316123962402,0.0481764338910579,0.8815634846687317,0.164170429110527,0.931718111038208,0.0976806208491325,0.8013826608657837,0.1618391722440719,0.1618391722440719,0.1618391722440719,0.0584218427538871,0.897695004940033,0.0568823516368866,0.8761356472969055,0.1496321856975555,0.1496321856975555,0.1496321856975555,0.2615067064762115,0.8318074941635132,0.97,0.97,0.96,0.98,0.98,0.98,1.01,1.0,1.0,0.98,0.97,1.0,1.0,1.0,0.97,0.97,0.98,0.96,1.0,0.99,0.97,0.96,1.0,1.0,1.0,1.0,1.01,1.01,0.96,0.95,0.98,0.98,0.97,0.97,0.98,0.97,0.98,0.98,1.0,0.99,0.99,0.99,1.0,0.99,0.94,0.94,0.94,0.96,0.94,0.96,0.94,0.94,0.96,0.96,0.96,0.96,0.96,0.94,0.94,0.94,0.94,0.94,0.9399999976158142,0.94,0.94,0.94,0.9399999976158142,0.94,0.94,0.9399999976158142,0.94,0.94,0.9700000286102296,0.97,0.9700000286102296,0.97,0.97,0.97,0.97,0.96,0.9700000286102296,0.97,0.96,0.96,0.96,0.95,0.95,0.94,0.95,0.94,0.98,0.99,0.99,0.96,0.99,1.01,0.98,1.0,0.96,1.02
0.1876924889543446,0.8563814667573907,0.4303476278943419,0.7976143299803427,0.2629854709134416,0.8703915106833835,0.0311151949381222,0.8358749999999999,0.3969284337349398,0.7902514124293785,0.0842460237918863,0.8195976176641486,0.0,0.8304501292579769,0.1935991107538496,0.6966878458061392,0.0,0.8374179903290461,0.0995145565135231,0.7414936305732486,0.6449953261772998,0.9995,0.0388770289719104,0.9119794368743896,0.3159998655319214,0.7419041991233826,0.4165230989456177,0.4165230989456177,0.4165230989456177,0.1543831825256347,0.837231457233429,0.0724071264266967,0.884908139705658,0.3931046724319458,0.8640235662460327,0.062068585306406,0.8710439801216125,0.2699868381023407,0.9115787744522096,0.1414262652397155,0.7788828015327454,0.1251746863126754,0.1251746863126754,0.1251746863126754,0.0882282555103302,0.8796513080596924,0.0445698201656341,0.8335107564926147,0.0809495896100997,0.0809495896100997,0.0809495896100997,0.3353253006935119,0.8375589847564697,0.97,0.98,0.96,0.99,0.98,0.99,1.01,1.01,1.0,0.98,0.97,1.01,1.01,1.01,0.97,0.97,0.98,0.97,1.01,0.99,0.97,0.97,1.01,1.01,1.01,1.01,1.02,1.01,0.96,0.96,0.98,0.98,0.98,0.98,0.98,0.97,0.98,1.0,1.01,1.01,1.0,1.0,1.01,1.01,0.95,0.95,0.95,0.97,0.95,0.96,0.95,0.95,0.97,0.97,0.96,0.97,0.97,0.95,0.95,0.95,0.95,0.95,0.949999988079071,0.95,0.95,0.95,0.949999988079071,0.95,0.95,0.949999988079071,0.95,0.95,0.9700000286102296,0.97,0.9700000286102296,0.97,0.97,0.97,0.97,0.97,0.9700000286102296,0.97,0.97,0.97,0.97,0.96,0.95,0.95,0.95,0.95,0.98,0.99,0.99,0.96,0.99,1.01,0.98,1.0,0.96,1.02
0.2498700049091802,0.8429827248859277,0.4870467655423752,0.746883327708786,0.1825147118233892,0.916100388486668,0.030293756397134,0.809325,0.3816680120481928,0.9288502824858756,0.0505151422719944,0.8554549357608625,0.305,0.8503050961511038,0.2465261373056343,0.742169832933529,0.0091182380216383,0.822723143081541,0.1173923467580016,0.7859556794055204,0.6233832425613017,0.999,0.0636206567287445,0.8916675448417664,0.2743941247463226,0.7438317537307739,0.3835121989250183,0.3835121989250183,0.3835121989250183,0.1652593314647674,0.8112710118293762,0.0979466289281845,0.8604894876480103,0.3739542663097381,0.8474408984184265,0.0864442735910415,0.8535557389259338,0.3818860948085785,0.8855895400047302,0.1574497669935226,0.760364830493927,0.1120994687080383,0.1120994687080383,0.1120994687080383,0.1210943758487701,0.8576614260673523,0.0346264690160751,0.8068571090698242,0.0468377731740474,0.0468377731740474,0.0468377731740474,0.4125141203403473,0.8295820355415344,0.98,0.98,0.97,0.99,0.99,0.99,1.02,1.02,1.01,0.99,0.98,1.02,1.02,1.02,0.98,0.98,0.99,0.97,1.02,1.0,0.98,0.97,1.01,1.01,1.01,1.01,1.02,1.01,0.97,0.96,0.98,0.98,0.98,0.98,0.98,0.97,0.98,1.0,1.01,1.01,1.01,1.01,1.01,1.01,0.94,0.94,0.95,0.98,0.95,0.97,0.94,0.95,0.97,0.97,0.97,0.97,0.97,0.94,0.94,0.94,0.94,0.94,0.9399999976158142,0.94,0.95,0.95,0.9399999976158142,0.94,0.95,0.9399999976158142,0.95,0.95,0.9700000286102296,0.97,0.9700000286102296,0.97,0.97,0.97,0.97,0.97,0.9700000286102296,0.97,0.97,0.97,0.97,0.95,0.95,0.95,0.95,0.95,0.98,0.99,0.99,0.96,0.99,1.02,0.99,1.0,0.96,1.02
0.4345848797250859,0.8205642322906297,0.4148508486995221,0.7095220002819984,0.1604226179469416,0.938077344163871,0.0190662510468037,0.8278249999999999,0.3807990963855421,0.9516299435028248,0.0527204671227504,0.8459169410549421,0.0,0.7789811031045918,0.2826284759727699,0.7227423417313672,0.0752990726429675,0.8042978830248493,0.1372437404039211,0.8018850849256901,0.570843366235706,1.0,0.0980385690927505,0.8640297651290894,0.2509958446025848,0.7163872122764587,0.297920823097229,0.297920823097229,0.297920823097229,0.1749629378318786,0.7816599607467651,0.1227694228291511,0.8429901003837585,0.3360321521759033,0.8413588404655457,0.118248738348484,0.8440685272216797,0.452286034822464,0.8617944717407227,0.1704248487949371,0.7492598295211792,0.1078428849577903,0.1078428849577903,0.1078428849577903,0.1557451784610748,0.840072512626648,0.029987409710884,0.7928983569145203,0.0354840345680713,0.0354840345680713,0.0354840345680713,0.4702709317207336,0.8139116168022156,0.99,0.99,0.97,1.0,0.99,0.99,1.02,1.02,1.01,0.99,0.98,1.02,1.02,1.02,0.98,0.98,0.99,0.97,1.02,1.0,0.98,0.98,1.02,1.01,1.01,1.01,1.02,1.02,0.97,0.97,0.99,0.98,0.98,0.98,0.98,0.97,0.99,1.01,1.01,1.01,1.01,1.01,1.01,1.01,0.95,0.95,0.96,0.98,0.96,0.97,0.95,0.96,0.98,0.98,0.97,0.97,0.97,0.94,0.94,0.94,0.94,0.94,0.9399999976158142,0.94,0.95,0.95,0.9399999976158142,0.94,0.95,0.9399999976158142,0.95,0.95,0.9800000190734864,0.98,0.9800000190734864,0.98,0.98,0.97,0.98,0.97,0.9800000190734864,0.98,0.98,0.98,0.98,0.96,0.95,0.95,0.95,0.95,0.98,1.0,0.99,0.96,0.99,1.02,0.99,1.0,0.96,1.02
0.4830036327933235,0.8453289659470735,0.5375592778727348,0.6856777161232339,0.2931189580462835,0.9387151465654248,0.0166740485716944,0.78845,0.3649764457831325,0.9473474576271186,0.0152627129722427,0.8606050745690489,0.538,0.6386305012937181,0.2822114597201637,0.6517647048676314,0.2332944358578052,0.7785679375927377,0.1423976319829928,0.792267515923567,0.5629606921388255,0.986,0.131212905049324,0.8430524468421936,0.2887274026870727,0.6724377274513245,0.2290819883346557,0.2290819883346557,0.2290819883346557,0.1745248883962631,0.7572320103645325,0.1533466279506683,0.8207094669342041,0.2982847988605499,0.8301663398742676,0.1488378345966339,0.825154721736908,0.4929600954055786,0.8456516265869141,0.1737372428178787,0.7371253371238708,0.1138368770480156,0.1138368770480156,0.1138368770480156,0.1641553342342376,0.8276425004005432,0.0300824157893657,0.806652843952179,0.0188499726355075,0.0188499726355075,0.0188499726355075,0.517529308795929,0.790118932723999,0.99,0.99,0.98,1.0,1.0,1.0,1.03,1.02,1.02,0.99,0.98,1.02,1.02,1.02,0.98,0.98,0.98,0.98,1.02,1.0,0.98,0.98,1.02,1.01,1.01,1.01,1.02,1.02,0.98,0.98,0.99,0.98,0.98,0.98,0.98,0.98,0.99,1.01,1.02,1.02,1.02,1.02,1.02,1.02,0.95,0.95,0.96,0.98,0.96,0.98,0.95,0.95,0.98,0.98,0.98,0.98,0.98,0.94,0.94,0.94,0.94,0.94,0.9399999976158142,0.94,0.95,0.95,0.9399999976158142,0.94,0.95,0.9399999976158142,0.95,0.95,0.9800000190734864,0.98,0.9800000190734864,0.98,0.98,0.97,0.98,0.98,0.9800000190734864,0.98,0.98,0.98,0.98,0.96,0.96,0.95,0.96,0.95,0.99,1.0,1.0,0.97,0.99,1.02,0.99,1.0,0.97,1.02
0.5568640157093765,0.7448740996881421,0.5310723323726971,0.6215510832199969,0.285657322133416,0.75220810524457,0.0321697217828231,0.589025,0.3443542771084337,0.8266920903954802,0.0520411346899647,0.7352416230873522,0.957,0.6306694653178162,0.2738435027255143,0.5739846120069785,0.5359688304997424,0.6625732539375474,0.1501992736506437,0.6682823779193208,0.5187912457726329,0.8480000000000001,0.1750454157590866,0.8205642104148865,0.2781008183956146,0.6212642788887024,0.1863361895084381,0.1863361895084381,0.1863361895084381,0.1664697974920272,0.6602298021316528,0.2086992561817169,0.7946248650550842,0.2637384533882141,0.7876433730125427,0.1806382983922958,0.7630055546760559,0.5646566152572632,0.8266467452049255,0.1805569529533386,0.7160639762878418,0.1216298714280128,0.1216298714280128,0.1216298714280128,0.1862903982400894,0.807786226272583,0.0335255041718483,0.7841305732727051,0.0064927246421575,0.0064927246421575,0.0064927246421575,0.5510820150375366,0.685525119304657,0.99,0.99,0.98,1.0,1.0,1.0,1.03,1.02,1.02,0.99,0.99,1.02,1.02,1.02,0.98,0.98,0.99,0.98,1.02,1.0,0.98,0.98,1.02,1.02,1.02,1.02,1.02,1.02,0.99,0.98,0.99,0.98,0.98,0.98,0.98,0.98,0.99,1.01,1.02,1.02,1.02,1.02,1.02,1.02,0.95,0.95,0.96,0.98,0.96,0.98,0.95,0.95,0.98,0.98,0.98,0.98,0.98,0.94,0.94,0.94,0.94,0.94,0.9399999976158142,0.94,0.95,0.95,0.9399999976158142,0.94,0.95,0.9399999976158142,0.95,0.95,0.9800000190734864,0.98,0.9800000190734864,0.98,0.98,0.97,0.98,0.98,0.9800000190734864,0.98,0.98,0.98,0.98,0.96,0.96,0.96,0.96,0.96,0.99,1.0,1.0,0.97,0.99,1.01,0.99,1.0,0.97,1.02
0.5797630829651448,0.3224506457597526,0.5464659368821746,0.3342614926387022,0.2344528668995347,0.1751822576372947,0.0519810179585,0.220775,0.346679156626506,0.3379576271186441,0.0752956555841213,0.2099227839111627,0.95,0.3161367147916219,0.2674085005903187,0.2916690294474052,0.773740340030912,0.2802269161593497,0.1636364710050785,0.4497335456475585,0.5287267248964445,0.341,0.227054014801979,0.5896329879760742,0.3662414848804474,0.5092504620552063,0.1751387566328048,0.1751387566328048,0.1751387566328048,0.1499780416488647,0.3268986344337463,0.2392385303974151,0.6174843907356262,0.2412650436162948,0.5071623921394348,0.2080950886011123,0.4536581337451935,0.6022310256958008,0.6380546689033508,0.2170679569244384,0.6006883382797241,0.1324541568756103,0.1324541568756103,0.1324541568756103,0.1837670356035232,0.5765695571899414,0.0382042005658149,0.655337393283844,0.0060255043208599,0.0060255043208599,0.0060255043208599,0.5749288201332092,0.3340920507907867,0.99,0.99,0.98,1.0,1.0,1.0,1.03,1.02,1.02,0.99,0.99,1.02,1.02,1.02,0.98,0.98,0.99,0.98,1.02,1.0,0.99,0.99,1.0,1.0,1.0,1.0,1.0,1.0,0.99,0.98,0.98,0.98,0.97,0.97,0.98,0.97,0.98,0.99,0.99,0.99,0.99,0.99,0.99,0.99,0.96,0.96,0.96,0.98,0.97,0.98,0.96,0.96,0.98,0.98,0.98,0.98,0.98,0.94,0.94,0.94,0.94,0.94,0.9399999976158142,0.94,0.96,0.96,0.9399999976158142,0.94,0.95,0.9399999976158142,0.95,0.96,0.9800000190734864,0.98,0.9800000190734864,0.98,0.98,0.97,0.98,0.97,0.9800000190734864,0.98,0.98,0.98,0.98,0.96,0.96,0.96,0.96,0.96,0.98,0.99,0.99,0.97,0.99,1.0,0.99,0.99,0.97,1.0
0.6650935689739813,0.0,0.4460453795577044,0.035198140978462,0.3160363816369518,0.0,0.0672870568530752,0.0,0.3743419879518073,0.0,0.1730725521809229,0.0,0.017,0.0100102756719676,0.2340828204677334,0.1140854612191215,0.2353722308088614,0.0,0.1627204736034014,0.0725859872611465,0.3899104447331405,0.0,0.2819456160068512,0.09300497174263,0.3501662313938141,0.2033397257328033,0.1465803831815719,0.1465803831815719,0.1465803831815719,0.1905254423618316,0.0287573132663965,0.2530332207679748,0.1834205538034439,0.2410864531993866,0.0751044675707817,0.2362978607416153,0.0542096830904483,0.5896530151367188,0.1635151654481887,0.2514048814773559,0.2648647427558899,0.1421969980001449,0.1421969980001449,0.1421969980001449,0.2150217741727829,0.1067879125475883,0.0484552197158336,0.2886852622032165,0.0087339980527758,0.0087339980527758,0.0087339980527758,0.6344618797302246,0.0265507195144891,0.96,0.96,0.94,0.97,0.97,0.96,1.01,1.01,1.0,0.98,0.98,1.01,1.01,1.01,0.98,0.98,0.98,0.97,1.01,0.99,0.97,0.98,0.96,0.95,0.96,0.95,0.96,0.95,0.96,0.95,0.95,0.95,0.95,0.95,0.95,0.94,0.95,0.95,0.95,0.95,0.95,0.95,0.95,0.95,0.94,0.94,0.95,0.96,0.95,0.96,0.94,0.94,0.96,0.96,0.96,0.95,0.95,0.94,0.94,0.94,0.94,0.94,0.9399999976158142,0.94,0.95,0.95,0.9399999976158142,0.94,0.95,0.9399999976158142,0.95,0.95,0.959999978542328,0.96,0.959999978542328,0.96,0.96,0.94,0.96,0.95,0.959999978542328,0.96,0.96,0.96,0.96,0.94,0.94,0.94,0.94,0.94,0.96,0.96,0.96,0.94,0.95,0.96,0.98,0.96,0.94,0.97
0.7141488463426607,0.0,0.3614803676141376,0.0008114294903878,0.3745377150900345,0.0,0.1315714152786824,0.0,0.3691436746987951,0.0,0.3299618719769924,0.0,0.79,0.0,0.2228702303499209,0.0095041696281422,0.2897740855229264,0.0,0.1781522676272588,0.0077746815286624,0.2987128824847095,0.0,0.3969223499298095,0.0,0.3852098882198334,0.0069878846406936,0.0983952209353447,0.0983952209353447,0.0983952209353447,0.2934349775314331,0.0,0.2479891330003738,0.0002418260992271,0.3002826273441314,0.0,0.2813832461833954,0.0,0.5490587949752808,0.0,0.3283271491527557,0.0186268873512744,0.1390009969472885,0.1390009969472885,0.1390009969472885,0.2553147971630096,0.0,0.0845837816596031,0.0224950034171342,0.009457092732191,0.009457092732191,0.009457092732191,0.7003069519996643,0.0,0.92,0.92,0.91,0.93,0.93,0.92,0.98,0.98,0.98,0.97,0.97,0.98,0.98,0.98,0.97,0.97,0.97,0.97,0.98,0.98,0.96,0.97,0.92,0.92,0.92,0.92,0.92,0.92,0.92,0.92,0.92,0.93,0.91,0.91,0.93,0.91,0.92,0.92,0.92,0.92,0.92,0.92,0.92,0.92,0.91,0.91,0.92,0.95,0.92,0.94,0.91,0.92,0.94,0.94,0.93,0.92,0.93,0.92,0.92,0.92,0.92,0.92,0.9200000166893004,0.92,0.94,0.94,0.9200000166893004,0.92,0.94,0.9200000166893004,0.94,0.95,0.9100000262260436,0.91,0.9100000262260436,0.91,0.91,0.9,0.91,0.91,0.9100000262260436,0.91,0.91,0.92,0.92,0.92,0.92,0.92,0.92,0.92,0.92,0.92,0.92,0.9,0.91,0.92,0.95,0.92,0.9,0.92
0.5950587137947962,0.0,0.3800958741905113,0.0,0.3967206552619902,0.0,0.1299373778728947,0.0,0.3549911445783132,0.0,0.3344684299969497,0.0,0.365,0.0,0.2118248888442312,0.0,0.0202452344152498,0.0,0.2373627908350065,0.0,0.3992796882633296,0.0,0.4446330666542053,0.0,0.4112569689750671,0.0,0.0661139264702797,0.0661139264702797,0.0661139264702797,0.4213674068450928,0.0,0.2280449569225311,0.0,0.3116382956504822,0.0,0.3130210638046264,0.0,0.5237958431243896,0.0,0.3447779715061188,0.0,0.1335187703371048,0.1335187703371048,0.1335187703371048,0.2558995485305786,0.0,0.1052894219756126,0.0,0.0168577432632446,0.0168577432632446,0.0168577432632446,0.6832074522972107,0.0,0.9,0.9,0.89,0.9,0.9,0.89,0.95,0.95,0.96,0.96,0.96,0.95,0.95,0.95,0.95,0.95,0.96,0.96,0.95,0.97,0.95,0.95,0.9,0.9,0.9,0.89,0.89,0.89,0.89,0.88,0.9,0.91,0.89,0.88,0.91,0.88,0.89,0.9,0.9,0.9,0.9,0.9,0.9,0.9,0.89,0.89,0.9,0.92,0.9,0.91,0.89,0.9,0.9,0.91,0.91,0.9,0.9,0.86,0.86,0.86,0.86,0.86,0.8600000143051147,0.86,0.91,0.92,0.8600000143051147,0.86,0.92,0.8600000143051147,0.92,0.92,0.8799999952316284,0.88,0.8799999952316284,0.88,0.88,0.88,0.88,0.88,0.8799999952316284,0.88,0.88,0.88,0.88,0.89,0.89,0.89,0.89,0.89,0.89,0.9,0.9,0.88,0.89,0.9,0.92,0.9,0.88,0.89
0.558764261168385,0.0,0.3798107591095406,0.0,0.3894719201533433,0.0,0.1605415464780869,0.0,0.3662798795180723,0.0,0.2950244019347248,0.0,0.0,0.0,0.0790085407822351,0.0,0.0004028851107676,0.0,0.2067599208692571,0.0,0.2649773269834761,0.0,0.4235364496707916,0.0,0.3794183731079101,0.0,0.0599103346467018,0.0599103346467018,0.0599103346467018,0.4671800136566162,0.0,0.2101321071386337,0.0,0.2924297451972961,0.0,0.3514433205127716,0.0,0.5147400498390198,0.0,0.2875960171222687,0.0,0.1207978799939155,0.1207978799939155,0.1207978799939155,0.2351291477680206,0.0,0.112452283501625,0.0,0.0409069098532199,0.0409069098532199,0.0409069098532199,0.590400218963623,0.0,0.88,0.88,0.87,0.88,0.88,0.87,0.92,0.93,0.94,0.95,0.95,0.93,0.93,0.93,0.94,0.94,0.95,0.94,0.93,0.96,0.93,0.94,0.87,0.87,0.88,0.87,0.87,0.87,0.86,0.86,0.89,0.9,0.87,0.87,0.89,0.87,0.87,0.88,0.88,0.88,0.88,0.88,0.88,0.88,0.87,0.87,0.89,0.9,0.89,0.9,0.87,0.88,0.89,0.9,0.9,0.89,0.88,0.83,0.83,0.83,0.83,0.83,0.8299999833106995,0.83,0.89,0.91,0.8299999833106995,0.83,0.9,0.8299999833106995,0.9,0.9,0.8600000143051147,0.86,0.8600000143051147,0.86,0.86,0.87,0.86,0.86,0.8600000143051147,0.86,0.86,0.86,0.86,0.86,0.86,0.86,0.86,0.86,0.88,0.88,0.88,0.86,0.87,0.88,0.9,0.88,0.86,0.88
0.5587746686303388,0.0,0.3615205165782862,0.0,0.3801150511865158,0.0,0.0222476039825067,0.0,0.3395344578313253,0.0,0.290647261318576,0.0,0.208,0.0,0.0633874249541561,0.0,0.1243737764039155,0.0,0.2018974252982166,0.0,0.3050048302655124,0.0,0.3642903566360473,0.0,0.3935673534870147,0.0,0.0526331141591072,0.0526331141591072,0.0526331141591072,0.509053111076355,0.0,0.2033480405807495,0.0,0.2557455897331238,0.0,0.3792858123779297,0.0,0.4938021898269653,0.0,0.2357367873191833,0.0,0.1178529784083366,0.1178529784083366,0.1178529784083366,0.2169515937566757,0.0,0.1197827085852623,0.0,0.066765695810318,0.066765695810318,0.066765695810318,0.5000571608543396,0.0,0.86,0.86,0.87,0.86,0.86,0.86,0.9,0.92,0.92,0.94,0.94,0.92,0.91,0.91,0.93,0.93,0.94,0.94,0.91,0.95,0.92,0.93,0.86,0.86,0.86,0.86,0.86,0.86,0.84,0.84,0.87,0.88,0.86,0.85,0.87,0.85,0.86,0.86,0.87,0.87,0.87,0.87,0.87,0.87,0.86,0.86,0.88,0.89,0.89,0.89,0.86,0.87,0.88,0.89,0.89,0.88,0.88,0.82,0.82,0.82,0.82,0.82,0.8199999928474426,0.82,0.88,0.89,0.8199999928474426,0.82,0.89,0.8199999928474426,0.89,0.89,0.8399999737739563,0.84,0.8399999737739563,0.84,0.84,0.86,0.84,0.85,0.8399999737739563,0.84,0.85,0.85,0.85,0.84,0.84,0.83,0.84,0.83,0.86,0.87,0.87,0.84,0.85,0.87,0.89,0.87,0.84,0.86
0.6625622974963181,0.0,0.4432438041385478,0.0,0.6555124929068009,0.0,0.1112379268633106,0.0,0.2190818072289156,0.0,0.4415052943483376,0.0,0.0,0.0,0.058136727875606,0.0,0.1380922205048944,0.0,0.1712141254281327,0.0,0.2973007203161508,0.0,0.3159140646457672,0.0,0.3860580027103424,0.0,0.0409170575439929,0.0409170575439929,0.0409170575439929,0.5486776232719421,0.0,0.1832245290279388,0.0,0.2199249416589737,0.0,0.3941001296043396,0.0,0.4566296637058258,0.0,0.2086667269468307,0.0,0.1210284084081649,0.1210284084081649,0.1210284084081649,0.2286901473999023,0.0,0.1187108680605888,0.0,0.0794093906879425,0.0794093906879425,0.0794093906879425,0.4248940348625183,0.0,0.85,0.85,0.86,0.85,0.85,0.85,0.89,0.91,0.91,0.93,0.93,0.91,0.9,0.9,0.93,0.93,0.93,0.93,0.9,0.94,0.92,0.93,0.85,0.85,0.85,0.85,0.84,0.85,0.83,0.83,0.87,0.88,0.85,0.84,0.87,0.84,0.84,0.85,0.85,0.85,0.85,0.85,0.85,0.85,0.89,0.88,0.9,0.89,0.91,0.89,0.89,0.89,0.88,0.89,0.89,0.88,0.87,0.81,0.81,0.81,0.81,0.81,0.8100000023841858,0.81,0.87,0.89,0.8100000023841858,0.81,0.88,0.8100000023841858,0.88,0.88,0.8399999737739563,0.84,0.8399999737739563,0.84,0.84,0.85,0.84,0.85,0.8399999737739563,0.84,0.84,0.84,0.84,0.82,0.82,0.81,0.82,0.82,0.85,0.86,0.86,0.83,0.84,0.86,0.87,0.86,0.83,0.85
0.5549784977908689,0.0,0.574698102956369,0.0,0.7220673826030845,0.0,0.1578206941472038,0.0,0.2037218072289156,0.0,0.437177219050939,0.0,0.01,0.0,0.1001177120751588,0.0,0.1267367336424523,0.0,0.1109523443958899,0.0,0.2900761417425112,0.0,0.2747091650962829,0.0,0.3533759415149688,0.0,0.0336818732321262,0.0336818732321262,0.0336818732321262,0.5994024872779846,0.0,0.1730513870716095,0.0,0.1925953775644302,0.0,0.3561262190341949,0.0,0.4005187153816223,0.0,0.1933968812227249,0.0,0.130458801984787,0.130458801984787,0.130458801984787,0.2214480340480804,0.0,0.1254401057958603,0.0,0.1106391176581382,0.1106391176581382,0.1106391176581382,0.3562186658382416,0.0,0.85,0.85,0.86,0.85,0.85,0.84,0.89,0.9,0.91,0.93,0.93,0.9,0.9,0.9,0.92,0.92,0.93,0.93,0.9,0.93,0.92,0.93,0.84,0.84,0.85,0.84,0.84,0.84,0.82,0.82,0.86,0.87,0.84,0.83,0.86,0.83,0.83,0.84,0.84,0.84,0.84,0.84,0.84,0.84,0.93,0.92,0.93,0.89,0.93,0.89,0.93,0.91,0.88,0.89,0.89,0.88,0.88,0.79,0.79,0.79,0.79,0.79,0.7900000214576721,0.79,0.87,0.88,0.7900000214576721,0.79,0.88,0.7900000214576721,0.87,0.88,0.8299999833106995,0.83,0.8299999833106995,0.83,0.83,0.85,0.83,0.84,0.8299999833106995,0.83,0.84,0.84,0.84,0.81,0.8,0.8,0.81,0.8,0.84,0.85,0.85,0.82,0.84,0.86,0.87,0.86,0.82,0.84
0.4257932253313696,0.0,0.5524536795854259,0.0,0.7091133036423561,0.0,0.2306658602400669,0.0,0.1261025903614457,0.0,0.5107663514750098,0.0,0.0,0.0,0.3001816674621317,0.0,0.3871746522411129,0.0,0.1022806188732727,0.0,0.3112109431043748,0.0,0.2644653022289276,0.0,0.3555076420307159,0.0,0.0354031324386596,0.0354031324386596,0.0354031324386596,0.5741360783576965,0.0,0.1685895025730133,0.0,0.1610331386327743,0.0,0.311579167842865,0.0,0.37225541472435,0.0,0.2041710466146469,0.0,0.1326252222061157,0.1326252222061157,0.1326252222061157,0.1788410097360611,0.0,0.1398984938859939,0.0,0.1333605051040649,0.1333605051040649,0.1333605051040649,0.2848296463489532,0.0,0.84,0.84,0.85,0.84,0.84,0.84,0.89,0.9,0.91,0.94,0.94,0.9,0.9,0.9,0.93,0.93,0.93,0.93,0.9,0.93,0.92,0.93,0.84,0.84,0.84,0.84,0.83,0.83,0.81,0.81,0.85,0.87,0.83,0.82,0.85,0.82,0.83,0.83,0.83,0.83,0.83,0.83,0.84,0.83,0.94,0.93,0.94,0.9,0.94,0.89,0.94,0.93,0.89,0.9,0.89,0.89,0.88,0.79,0.79,0.79,0.79,0.79,0.7900000214576721,0.79,0.87,0.88,0.7900000214576721,0.79,0.88,0.7900000214576721,0.87,0.88,0.8199999928474426,0.82,0.8199999928474426,0.82,0.82,0.85,0.82,0.84,0.8199999928474426,0.82,0.84,0.83,0.84,0.8,0.79,0.79,0.79,0.79,0.84,0.85,0.85,0.81,0.83,0.85,0.87,0.85,0.81,0.84
0.3297279332351497,0.0,0.5461841865731007,0.0,0.5797108881679428,0.0,0.2017275518749418,0.0,0.0929472891566265,0.0,0.4717333652882478,0.0,0.0,0.0,0.5347675902434124,0.0,0.5511146316331789,0.0,0.1944049545293492,0.0,0.1964677840583311,0.0,0.2395914196968078,0.0,0.3298256993293762,0.0,0.0355391725897789,0.0355391725897789,0.0355391725897789,0.5408129096031189,0.0,0.1783496588468551,0.0,0.1296919286251068,0.0,0.2845837771892547,0.0,0.3530787825584411,0.0,0.218663215637207,0.0,0.1403275430202484,0.1403275430202484,0.1403275430202484,0.1789801269769668,0.0,0.1513768881559372,0.0,0.1406886428594589,0.1406886428594589,0.1406886428594589,0.2365786731243133,0.0,0.85,0.85,0.86,0.84,0.84,0.84,0.89,0.91,0.91,0.94,0.94,0.9,0.9,0.9,0.94,0.94,0.94,0.93,0.9,0.94,0.92,0.93,0.84,0.84,0.85,0.84,0.84,0.84,0.81,0.81,0.86,0.88,0.84,0.83,0.86,0.83,0.83,0.83,0.83,0.83,0.83,0.83,0.84,0.84,0.94,0.94,0.94,0.9,0.94,0.89,0.94,0.94,0.9,0.9,0.89,0.89,0.89,0.8,0.8,0.8,0.8,0.8,0.800000011920929,0.8,0.88,0.9,0.800000011920929,0.8,0.89,0.800000011920929,0.88,0.89,0.8299999833106995,0.83,0.8299999833106995,0.83,0.83,0.86,0.83,0.85,0.8299999833106995,0.83,0.84,0.84,0.84,0.8,0.79,0.79,0.79,0.79,0.85,0.86,0.86,0.82,0.84,0.86,0.87,0.86,0.82,0.84
0.3949357879234167,0.0,0.565788433323617,0.0,0.4774356638740967,0.0,0.1665457336931236,0.0,0.1198884337349397,0.0,0.5065510915508301,0.0,0.0,0.0,0.6207081564470347,0.0,0.5015025759917568,0.0,0.2688658615802528,0.0,0.2096580381581838,0.0,0.2136259973049163,0.0,0.3327336311340332,0.0,0.0338881015777587,0.0338881015777587,0.0338881015777587,0.4597595334053039,0.0,0.1784728020429611,0.0,0.1062079817056655,0.0,0.2382498979568481,0.0,0.3337413370609283,0.0,0.21743044257164,0.0,0.1472055464982986,0.1472055464982986,0.1472055464982986,0.1774004995822906,0.0,0.1602401286363601,0.0,0.1463513672351837,0.1463513672351837,0.1463513672351837,0.1969190388917923,0.0,0.86,0.85,0.87,0.85,0.85,0.85,0.91,0.92,0.93,0.95,0.95,0.92,0.92,0.92,0.94,0.95,0.95,0.94,0.92,0.95,0.93,0.94,0.86,0.86,0.86,0.86,0.85,0.85,0.82,0.82,0.86,0.89,0.85,0.84,0.86,0.84,0.84,0.83,0.84,0.84,0.84,0.83,0.84,0.84,0.94,0.94,0.94,0.91,0.94,0.9,0.94,0.94,0.91,0.92,0.9,0.9,0.9,0.81,0.81,0.81,0.81,0.81,0.8100000023841858,0.81,0.9,0.91,0.8100000023841858,0.81,0.9,0.8100000023841858,0.89,0.91,0.8399999737739563,0.84,0.8399999737739563,0.84,0.84,0.88,0.84,0.86,0.8399999737739563,0.84,0.85,0.84,0.84,0.8,0.8,0.8,0.8,0.8,0.86,0.87,0.87,0.83,0.85,0.87,0.89,0.87,0.83,0.86
0.3771083946980854,0.0,0.5341409218921656,0.0,0.354996874742253,0.0,0.1960236345026519,0.0,0.100179156626506,0.0,0.5945593707786831,0.0,0.0,0.0,0.6330212263558492,0.0,0.7031092220504895,0.0,0.3068678103224282,0.0,0.2142384552334779,0.0,0.199726790189743,0.0,0.3245163857936859,0.0,0.033121507614851,0.033121507614851,0.033121507614851,0.4060152769088745,0.0,0.1883783787488937,0.0,0.090926319360733,0.0,0.2218064814805984,0.0,0.3340658247470855,0.0,0.213754653930664,0.0,0.1543771177530288,0.1543771177530288,0.1543771177530288,0.1783540099859237,0.0,0.1743181496858596,0.0,0.1457947343587875,0.1457947343587875,0.1457947343587875,0.1629464328289032,0.0,0.87,0.87,0.88,0.87,0.87,0.87,0.93,0.94,0.94,0.96,0.96,0.94,0.94,0.93,0.96,0.96,0.96,0.95,0.94,0.96,0.94,0.95,0.89,0.89,0.89,0.89,0.89,0.89,0.84,0.84,0.89,0.91,0.88,0.87,0.89,0.87,0.87,0.85,0.87,0.87,0.87,0.86,0.87,0.87,0.94,0.94,0.94,0.93,0.94,0.92,0.94,0.95,0.92,0.93,0.92,0.91,0.91,0.83,0.83,0.83,0.83,0.83,0.8299999833106995,0.83,0.92,0.93,0.8299999833106995,0.83,0.92,0.8299999833106995,0.91,0.92,0.8500000238418579,0.85,0.8500000238418579,0.85,0.85,0.89,0.85,0.87,0.8500000238418579,0.85,0.87,0.86,0.86,0.82,0.81,0.81,0.82,0.81,0.88,0.89,0.89,0.85,0.88,0.9,0.91,0.89,0.85,0.9
0.4988938635247913,0.0,0.5778513536249998,0.0,0.3075049581881748,0.0,0.2830941658137154,0.0,0.1262309638554216,0.0,0.4550958647435618,0.0,0.032,0.0,0.6147403602200507,0.0,0.5262995878413189,0.0,0.3245435219085864,0.0,0.2190248012695236,0.0,0.1897477060556411,0.0,0.3125972151756286,0.0,0.027647640556097,0.027647640556097,0.027647640556097,0.348837673664093,0.000392864778405,0.1967598646879196,0.0,0.0816617831587791,0.0,0.2160983234643936,0.0,0.334614485502243,0.0,0.2225443124771118,0.0,0.159330278635025,0.159330278635025,0.159330278635025,0.1967235058546066,0.0,0.186907559633255,0.0,0.150012195110321,0.150012195110321,0.150012195110321,0.1398918479681015,0.0006243023090064,0.92,0.92,0.93,0.92,0.92,0.92,0.95,0.96,0.96,0.97,0.97,0.96,0.96,0.96,0.97,0.97,0.97,0.96,0.96,0.97,0.96,0.96,0.91,0.91,0.92,0.91,0.91,0.91,0.88,0.87,0.93,0.95,0.92,0.92,0.93,0.92,0.91,0.89,0.9,0.91,0.9,0.9,0.91,0.91,0.96,0.96,0.96,0.95,0.96,0.94,0.96,0.96,0.94,0.96,0.94,0.94,0.94,0.85,0.85,0.85,0.85,0.85,0.8500000238418579,0.85,0.94,0.95,0.8500000238418579,0.85,0.94,0.8500000238418579,0.93,0.94,0.8799999952316284,0.88,0.8799999952316284,0.88,0.88,0.92,0.88,0.9,0.8799999952316284,0.88,0.9,0.89,0.89,0.85,0.85,0.84,0.85,0.85,0.91,0.92,0.91,0.88,0.9,0.93,0.93,0.92,0.88,0.93
0.3048681394207167,0.0437028934649692,0.5376385086343377,0.0049545652641466,0.2394062368192106,0.2710386279357232,0.2564901833069694,0.03265,0.1196159638554216,0.1115621468926553,0.311740555144015,0.173532765188198,0.474,0.0212678813001452,0.602752618754553,0.000994395558349,0.4383485316846987,0.0560697592438699,0.3491742057399316,0.0,0.2150640584582311,0.109,0.1741822659969329,0.0549036413431167,0.3024487197399139,0.0,0.0203698985278606,0.0203698985278606,0.0203698985278606,0.2921053469181061,0.1432872116565704,0.2075410783290863,0.0116246398538351,0.0782924965023994,0.0845535919070243,0.2271566241979599,0.0876096040010452,0.3245614767074585,0.0186601001769304,0.2341196984052658,0.0001581902324687,0.1697773933410644,0.1697773933410644,0.1697773933410644,0.2089526802301406,0.0515357665717601,0.1866512894630432,0.0002337708574486,0.1554104685783386,0.1554104685783386,0.1554104685783386,0.119444228708744,0.1617849022150039,0.94,0.94,0.94,0.94,0.94,0.94,0.97,0.97,0.98,0.98,0.98,0.97,0.97,0.97,0.97,0.98,0.98,0.97,0.97,0.98,0.97,0.97,0.92,0.92,0.92,0.92,0.93,0.92,0.91,0.9,0.96,0.97,0.95,0.94,0.95,0.94,0.93,0.91,0.92,0.93,0.92,0.91,0.93,0.93,0.97,0.97,0.97,0.97,0.97,0.97,0.97,0.98,0.96,0.97,0.96,0.96,0.96,0.89,0.89,0.89,0.89,0.89,0.8899999856948853,0.89,0.96,0.96,0.8899999856948853,0.89,0.96,0.8899999856948853,0.95,0.96,0.8899999856948853,0.89,0.8899999856948853,0.89,0.89,0.92,0.89,0.91,0.8899999856948853,0.89,0.91,0.91,0.91,0.88,0.88,0.88,0.88,0.88,0.93,0.94,0.93,0.9,0.92,0.95,0.96,0.93,0.9,0.95
0.2561765341188022,0.5566841238031813,0.4850454388737324,0.3072769078983388,0.1535701024077512,0.8578560392018366,0.2726893086442728,0.4705,0.0784056626506024,0.6463502824858757,0.2632121225325722,0.6884507392342953,0.767,0.4351024636742386,0.6787956743449974,0.1286074543445868,0.4195798557444616,0.5209220187479243,0.362383134522263,0.1289795647558386,0.1637600217618306,0.7090000000000001,0.1692299097776413,0.5156551003456116,0.2874953746795654,0.1315397024154663,0.0204481687396764,0.0204481687396764,0.0204481687396764,0.1696345210075378,0.4855299890041351,0.2180901616811752,0.3064625561237335,0.0714583843946456,0.4825236201286316,0.2208826541900634,0.4546153247356415,0.2938168048858642,0.382577121257782,0.2380317151546478,0.127551257610321,0.1782392114400863,0.1782392114400863,0.1782392114400863,0.215111956000328,0.4849937856197357,0.1833059936761856,0.171444296836853,0.1814700216054916,0.1814700216054916,0.1814700216054916,0.0806480944156646,0.4999298751354217,0.96,0.96,0.96,0.96,0.96,0.96,1.0,1.0,0.99,0.99,0.98,1.0,1.0,1.0,0.98,0.98,0.99,0.98,1.0,0.99,0.97,0.98,0.93,0.93,0.93,0.93,0.94,0.94,0.93,0.92,0.96,0.98,0.95,0.95,0.96,0.95,0.94,0.92,0.93,0.94,0.93,0.93,0.94,0.94,0.98,0.98,0.98,0.99,0.98,0.98,0.98,0.98,0.98,0.99,0.97,0.97,0.97,0.91,0.91,0.91,0.91,0.91,0.9100000262260436,0.91,0.97,0.97,0.9100000262260436,0.91,0.97,0.9100000262260436,0.96,0.97,0.9200000166893004,0.92,0.9200000166893004,0.92,0.92,0.94,0.92,0.93,0.9200000166893004,0.92,0.93,0.93,0.93,0.89,0.9,0.89,0.9,0.89,0.94,0.95,0.94,0.91,0.93,0.97,0.97,0.94,0.91,0.97
0.1504901325478645,0.8946620049141314,0.4657146646720144,0.7088319525526254,0.1081565941422469,0.9880133983754196,0.1233211128687075,0.9144249999999998,0.0238055421686746,0.9954237288135592,0.1702956120092379,0.9238388210988442,0.459,0.8862335334867933,0.6359370242909896,0.4835125130992103,0.3948160741885627,0.8739542241817363,0.3466174264792725,0.549593949044586,0.1332829899867508,1.0,0.1118287742137909,0.8892810940742493,0.2561292350292206,0.4663648903369903,0.0215109679847955,0.0215109679847955,0.0215109679847955,0.1024780049920082,0.7063689231872559,0.1868093162775039,0.7262951731681824,0.0456385351717472,0.8213475942611694,0.1556179374456405,0.7509719729423523,0.2297437340021133,0.8067988753318787,0.2233029454946518,0.4288961589336395,0.1847772896289825,0.1847772896289825,0.1847772896289825,0.1816620528697967,0.8769094944000244,0.1701846271753311,0.4894888997077942,0.1841170489788055,0.1841170489788055,0.1841170489788055,0.0441240444779396,0.6997025012969971,0.97,0.97,0.97,0.97,0.97,0.97,1.01,1.0,1.0,0.99,0.99,1.0,1.0,1.0,0.98,0.99,0.99,0.98,1.0,0.99,0.98,0.98,0.94,0.94,0.94,0.94,0.95,0.95,0.94,0.93,0.97,0.98,0.96,0.96,0.96,0.96,0.95,0.94,0.95,0.95,0.94,0.94,0.95,0.95,0.98,0.98,0.99,1.0,0.99,0.99,0.98,0.99,0.99,1.0,0.99,0.99,0.99,0.92,0.92,0.92,0.92,0.92,0.9200000166893004,0.92,0.98,0.98,0.9200000166893004,0.92,0.98,0.9200000166893004,0.97,0.98,0.9399999976158142,0.94,0.9399999976158142,0.94,0.94,0.96,0.94,0.95,0.9399999976158142,0.94,0.95,0.95,0.95,0.9,0.91,0.9,0.91,0.9,0.95,0.95,0.95,0.93,0.94,0.98,0.97,0.95,0.93,0.99
0.3998372115856651,0.924361907077584,0.5921276410904366,0.8252142824773534,0.0991642197164759,0.9955196009182414,0.0586267795663906,0.98165,0.0284460843373494,0.9972203389830508,0.092789794762299,0.9818906320614628,0.373,0.9298979183160851,0.569738626943656,0.7151227929201128,0.562401854714065,0.9146343341008862,0.2699100625959608,0.8343564225053081,0.1335170731294628,1.0,0.1501914709806442,0.9293639063835144,0.2276794910430908,0.641849935054779,0.0226676613092422,0.0226676613092422,0.0226676613092422,0.0778717026114463,0.787438690662384,0.1502579450607299,0.8578144907951355,0.0380483940243721,0.8803313374519348,0.1745691299438476,0.8254567384719849,0.2847906351089477,0.9022329449653624,0.1827381700277328,0.6048352718353271,0.1837574392557144,0.1837574392557144,0.1837574392557144,0.1934726983308792,0.9321480393409728,0.1016782820224762,0.6533575057983398,0.1952040493488311,0.1952040493488311,0.1952040493488311,0.0354020074009895,0.7548575401306152,0.99,0.99,0.99,0.99,0.99,0.99,1.02,1.01,1.01,1.0,0.99,1.01,1.01,1.01,0.99,0.99,1.0,0.98,1.01,1.0,0.98,0.99,0.95,0.95,0.95,0.95,0.96,0.96,0.95,0.94,0.97,0.98,0.97,0.96,0.97,0.96,0.96,0.95,0.96,0.96,0.95,0.95,0.96,0.96,0.99,0.99,0.99,1.01,0.99,1.0,0.99,0.99,1.0,1.01,0.99,0.99,1.0,0.93,0.93,0.93,0.93,0.93,0.9300000071525574,0.93,0.98,0.98,0.9300000071525574,0.93,0.98,0.9300000071525574,0.97,0.98,0.959999978542328,0.96,0.959999978542328,0.96,0.96,0.97,0.96,0.96,0.959999978542328,0.96,0.96,0.96,0.96,0.91,0.92,0.91,0.92,0.91,0.96,0.96,0.96,0.94,0.95,0.99,0.98,0.96,0.94,0.99
0.4861785959744722,0.9340300653778946,0.6053378550133327,0.8616101413381285,0.1394066331613891,0.9947538407204664,0.0323719177444868,0.973375,0.0516185542168674,0.9958898305084743,0.19102941304632,0.9717890761185356,0.122,0.9054609213954232,0.5208889195910473,0.6729458033783602,0.6903539412673879,0.9378535336535126,0.2874759655131688,0.5669368365180468,0.1288874816492864,1.0,0.2352785468101501,0.9309765696525574,0.2185047566890716,0.6789276599884033,0.0232239998877048,0.0232239998877048,0.0232239998877048,0.0933627486228942,0.8446661829948425,0.1488977074623108,0.8663989901542664,0.0547239109873771,0.8961565494537354,0.2536870241165161,0.8652410507202148,0.3527801036834717,0.9114417433738708,0.183032602071762,0.6512767672538757,0.1839102804660797,0.1839102804660797,0.1839102804660797,0.2170125991106033,0.9452627301216124,0.0715705826878547,0.6762219071388245,0.2050651311874389,0.2050651311874389,0.2050651311874389,0.0347946994006633,0.7987369298934937,1.0,1.0,1.0,1.0,1.0,1.0,1.02,1.02,1.01,1.0,1.0,1.02,1.02,1.02,0.99,0.99,1.0,0.99,1.02,1.01,0.99,0.99,0.96,0.96,0.95,0.96,0.97,0.96,0.96,0.95,0.98,0.98,0.97,0.97,0.97,0.97,0.97,0.97,0.97,0.96,0.96,0.97,0.97,0.97,0.99,0.99,1.0,1.01,1.0,1.01,0.99,1.0,1.01,1.01,1.0,1.0,1.0,0.94,0.94,0.94,0.94,0.94,0.9399999976158142,0.94,0.99,0.98,0.9399999976158142,0.94,0.98,0.9399999976158142,0.97,0.98,0.9700000286102296,0.97,0.9700000286102296,0.97,0.97,0.98,0.97,0.97,0.9700000286102296,0.97,0.97,0.97,0.97,0.92,0.93,0.92,0.92,0.92,0.96,0.97,0.96,0.94,0.96,1.0,0.98,0.96,0.94,1.01
0.5064257241040746,0.9167498177066254,0.642124239675581,0.8471380431060326,0.1872528383117363,0.9934348401907118,0.0286856797245743,0.941425,0.0904896987951807,0.9834858757062144,0.2473434572312519,0.9611949125185616,0.0,0.9144470322961468,0.4924636891155266,0.5771772417678935,0.7832065945388974,0.9268477664599316,0.3097885614739578,0.8210087579617836,0.1143738389577348,1.0,0.305139809846878,0.9410889148712158,0.2295001149177551,0.6975177526473999,0.0273745022714138,0.0273745022714138,0.0273745022714138,0.1260038465261459,0.8769912719726562,0.1526922434568405,0.8611588478088379,0.080498494207859,0.8968058228492737,0.3439202010631561,0.8851474523544312,0.4290163516998291,0.9174314737319946,0.188714787364006,0.6731507778167725,0.1739101409912109,0.1739101409912109,0.1739101409912109,0.2604506909847259,0.9477244019508362,0.0707343518733978,0.7019944787025452,0.2198337465524673,0.2198337465524673,0.2198337465524673,0.0379633903503418,0.8259525895118713,1.01,1.01,1.01,1.01,1.01,1.01,1.03,1.02,1.02,1.0,1.0,1.02,1.02,1.02,1.0,1.0,1.0,0.99,1.02,1.01,0.99,1.0,0.96,0.96,0.96,0.97,0.97,0.97,0.96,0.96,0.98,0.98,0.98,0.97,0.98,0.97,0.98,0.97,0.97,0.97,0.97,0.97,0.98,0.98,1.0,1.0,1.01,1.02,1.01,1.02,1.0,1.01,1.01,1.02,1.01,1.01,1.01,0.95,0.95,0.95,0.95,0.95,0.949999988079071,0.95,0.99,0.99,0.949999988079071,0.95,0.99,0.949999988079071,0.98,0.99,0.9800000190734864,0.98,0.9800000190734864,0.98,0.98,0.99,0.98,0.98,0.9800000190734864,0.98,0.97,0.97,0.97,0.93,0.93,0.93,0.93,0.92,0.96,0.97,0.96,0.94,0.96,1.0,0.98,0.96,0.94,1.01
0.4817050564555719,0.9251079694044532,0.6915601658754986,0.8248571671639772,0.2236111722171614,0.9917996203425749,0.0346051921466455,0.8463749999999999,0.1084130120481927,0.9492062146892654,0.3190177785524424,0.9402716443927948,0.957,0.919035576072773,0.4584712502197995,0.5503961129943438,0.8236594538897477,0.9261973440150948,0.2959365477737097,0.5500092887473462,0.1274349908295927,1.0,0.3795478045940399,0.9311306476593018,0.2355396151542663,0.6846652626991272,0.0272797718644142,0.0272797718644142,0.0272797718644142,0.1547234654426574,0.8880633115768433,0.1517762541770935,0.8372052907943726,0.0988704338669776,0.8761135339736938,0.4374266564846039,0.8985044956207275,0.5164440274238586,0.893065333366394,0.20709028840065,0.6646745800971985,0.1635652780532837,0.1635652780532837,0.1635652780532837,0.3229988515377044,0.9351803064346312,0.0714076384902,0.7210325598716736,0.2323065102100372,0.2323065102100372,0.2323065102100372,0.045745812356472,0.8375449180603027,1.01,1.01,1.01,1.02,1.02,1.02,1.03,1.03,1.02,1.0,1.0,1.03,1.03,1.03,1.0,1.0,1.0,0.99,1.03,1.01,0.99,1.0,0.97,0.97,0.97,0.97,0.98,0.98,0.97,0.96,0.99,0.98,0.98,0.98,0.98,0.97,0.98,0.98,0.98,0.98,0.98,0.98,0.98,0.98,1.01,1.01,1.02,1.02,1.02,1.02,1.01,1.01,1.02,1.02,1.02,1.02,1.01,0.95,0.95,0.95,0.95,0.95,0.949999988079071,0.95,1.0,0.99,0.949999988079071,0.95,0.99,0.949999988079071,0.98,0.99,0.9800000190734864,0.98,0.9800000190734864,0.98,0.98,0.99,0.98,0.98,0.9800000190734864,0.98,0.98,0.97,0.98,0.93,0.93,0.93,0.93,0.93,0.96,0.97,0.97,0.94,0.96,1.01,0.98,0.97,0.94,1.02
0.5093798723613158,0.9370814606426768,0.6532266552444678,0.8148463445938547,0.2879908315745977,0.9916583966095712,0.0477419745045128,0.7392749999999999,0.1291421084337349,0.9440649717514122,0.3560493267680508,0.9186423913745236,0.983,0.9002065529073311,0.497726142329624,0.5790632376225426,0.5988730036063885,0.9237191432137156,0.3175973780559821,0.6850889065817412,0.1300185844338614,1.0,0.4567188620567322,0.9168218970298768,0.2480640709400177,0.6718372702598572,0.0201095435768365,0.0201095435768365,0.0201095435768365,0.1971092522144317,0.885692298412323,0.1642951220273971,0.801970362663269,0.1124969869852066,0.8654384613037109,0.5450662970542908,0.8919387459754944,0.586463212966919,0.8664708137512207,0.2324223518371582,0.6506313681602478,0.1563361287117004,0.1563361287117004,0.1563361287117004,0.3568549156188965,0.907741904258728,0.0789317786693573,0.7074778079986572,0.2293270826339721,0.2293270826339721,0.2293270826339721,0.0537000112235546,0.8313090801239014,1.02,1.02,1.01,1.02,1.02,1.02,1.03,1.03,1.02,1.0,1.0,1.03,1.03,1.03,1.0,1.0,1.0,0.99,1.03,1.01,0.99,1.0,0.98,0.98,0.97,0.98,0.99,0.98,0.98,0.97,0.99,0.99,0.98,0.98,0.99,0.98,0.99,0.99,0.98,0.98,0.98,0.99,0.99,0.99,1.02,1.02,1.02,1.02,1.02,1.03,1.02,1.02,1.02,1.02,1.02,1.02,1.02,0.96,0.96,0.96,0.96,0.96,0.959999978542328,0.96,1.0,0.99,0.959999978542328,0.96,1.0,0.959999978542328,0.99,1.0,0.9800000190734864,0.98,0.9800000190734864,0.98,0.98,0.98,0.98,0.98,0.9800000190734864,0.98,0.98,0.98,0.98,0.94,0.94,0.94,0.94,0.93,0.97,0.98,0.97,0.96,0.97,1.01,0.98,0.98,0.96,1.02
0.5166606774668632,0.8965999792405274,0.682464830411856,0.7967193089673353,0.3007437356171193,0.9905114559420805,0.0445804410533171,0.8325499999999999,0.1375302409638554,0.9505988700564972,0.4089011721643644,0.8650902576021692,0.954,0.8702437385382328,0.5744081237911025,0.63682197517251,0.7793292117465226,0.9197664946216212,0.365646952875871,0.6737083333333335,0.1459399937575397,1.0,0.5270013213157654,0.8899020552635193,0.2484724223613739,0.6485428810119629,0.0164827369153499,0.0164827369153499,0.0164827369153499,0.2481603324413299,0.8735308051109314,0.2019554376602172,0.7799336314201355,0.1261116862297058,0.8498814105987549,0.6413342952728271,0.8780874609947205,0.630729079246521,0.8428566455841064,0.2665515840053558,0.6307808756828308,0.1436349153518676,0.1436349153518676,0.1436349153518676,0.3930352926254272,0.879101037979126,0.0849874839186668,0.6880923509597778,0.218999832868576,0.218999832868576,0.218999832868576,0.0671942606568336,0.8152426481246948,1.02,1.02,1.01,1.03,1.02,1.02,1.03,1.03,1.02,1.0,1.0,1.03,1.03,1.03,1.0,1.0,1.0,0.99,1.03,1.01,0.99,1.0,0.99,0.98,0.98,0.98,1.0,0.99,0.98,0.98,1.0,0.99,0.99,0.99,0.99,0.98,0.99,1.0,0.99,0.99,0.99,1.0,0.99,0.99,1.02,1.02,1.03,1.03,1.03,1.03,1.02,1.03,1.02,1.03,1.03,1.02,1.02,0.96,0.96,0.96,0.96,0.96,0.959999978542328,0.96,1.0,0.99,0.959999978542328,0.96,1.0,0.959999978542328,0.99,1.0,0.9800000190734864,0.98,0.9800000190734864,0.98,0.98,0.98,0.98,0.98,0.9800000190734864,0.98,0.98,0.98,0.98,0.94,0.94,0.94,0.94,0.94,0.98,0.98,0.98,0.98,0.98,1.01,0.99,0.98,0.98,1.02
0.5275017182130584,0.9072289845353358,0.6680595974314084,0.755944262660544,0.3069140259836089,0.9813859261875332,0.0603674513817809,0.7104999999999999,0.152413313253012,0.9345847457627118,0.5367212514706523,0.793596875201756,0.16,0.8566645851413759,0.6895873294983547,0.6480365329556563,0.811716640906749,0.8893877188301417,0.4502821837722924,0.6341438428874735,0.2275020215904341,0.979,0.5750389099121094,0.8498094081878662,0.254640132188797,0.6173424124717712,0.0164910033345222,0.0164910033345222,0.0164910033345222,0.2861379981040954,0.8392057418823242,0.2320796400308609,0.7550107836723328,0.1415274888277053,0.8208928108215332,0.7117444276809692,0.8492541313171387,0.6544878482818604,0.8018291592597961,0.3103445172309875,0.6058643460273743,0.1347945630550384,0.1347945630550384,0.1347945630550384,0.4074308574199676,0.852058470249176,0.0981452688574791,0.6862748265266418,0.2046349644660949,0.2046349644660949,0.2046349644660949,0.0904187783598899,0.7873403429985046,1.02,1.03,1.02,1.03,1.03,1.03,1.04,1.03,1.03,1.0,1.0,1.03,1.03,1.03,1.0,1.0,1.0,0.99,1.03,1.01,0.99,1.0,1.0,0.99,0.99,1.0,1.0,1.0,0.99,0.98,0.99,0.99,0.99,0.99,0.99,0.98,0.99,1.01,0.99,1.0,1.0,1.0,0.99,1.0,1.03,1.03,1.03,1.03,1.03,1.03,1.03,1.03,1.03,1.03,1.03,1.02,1.02,0.96,0.96,0.96,0.96,0.96,0.959999978542328,0.96,1.0,0.99,0.959999978542328,0.96,0.99,0.959999978542328,0.99,1.0,0.9800000190734864,0.98,0.9800000190734864,0.98,0.98,0.98,0.98,0.98,0.9800000190734864,0.98,0.98,0.98,0.98,0.95,0.95,0.95,0.95,0.94,0.99,0.98,0.98,0.99,0.98,1.02,0.99,0.98,0.99,1.03
0.5258875797741778,0.7476664403879038,0.7303298098180937,0.6400019558875311,0.3311437417908227,0.8079173803637649,0.1181455289848329,0.53885,0.159008734939759,0.8091553672316384,0.5180413525643819,0.6297287752598618,0.884,0.7444111812017647,0.7749823909166269,0.6250183501564569,0.7522411128284391,0.7219629913273369,0.5230073815991496,0.5879822186836519,0.3081165807960228,0.841,0.6065050959587097,0.769305408000946,0.2900578379631042,0.5954381823539734,0.022940244525671,0.022940244525671,0.022940244525671,0.310959130525589,0.718025267124176,0.2633083760738373,0.6944531798362732,0.1667256653308868,0.7199059128761292,0.7702688574790955,0.7611700892448425,0.6831663846969604,0.7369529008865356,0.3625097274780273,0.5675270557403564,0.1226010248064994,0.1226010248064994,0.1226010248064994,0.3972959518432617,0.7700538039207458,0.105790376663208,0.6436393857002258,0.1997726112604141,0.1997726112604141,0.1997726112604141,0.1238992437720298,0.6599387526512146,1.03,1.03,1.02,1.03,1.03,1.03,1.04,1.03,1.03,1.0,1.0,1.03,1.03,1.03,1.0,1.0,1.01,0.99,1.03,1.01,1.0,1.0,1.01,1.0,0.99,1.0,1.01,1.0,1.0,0.99,1.0,1.0,0.99,0.99,1.0,0.99,0.99,1.02,1.0,1.0,1.0,1.01,1.0,1.0,1.03,1.03,1.03,1.03,1.03,1.03,1.03,1.04,1.03,1.03,1.03,1.03,1.03,0.97,0.97,0.97,0.97,0.97,0.9700000286102296,0.97,1.0,1.0,0.9700000286102296,0.97,1.0,0.9700000286102296,0.99,1.0,0.9900000095367432,0.99,0.9900000095367432,0.99,0.99,0.99,0.99,0.99,0.9900000095367432,0.99,0.99,0.99,0.99,0.95,0.95,0.95,0.95,0.95,0.99,0.99,0.99,1.0,0.99,1.02,1.0,0.98,1.0,1.03
0.5023907707412862,0.3254883065563712,0.7100838475213556,0.3469014723271049,0.3529316035207788,0.2476615751368533,0.1619032288080394,0.24745,0.1836355421686746,0.3451468926553672,0.5068450477144973,0.2111468461488798,0.678,0.360712413642929,0.8378831420030647,0.5124015790899363,0.7456828954147348,0.2945639705909911,0.5577346758001653,0.7295642250530786,0.4702697420866294,0.3515,0.6246352791786194,0.4589495956897735,0.3257656395435333,0.4930953085422516,0.0329534634947776,0.0329534634947776,0.0329534634947776,0.3328848779201507,0.3522785305976867,0.3056886494159698,0.4937750995159149,0.2192906439304351,0.3995351493358612,0.7547453045845032,0.4160895943641662,0.646565854549408,0.5031976699829102,0.4279877841472626,0.4776650965213775,0.1141569912433624,0.1141569912433624,0.1141569912433624,0.364063948392868,0.4926499724388122,0.137415736913681,0.4910926818847656,0.1932582408189773,0.1932582408189773,0.1932582408189773,0.1704912632703781,0.3161072134971618,1.03,1.03,1.02,1.03,1.03,1.03,1.04,1.03,1.03,1.01,1.0,1.03,1.03,1.03,1.0,1.0,1.01,1.0,1.03,1.01,1.0,1.0,0.99,0.99,0.98,0.99,1.0,0.99,1.0,0.99,0.99,0.99,0.99,0.98,0.99,0.98,0.99,0.98,0.98,0.98,0.98,0.98,0.98,0.98,1.04,1.04,1.04,1.03,1.04,1.03,1.04,1.04,1.03,1.04,1.03,1.03,1.03,0.97,0.97,0.97,0.97,0.97,0.9700000286102296,0.97,1.0,1.0,0.9700000286102296,0.97,1.0,0.9700000286102296,0.99,1.0,1.0,1.0,1.0,1.0,1.0,0.99,1.0,0.99,1.0,1.0,0.99,0.99,0.99,0.96,0.96,0.95,0.96,0.95,0.98,0.98,0.98,0.98,0.97,1.0,0.99,0.98,0.98,1.01
0.4380517427589593,0.0,0.6664752957306483,0.0502775237423612,0.3860151555458478,0.0,0.2325649018330696,0.0,0.2267403614457831,0.0,0.433455401106802,0.0,0.453,0.0056645544803679,0.8624364088522697,0.214886314701346,0.3659665121071613,0.0,0.5823143380181883,0.3660570594479831,0.5192154777275904,0.0,0.6207761764526367,0.0672521442174911,0.3391467332839966,0.223282903432846,0.0529205165803432,0.0529205165803432,0.0529205165803432,0.3958175778388977,0.0319455824792385,0.3419511616230011,0.1417727023363113,0.2881844639778137,0.0513052158057689,0.7239267230033875,0.044718649238348,0.6245201826095581,0.122956171631813,0.4765438735485077,0.2200999110937118,0.1115902364253997,0.1115902364253997,0.1115902364253997,0.3235726654529571,0.0876383036375045,0.1784672141075134,0.1956838369369506,0.1906394511461258,0.1906394511461258,0.1906394511461258,0.2180581837892532,0.0262954775243997,1.01,1.01,1.0,1.0,1.0,1.0,1.02,1.02,1.01,1.0,0.99,1.02,1.02,1.02,0.99,0.99,1.0,0.99,1.02,1.0,0.99,0.99,0.96,0.95,0.95,0.96,0.96,0.96,0.97,0.97,0.98,0.98,0.97,0.97,0.98,0.97,0.97,0.94,0.93,0.93,0.93,0.94,0.93,0.93,1.02,1.02,1.02,1.02,1.02,1.01,1.02,1.02,1.01,1.02,1.01,1.01,1.01,0.97,0.97,0.97,0.97,0.97,0.9700000286102296,0.97,1.0,0.99,0.9700000286102296,0.97,0.99,0.9700000286102296,0.98,0.99,0.959999978542328,0.96,0.959999978542328,0.96,0.96,0.95,0.96,0.96,0.959999978542328,0.96,0.96,0.96,0.96,0.95,0.95,0.95,0.95,0.95,0.96,0.96,0.96,0.95,0.95,0.98,0.97,0.95,0.95,0.99
0.402968090328915,0.0,0.7545805222876181,0.0043165592436798,0.4562465079172207,0.0,0.3680831860053968,0.0,0.3570675903614458,0.0,0.320268813455924,0.0,0.001,0.0,0.8792367303876008,0.0347754420862965,0.1350283359093251,0.0,0.6857773414432504,0.0480825371549893,0.5131413686559478,0.0,0.6292060613632202,0.0,0.3636370599269867,0.0215946529060602,0.0713977143168449,0.0713977143168449,0.0713977143168449,0.4687091112136841,0.0,0.4058716297149658,0.000461571093183,0.4786189794540405,0.0,0.6803504824638367,0.0,0.5513944625854492,0.0,0.5130900740623474,0.0275235176086425,0.1135657206177711,0.1135657206177711,0.1135657206177711,0.2675060331821441,0.0,0.3151127099990845,0.0164523161947727,0.1930009573698043,0.1930009573698043,0.1930009573698043,0.3118653297424316,0.0,0.99,0.99,0.99,0.98,0.98,0.97,1.0,1.0,0.99,0.98,0.97,1.0,1.0,1.0,0.98,0.97,0.98,0.97,1.0,0.98,0.97,0.98,0.92,0.92,0.92,0.92,0.93,0.93,0.94,0.94,0.94,0.95,0.93,0.93,0.95,0.93,0.93,0.89,0.9,0.9,0.9,0.9,0.9,0.9,1.0,1.0,1.0,1.0,1.0,0.99,1.0,1.0,0.99,1.0,0.99,0.99,0.99,0.96,0.96,0.96,0.96,0.96,0.959999978542328,0.96,0.99,0.99,0.959999978542328,0.96,0.99,0.959999978542328,0.98,0.99,0.9399999976158142,0.94,0.9399999976158142,0.94,0.94,0.94,0.94,0.94,0.9399999976158142,0.94,0.94,0.94,0.94,0.95,0.95,0.94,0.95,0.94,0.91,0.92,0.92,0.9,0.91,0.94,0.93,0.92,0.9,0.95
0.5108134511536574,0.0,0.80766025836132,0.0,0.4190264609635528,0.0,0.3252576532985949,0.0,0.3944553614457831,0.0,0.4457513617151074,0.0,0.0,0.0,0.9445027757542264,0.0,0.1924263266357547,0.0,0.7506366481634583,0.0,0.505354423960874,0.0,0.6090090274810791,0.0,0.3922217488288879,0.0,0.0899098962545394,0.0899098962545394,0.0899098962545394,0.4810814559459686,0.0,0.4349190294742584,0.0,0.5641075968742371,0.0,0.6549210548400879,0.0,0.4779232144355774,0.0,0.5333607792854309,0.0,0.1064862012863159,0.1064862012863159,0.1064862012863159,0.2648675143718719,0.0,0.4770971536636352,0.0,0.1797398328781128,0.1797398328781128,0.1797398328781128,0.4011839628219604,0.0,0.97,0.97,0.97,0.96,0.96,0.95,0.98,0.98,0.97,0.97,0.96,0.98,0.98,0.98,0.96,0.96,0.97,0.96,0.98,0.97,0.96,0.97,0.9,0.9,0.9,0.9,0.91,0.91,0.91,0.92,0.9,0.91,0.9,0.89,0.9,0.89,0.9,0.87,0.88,0.88,0.87,0.87,0.88,0.88,0.99,0.99,0.99,0.98,0.99,0.98,0.99,0.99,0.98,0.99,0.98,0.98,0.98,0.94,0.94,0.94,0.94,0.94,0.9399999976158142,0.94,0.98,0.98,0.9399999976158142,0.94,0.97,0.9399999976158142,0.96,0.98,0.9300000071525574,0.93,0.9300000071525574,0.93,0.93,0.93,0.93,0.93,0.9300000071525574,0.93,0.93,0.93,0.92,0.94,0.94,0.93,0.94,0.93,0.89,0.9,0.9,0.87,0.89,0.92,0.9,0.91,0.87,0.93
0.4764805105547374,0.0,0.7871214014943694,0.0,0.4132494116709113,0.0,0.4757156415743928,0.0,0.4585363855421687,0.0,0.7391637108370734,0.0,0.0,0.0,0.9528246627647016,0.0,0.1138979907264296,0.0,0.8071646391874335,0.0,0.4537325490782479,0.0,0.5238460302352905,0.0,0.3882491886615753,0.0,0.1009229719638824,0.1009229719638824,0.1009229719638824,0.4796288311481476,0.0,0.4293674230575561,0.0,0.5466007590293884,0.0,0.6222270131111145,0.0,0.4195159375667572,0.0,0.5256854891777039,0.0,0.0958477258682251,0.0958477258682251,0.0958477258682251,0.2400811463594436,0.0,0.5905591249465942,0.0,0.1749768257141113,0.1749768257141113,0.1749768257141113,0.4746119976043701,0.0,0.95,0.95,0.95,0.94,0.94,0.93,0.96,0.96,0.96,0.96,0.95,0.96,0.96,0.96,0.95,0.95,0.96,0.95,0.96,0.96,0.94,0.95,0.89,0.89,0.89,0.89,0.9,0.89,0.89,0.9,0.89,0.9,0.88,0.87,0.89,0.87,0.88,0.85,0.86,0.85,0.85,0.85,0.86,0.86,0.98,0.98,0.97,0.97,0.97,0.97,0.98,0.97,0.96,0.97,0.96,0.96,0.96,0.93,0.93,0.93,0.93,0.93,0.9300000071525574,0.93,0.97,0.97,0.9300000071525574,0.93,0.96,0.9300000071525574,0.95,0.96,0.9300000071525574,0.93,0.9300000071525574,0.93,0.93,0.92,0.93,0.92,0.9300000071525574,0.93,0.92,0.92,0.92,0.91,0.92,0.91,0.91,0.9,0.87,0.89,0.88,0.85,0.87,0.9,0.89,0.89,0.85,0.91
0.4698243495336278,0.0,0.7563467274490936,0.0,0.3987606811518362,0.0,0.504033497720294,0.0,0.3917643975903614,0.0,0.8410570395224192,0.0,0.0,0.0,0.938385440478284,0.0,0.0989394641937145,0.0,0.8621026928073698,0.0,0.423543901928789,0.0,0.4420582950115204,0.0,0.3624995052814483,0.0,0.1094034612178802,0.1094034612178802,0.1094034612178802,0.433783084154129,0.0,0.4192225039005279,0.0,0.4939275979995727,0.0,0.5814478397369385,0.0,0.3808402121067047,0.0,0.5283999443054199,0.0,0.0936439707875251,0.0936439707875251,0.0936439707875251,0.2185383141040802,0.0,0.6060038805007935,0.0,0.1603471487760543,0.1603471487760543,0.1603471487760543,0.504599392414093,0.0,0.93,0.93,0.93,0.92,0.92,0.91,0.93,0.93,0.94,0.94,0.94,0.93,0.93,0.93,0.94,0.94,0.94,0.94,0.93,0.94,0.93,0.93,0.88,0.88,0.88,0.88,0.88,0.88,0.87,0.89,0.87,0.88,0.86,0.86,0.87,0.86,0.86,0.83,0.84,0.84,0.84,0.83,0.84,0.84,0.97,0.97,0.96,0.95,0.96,0.96,0.97,0.96,0.95,0.95,0.95,0.95,0.95,0.91,0.91,0.91,0.91,0.91,0.9100000262260436,0.91,0.95,0.95,0.9100000262260436,0.91,0.95,0.9100000262260436,0.94,0.95,0.9300000071525574,0.93,0.9300000071525574,0.93,0.93,0.92,0.93,0.92,0.9300000071525574,0.93,0.92,0.92,0.92,0.89,0.89,0.89,0.89,0.88,0.86,0.88,0.87,0.84,0.86,0.89,0.88,0.88,0.84,0.9
0.3734324005891016,0.0,0.7992173063119133,0.0,0.3779474228325241,0.0,0.5076955429422163,0.0,0.3470002409638554,0.0,0.7835042049762516,0.0,0.0,0.0,0.9130221055540204,0.0,0.0230978876867594,0.0,0.856658143380182,0.0,0.3697888914705042,0.0,0.368532657623291,0.0,0.3320250213146209,0.0,0.1258825212717056,0.1258825212717056,0.1258825212717056,0.3855989277362823,0.0,0.3958990275859833,0.0,0.4234965741634369,0.0,0.4971048235893249,0.0,0.3507308065891266,0.0,0.4969789087772369,0.0,0.0912678092718124,0.0912678092718124,0.0912678092718124,0.2023035883903503,0.0,0.5674800872802734,0.0,0.1652549803256988,0.1652549803256988,0.1652549803256988,0.4991293847560882,0.0,0.92,0.91,0.92,0.9,0.91,0.9,0.91,0.92,0.92,0.93,0.93,0.92,0.92,0.92,0.93,0.93,0.93,0.93,0.92,0.93,0.92,0.92,0.87,0.87,0.87,0.87,0.87,0.87,0.86,0.88,0.86,0.87,0.85,0.84,0.86,0.84,0.85,0.81,0.83,0.83,0.82,0.82,0.83,0.83,0.96,0.96,0.95,0.94,0.95,0.95,0.96,0.95,0.94,0.94,0.94,0.95,0.95,0.9,0.9,0.9,0.9,0.9,0.8999999761581421,0.9,0.94,0.94,0.8999999761581421,0.9,0.93,0.8999999761581421,0.93,0.93,0.9300000071525574,0.93,0.9300000071525574,0.93,0.93,0.92,0.93,0.92,0.9300000071525574,0.93,0.92,0.92,0.92,0.87,0.88,0.87,0.88,0.87,0.86,0.87,0.87,0.83,0.85,0.88,0.88,0.87,0.83,0.89
0.1912249386352479,0.0,0.7959845659391546,0.0,0.2937206925985288,0.0,0.5305644365869545,0.0,0.2224640963855421,0.0,0.5760303281188722,0.0,0.0,0.0,0.929087894697179,0.0,0.0008933539412673,0.0,0.8675357269398843,0.0,0.319302430728388,0.0,0.3053759336471557,0.0,0.2936049699783325,0.0,0.144284650683403,0.144284650683403,0.144284650683403,0.3369061946868896,0.0,0.3822293281555176,0.0,0.3456524610519409,0.0,0.4256875514984131,0.0,0.3258441984653473,0.0,0.4661709368228912,0.0,0.0816299989819526,0.0816299989819526,0.0816299989819526,0.1999208033084869,0.0,0.5267713069915771,0.0,0.1569328606128692,0.1569328606128692,0.1569328606128692,0.4785641729831695,0.0,0.9,0.9,0.91,0.89,0.89,0.89,0.91,0.91,0.92,0.93,0.92,0.91,0.91,0.91,0.92,0.92,0.93,0.92,0.91,0.93,0.91,0.92,0.86,0.86,0.86,0.86,0.87,0.87,0.86,0.87,0.85,0.86,0.84,0.84,0.85,0.84,0.84,0.8,0.82,0.82,0.82,0.81,0.82,0.82,0.95,0.95,0.94,0.94,0.94,0.94,0.95,0.94,0.93,0.94,0.94,0.94,0.94,0.88,0.88,0.88,0.88,0.88,0.8799999952316284,0.88,0.92,0.93,0.8799999952316284,0.88,0.92,0.8799999952316284,0.91,0.92,0.9300000071525574,0.93,0.9300000071525574,0.93,0.93,0.93,0.93,0.93,0.9300000071525574,0.93,0.93,0.92,0.92,0.86,0.86,0.86,0.86,0.86,0.85,0.87,0.86,0.83,0.85,0.88,0.87,0.87,0.83,0.89
0.1743392243495336,0.0,0.8536363166303218,0.0,0.2517345246222964,0.0,0.3455957941751186,0.0,0.1654157831325301,0.0,0.3578232602727788,0.0,0.0,0.0,0.9290456429450624,0.0,4.817104585265327e-5,0.0,0.8703570922404631,0.0,0.2279950663909807,0.0,0.2626070082187652,0.0,0.2310096621513366,0.0,0.1614821851253509,0.1614821851253509,0.1614821851253509,0.2967368066310882,0.0,0.3754456043243408,0.0,0.2852937877178192,0.0,0.3508190512657165,0.0,0.2935580313205719,0.0,0.4431588053703308,0.0,0.0761948674917221,0.0761948674917221,0.0761948674917221,0.1956415772438049,0.0,0.4919512569904327,0.0,0.152231678366661,0.152231678366661,0.152231678366661,0.4404277801513672,0.0,0.9,0.9,0.91,0.89,0.89,0.88,0.9,0.9,0.91,0.92,0.92,0.9,0.9,0.9,0.92,0.92,0.92,0.92,0.9,0.92,0.91,0.92,0.86,0.86,0.86,0.86,0.87,0.87,0.86,0.87,0.84,0.85,0.84,0.83,0.84,0.83,0.84,0.79,0.81,0.81,0.81,0.8,0.82,0.82,0.94,0.94,0.94,0.93,0.94,0.94,0.94,0.94,0.93,0.93,0.94,0.94,0.94,0.87,0.87,0.87,0.87,0.87,0.8700000047683716,0.87,0.91,0.92,0.8700000047683716,0.87,0.91,0.8700000047683716,0.91,0.91,0.9399999976158142,0.94,0.9399999976158142,0.94,0.94,0.94,0.94,0.94,0.9399999976158142,0.94,0.94,0.93,0.93,0.86,0.86,0.86,0.86,0.86,0.85,0.87,0.86,0.83,0.85,0.89,0.87,0.87,0.83,0.89
0.1214107020127639,0.0,0.8887761098020714,0.0,0.2555664212932186,0.0,0.1842267609565459,0.0,0.1308839156626506,0.0,0.3255174081659332,0.0,0.0,0.0,0.9087681428822628,0.0,0.0,0.0,0.8714369316168655,0.0,0.1339597250661503,0.0,0.22022645175457,0.0,0.2164874523878097,0.0,0.169546827673912,0.169546827673912,0.169546827673912,0.2712470591068268,0.0,0.3672661781311035,0.0,0.2439112365245819,0.0,0.2694348394870758,0.0,0.2691215276718139,0.0,0.4254486858844757,0.0,0.071811631321907,0.071811631321907,0.071811631321907,0.2099970579147339,0.0,0.4729723334312439,0.0,0.1645179986953735,0.1645179986953735,0.1645179986953735,0.4053107500076294,0.0,0.9,0.9,0.91,0.89,0.89,0.89,0.9,0.91,0.91,0.92,0.92,0.91,0.91,0.91,0.92,0.92,0.92,0.92,0.91,0.92,0.91,0.92,0.86,0.87,0.87,0.87,0.87,0.87,0.86,0.87,0.85,0.86,0.84,0.84,0.85,0.84,0.84,0.8,0.82,0.82,0.82,0.81,0.82,0.82,0.94,0.94,0.93,0.94,0.93,0.94,0.94,0.93,0.93,0.94,0.94,0.94,0.94,0.86,0.86,0.86,0.86,0.86,0.8600000143051147,0.86,0.91,0.91,0.8600000143051147,0.86,0.91,0.8600000143051147,0.91,0.91,0.9399999976158142,0.94,0.9399999976158142,0.94,0.94,0.95,0.94,0.95,0.9399999976158142,0.94,0.94,0.94,0.94,0.86,0.86,0.86,0.86,0.86,0.86,0.87,0.87,0.84,0.86,0.9,0.88,0.88,0.84,0.9
0.2094422189494354,0.0,0.8719508131086648,0.0,0.2150411843621371,0.0,0.164463199032288,0.0,0.1099592168674698,0.0,0.3177230816157566,0.0,0.0,0.0,0.8945318144138261,0.0,0.0,0.0,0.835955503720326,0.0,0.1197025518794809,0.0,0.1789833456277847,0.0,0.2033307999372482,0.0,0.18357914686203,0.18357914686203,0.18357914686203,0.2488358616828918,0.0,0.3572034835815429,0.0,0.2109017372131347,0.0,0.2050752490758896,0.0,0.2437471002340316,0.0,0.4009135961532593,0.0,0.0678436458110809,0.0678436458110809,0.0678436458110809,0.2042845487594604,0.0,0.4655971229076385,0.0,0.1466457396745681,0.1466457396745681,0.1466457396745681,0.3692047894001007,0.0,0.9,0.9,0.91,0.9,0.9,0.89,0.92,0.92,0.92,0.92,0.92,0.92,0.92,0.92,0.92,0.92,0.93,0.92,0.92,0.92,0.91,0.92,0.88,0.88,0.88,0.88,0.89,0.89,0.86,0.88,0.85,0.86,0.84,0.84,0.85,0.84,0.85,0.82,0.83,0.83,0.83,0.82,0.84,0.83,0.94,0.94,0.94,0.94,0.94,0.94,0.94,0.94,0.94,0.94,0.94,0.95,0.94,0.87,0.87,0.87,0.87,0.87,0.8700000047683716,0.87,0.91,0.92,0.8700000047683716,0.87,0.92,0.8700000047683716,0.91,0.92,0.949999988079071,0.95,0.949999988079071,0.95,0.95,0.96,0.95,0.96,0.949999988079071,0.95,0.95,0.95,0.95,0.87,0.87,0.86,0.87,0.86,0.87,0.89,0.89,0.85,0.88,0.91,0.89,0.89,0.85,0.91
0.1603040746195385,0.0,0.8454141406804155,0.0,0.1338677280421409,0.0,0.1569253745231227,0.0,0.0742480722891566,0.0,0.2955151422719944,0.0,0.0,0.0,0.9069513175412596,0.0,0.0210097887686759,0.0,0.820524270698004,0.0,0.1300325207428401,0.0,0.1441830396652221,0.0,0.186359167098999,0.0,0.1958762407302856,0.1958762407302856,0.1958762407302856,0.2534589767456054,0.0,0.3520427048206329,0.0,0.1912817656993866,0.0,0.1559051275253296,0.0,0.2313777804374694,0.0,0.3869703114032745,0.0,0.0640719756484031,0.0640719756484031,0.0640719756484031,0.2147829830646515,0.0,0.4666479825973511,0.0,0.1443363726139068,0.1443363726139068,0.1443363726139068,0.3357558846473694,0.0,0.92,0.91,0.92,0.91,0.91,0.91,0.95,0.94,0.94,0.93,0.94,0.94,0.94,0.94,0.93,0.93,0.93,0.93,0.94,0.93,0.92,0.93,0.92,0.92,0.91,0.92,0.93,0.92,0.88,0.9,0.87,0.87,0.87,0.87,0.87,0.87,0.87,0.85,0.87,0.87,0.87,0.86,0.88,0.88,0.94,0.94,0.94,0.95,0.94,0.95,0.94,0.94,0.94,0.94,0.95,0.95,0.95,0.88,0.88,0.88,0.88,0.88,0.8799999952316284,0.88,0.92,0.93,0.8799999952316284,0.88,0.92,0.8799999952316284,0.92,0.92,0.959999978542328,0.96,0.959999978542328,0.96,0.96,0.97,0.96,0.97,0.959999978542328,0.96,0.97,0.97,0.97,0.89,0.89,0.88,0.89,0.88,0.89,0.91,0.91,0.87,0.9,0.93,0.91,0.91,0.87,0.94
0.0886184585174275,0.0,0.8391252937838581,0.0,0.1151223249105349,0.0,0.1397644924164883,0.0,0.1126347590361445,0.0,0.2087709704126541,0.0,0.0,0.0,0.9013122660704864,0.0,0.0131550747037609,0.0,0.7688549368135114,0.0,0.1667323585169388,0.0,0.1164397746324539,0.0,0.1744961887598037,0.0,0.1953713595867157,0.1953713595867157,0.1953713595867157,0.2225333601236343,0.0002890909672714,0.3499868214130401,0.0,0.1800502240657806,0.0,0.1288462877273559,0.0,0.2233999073505401,0.0,0.3654347062110901,0.0,0.0606732852756977,0.0606732852756977,0.0606732852756977,0.2069734632968902,0.0,0.4469496607780456,0.0,0.1297255158424377,0.1297255158424377,0.1297255158424377,0.313969999551773,0.0004951287992298,0.96,0.95,0.96,0.95,0.95,0.95,0.97,0.96,0.96,0.95,0.95,0.96,0.96,0.96,0.95,0.95,0.95,0.95,0.96,0.94,0.94,0.95,0.95,0.95,0.94,0.95,0.96,0.95,0.91,0.92,0.9,0.89,0.9,0.9,0.89,0.89,0.9,0.91,0.92,0.92,0.92,0.91,0.92,0.92,0.96,0.96,0.96,0.96,0.96,0.97,0.96,0.96,0.96,0.96,0.97,0.97,0.97,0.91,0.91,0.91,0.91,0.91,0.9100000262260436,0.91,0.94,0.94,0.9100000262260436,0.91,0.94,0.9100000262260436,0.93,0.94,0.9900000095367432,0.99,0.9900000095367432,0.99,0.99,1.0,0.99,0.99,0.9900000095367432,0.99,0.99,0.99,0.99,0.91,0.91,0.9,0.91,0.9,0.91,0.93,0.93,0.88,0.92,0.96,0.92,0.93,0.88,0.96
0.2064105056455572,0.0382191100340276,0.8242221379046952,0.0065400621784294,0.0958219286761068,0.2714901553946672,0.1672934772494649,0.0220249999999999,0.1518711445783132,0.1096242937853107,0.1624136127935857,0.1560676286396797,0.016,0.0207552888935185,0.9208802029691776,0.0009813010685103,0.009769448737764,0.048709877720498,0.7056476615093894,0.0,0.1625777671909757,0.1315,0.1065439134836196,0.0481208004057407,0.172784149646759,2.541497815400362e-5,0.1925834119319915,0.1925834119319915,0.1925834119319915,0.187985673546791,0.1115569844841957,0.3402916491031647,0.014259791933,0.1773515492677688,0.0735874772071838,0.1044235154986381,0.0811927691102027,0.2315509766340255,0.0211302358657121,0.3398668766021728,0.0003896187408827,0.0611484982073307,0.0611484982073307,0.0611484982073307,0.1982316821813583,0.0500869117677211,0.4356598854064941,0.0008626172202639,0.1170397996902465,0.1170397996902465,0.1170397996902465,0.2626843154430389,0.0948765650391578,0.97,0.97,0.97,0.97,0.97,0.97,0.99,0.98,0.98,0.98,0.98,0.98,0.98,0.98,0.97,0.97,0.98,0.97,0.98,0.97,0.97,0.97,0.95,0.96,0.95,0.96,0.97,0.96,0.93,0.94,0.91,0.9,0.91,0.91,0.91,0.91,0.91,0.93,0.94,0.93,0.93,0.93,0.93,0.93,0.97,0.97,0.97,0.97,0.97,0.98,0.97,0.97,0.98,0.97,0.98,0.99,0.98,0.93,0.93,0.93,0.93,0.93,0.9300000071525574,0.93,0.96,0.96,0.9300000071525574,0.93,0.95,0.9300000071525574,0.95,0.95,1.0,1.0,1.0,1.0,1.0,1.01,1.0,1.0,1.0,1.0,1.0,1.0,1.0,0.94,0.94,0.93,0.94,0.92,0.92,0.94,0.94,0.89,0.93,0.97,0.93,0.94,0.89,0.97
0.1891524791359843,0.45710788812693,0.8183192360096357,0.2397036744912803,0.0741040329637448,0.8439629834010243,0.1983516330138643,0.2828499999999999,0.1292222289156626,0.609822033898305,0.1178856595058608,0.546312512105365,0.116,0.3794789760838624,0.9115167173252282,0.141648056198428,0.0086537867078825,0.4579546484334497,0.7448838726821779,0.0499702760084925,0.1084167906420589,0.6930000000000001,0.1028959974646568,0.3693477809429168,0.168762132525444,0.1424584090709686,0.1890800893306732,0.1890800893306732,0.1890800893306732,0.0923223420977592,0.3985873460769653,0.3236137926578522,0.3058370351791382,0.1695077121257782,0.3477187752723694,0.0869729220867157,0.3500690162181854,0.2356648296117782,0.3812371790409088,0.307790070772171,0.153235524892807,0.059755153954029,0.059755153954029,0.059755153954029,0.1946969032287597,0.415220558643341,0.4255263209342956,0.1740143150091171,0.1026881262660026,0.1026881262660026,0.1026881262660026,0.1192744448781013,0.3305905163288116,0.98,0.98,0.98,0.98,0.98,0.98,1.0,1.0,0.99,0.98,0.98,1.0,1.0,1.0,0.98,0.98,0.98,0.98,1.0,0.98,0.98,0.98,0.96,0.96,0.95,0.96,0.98,0.97,0.95,0.95,0.93,0.92,0.92,0.92,0.92,0.92,0.92,0.94,0.95,0.95,0.95,0.95,0.95,0.95,0.98,0.98,0.98,0.98,0.98,0.99,0.98,0.98,0.98,0.98,0.99,0.99,0.99,0.96,0.96,0.96,0.96,0.96,0.959999978542328,0.96,0.97,0.97,0.959999978542328,0.96,0.96,0.959999978542328,0.95,0.96,1.0099999904632568,1.01,1.0099999904632568,1.01,1.01,1.02,1.01,1.01,1.0099999904632568,1.01,1.01,1.01,1.01,0.95,0.95,0.94,0.95,0.93,0.93,0.95,0.95,0.9,0.94,0.98,0.94,0.95,0.9,0.99
0.1629837997054492,0.7537326382776891,0.7561705445371256,0.3882784060761099,0.06699343536592,0.980377030725764,0.12862063831767,0.480525,0.0529131927710843,0.8190875706214688,0.1304807616889624,0.6844531280263411,0.001,0.6593494848529713,0.8558862317566379,0.4468471495559802,0.018017001545595,0.7456915211949176,0.7088191212944372,0.5122956475583865,0.1069472083375868,1.0,0.0628961101174354,0.631939172744751,0.1210556998848915,0.5294108390808105,0.1777649819850921,0.1777649819850921,0.1777649819850921,0.0645412802696228,0.5926211476325989,0.2498592287302017,0.7057907581329346,0.1217281073331832,0.5794287919998169,0.0721382275223732,0.5416625142097473,0.1789751946926117,0.788923442363739,0.258313775062561,0.478306382894516,0.0589462146162986,0.0589462146162986,0.0589462146162986,0.1636395454406738,0.7454849481582642,0.3390409648418426,0.4784562289714813,0.0876044183969497,0.0876044183969497,0.0876044183969497,0.0760770738124847,0.4930441677570343,0.99,0.99,0.99,0.99,0.99,0.99,1.01,1.01,1.0,0.99,0.99,1.01,1.01,1.01,0.98,0.99,0.99,0.98,1.01,0.99,0.99,0.98,0.97,0.97,0.96,0.97,0.99,0.98,0.96,0.97,0.93,0.93,0.93,0.93,0.93,0.93,0.93,0.96,0.96,0.96,0.96,0.96,0.96,0.96,0.98,0.98,0.98,0.99,0.98,1.0,0.98,0.98,0.99,0.98,1.0,1.0,1.0,0.96,0.96,0.96,0.96,0.96,0.959999978542328,0.96,0.97,0.97,0.959999978542328,0.96,0.96,0.959999978542328,0.96,0.97,1.0099999904632568,1.01,1.0099999904632568,1.01,1.01,1.03,1.01,1.02,1.0099999904632568,1.01,1.02,1.02,1.02,0.95,0.95,0.95,0.95,0.94,0.94,0.96,0.96,0.92,0.95,0.99,0.95,0.96,0.92,1.0
0.058426705940108,0.789750776767447,0.6524662059450138,0.4514709927173438,0.0633686768010714,0.9793395726646656,0.1182663999255606,0.4925249999999999,0.1030508433734939,0.9663898305084744,0.1460959954682121,0.7403632255148814,0.05,0.6831682459419371,0.8079192142480343,0.5486950431258011,0.0227156105100463,0.7716566949965987,0.6856745600566907,0.6154333864118896,0.1537644718269988,1.0,0.0623199827969074,0.680124044418335,0.0527848489582538,0.7145653963088989,0.1684518009424209,0.1684518009424209,0.1684518009424209,0.0578802824020385,0.647946834564209,0.188921719789505,0.8272132277488708,0.0936934128403663,0.6382104754447937,0.0823459401726722,0.6113426685333252,0.1974197775125503,0.8684406876564026,0.1850560307502746,0.6718533635139465,0.0561263561248779,0.0561263561248779,0.0561263561248779,0.1683126837015152,0.8009622693061829,0.2409987449645996,0.6552743911743164,0.069451205432415,0.069451205432415,0.069451205432415,0.0677014589309692,0.5577690601348877,1.0,1.0,1.0,1.0,1.0,1.0,1.02,1.01,1.01,1.0,0.99,1.01,1.01,1.01,0.99,0.99,1.0,0.99,1.01,1.0,0.99,0.99,0.99,0.98,0.97,0.99,1.0,0.99,0.97,0.98,0.94,0.94,0.94,0.94,0.94,0.94,0.94,0.97,0.97,0.97,0.97,0.97,0.98,0.98,0.99,0.99,0.99,0.99,0.99,1.01,0.99,1.0,1.0,0.99,1.01,1.01,1.0,0.97,0.97,0.97,0.97,0.97,0.9700000286102296,0.97,0.98,0.97,0.9700000286102296,0.97,0.97,0.9700000286102296,0.96,0.97,1.0199999809265137,1.02,1.0199999809265137,1.02,1.02,1.03,1.02,1.03,1.0199999809265137,1.02,1.02,1.02,1.02,0.96,0.96,0.95,0.96,0.95,0.95,0.97,0.96,0.93,0.96,0.99,0.96,0.97,0.93,1.0
0.0604872852233677,0.8126238789452158,0.5252614843366028,0.488796727337452,0.030921328248535,0.9818817543704752,0.1516269656648367,0.5273,0.149330843373494,0.9681949152542372,0.1603980129853152,0.7415803796242494,0.737,0.6909121885986336,0.7976790926674874,0.5386681057623954,0.0073098918083462,0.747219785660035,0.747571424353372,0.787714702760085,0.1984009437310703,1.0,0.0870027169585228,0.7225635051727295,0.0438840091228485,0.7842428088188171,0.1515660136938095,0.1515660136938095,0.1515660136938095,0.0579317547380924,0.6806677579879761,0.1751145869493484,0.8372841477394104,0.1044372394680976,0.6818297505378723,0.1072013601660728,0.6695960760116577,0.2375201433897018,0.8741798996925354,0.1786116808652877,0.7153695821762085,0.0559151023626327,0.0559151023626327,0.0559151023626327,0.1779121160507202,0.8253293633460999,0.2382278889417648,0.6851931810379028,0.0675124153494834,0.0675124153494834,0.0675124153494834,0.0611010864377021,0.596653401851654,1.01,1.01,1.0,1.01,1.01,1.01,1.02,1.02,1.01,1.0,1.0,1.02,1.02,1.02,0.99,0.99,1.0,0.99,1.02,1.0,1.0,0.99,1.0,0.99,0.98,1.0,1.01,1.0,0.98,0.98,0.95,0.95,0.95,0.95,0.95,0.95,0.95,0.99,0.98,0.98,0.98,0.98,0.99,0.99,1.0,1.0,1.0,1.0,1.0,1.01,1.0,1.01,1.01,1.0,1.01,1.01,1.01,0.97,0.97,0.97,0.97,0.97,0.9700000286102296,0.97,0.98,0.98,0.9700000286102296,0.97,0.97,0.9700000286102296,0.97,0.97,1.0299999713897705,1.03,1.0299999713897705,1.03,1.03,1.04,1.03,1.03,1.0299999713897705,1.03,1.03,1.03,1.03,0.96,0.96,0.96,0.96,0.95,0.97,0.98,0.98,0.95,0.97,1.0,0.97,0.98,0.95,1.01
0.1631446244477172,0.8175831392797972,0.3429243425591822,0.5157453568087482,0.018796766943885,0.9827204220377894,0.1658773611240346,0.5216999999999999,0.1617507228915662,0.95009604519774,0.3101732537365462,0.7558219381496545,0.775,0.6954641245627018,0.816369815870783,0.5946801715550468,0.0634654817104585,0.7482721825317411,0.7837417326089526,0.6364532908704885,0.2102044782841177,1.0,0.1274762600660324,0.7695901989936829,0.034416202455759,0.830051064491272,0.1286977678537368,0.1286977678537368,0.1286977678537368,0.0648171752691268,0.695534884929657,0.1628101468086242,0.8413388729095459,0.1216249912977218,0.7014104127883911,0.1565269827842712,0.707490861415863,0.2790117561817169,0.8742842674255371,0.1774644255638122,0.7476470470428467,0.055503960698843,0.055503960698843,0.055503960698843,0.1912999451160431,0.8502184748649597,0.2442631274461746,0.702383816242218,0.0773106217384338,0.0773106217384338,0.0773106217384338,0.0648945644497871,0.6165573000907898,1.02,1.02,1.01,1.02,1.02,1.02,1.02,1.02,1.01,1.0,1.0,1.02,1.02,1.02,1.0,1.0,1.0,0.99,1.02,1.0,1.0,1.0,1.01,1.0,0.99,1.0,1.02,1.01,0.99,0.99,0.96,0.95,0.96,0.96,0.96,0.96,0.96,1.0,0.99,0.99,0.99,0.99,1.0,1.0,1.01,1.01,1.01,1.01,1.01,1.02,1.01,1.01,1.01,1.0,1.02,1.02,1.02,0.98,0.98,0.98,0.98,0.98,0.9800000190734864,0.98,0.98,0.98,0.9800000190734864,0.98,0.98,0.9800000190734864,0.97,0.98,1.0299999713897705,1.03,1.0299999713897705,1.03,1.03,1.04,1.03,1.04,1.0299999713897705,1.03,1.03,1.03,1.03,0.97,0.96,0.96,0.96,0.95,0.97,0.98,0.98,0.96,0.98,1.0,0.97,0.98,0.96,1.01
0.1547234167893961,0.8007313865478108,0.2057391838098269,0.518857006549953,0.0467866199116719,0.978699452586968,0.1791452498371638,0.5219499999999999,0.1631690963855421,0.9118559322033898,0.3677850015251209,0.7148475369617147,0.834,0.7259942507758937,0.8017769097440279,0.6525532310517961,0.0232506439979392,0.7438357928462053,0.765717048541396,0.6814742569002123,0.2669364865943347,0.9925,0.1780619174242019,0.8079121112823486,0.033824723213911,0.839110791683197,0.1113637909293174,0.1113637909293174,0.1113637909293174,0.085819736123085,0.7088543176651001,0.1574865132570266,0.8340198397636414,0.1428531855344772,0.7109971642494202,0.2374188303947448,0.7244567275047302,0.3194946348667145,0.8623650074005127,0.1834349036216735,0.7544421553611755,0.0541595853865146,0.0541595853865146,0.0541595853865146,0.2144439667463302,0.859734058380127,0.2548860013484955,0.7045630216598511,0.0861739814281463,0.0861739814281463,0.0861739814281463,0.0840282216668129,0.631428599357605,1.03,1.03,1.02,1.03,1.03,1.02,1.03,1.02,1.02,1.0,1.0,1.02,1.02,1.02,1.0,1.0,1.0,1.0,1.02,1.0,1.0,1.0,1.01,1.01,1.0,1.01,1.02,1.02,0.99,0.99,0.96,0.95,0.96,0.96,0.96,0.96,0.96,1.0,1.0,1.0,1.0,1.0,1.01,1.01,1.01,1.01,1.01,1.01,1.01,1.02,1.01,1.02,1.02,1.01,1.03,1.02,1.02,0.98,0.98,0.98,0.98,0.98,0.9800000190734864,0.98,0.99,0.98,0.9800000190734864,0.98,0.98,0.9800000190734864,0.97,0.98,1.0399999618530271,1.04,1.0399999618530271,1.04,1.04,1.04,1.04,1.04,1.0399999618530271,1.04,1.04,1.04,1.04,0.97,0.97,0.96,0.97,0.96,0.97,0.98,0.98,0.96,0.98,1.0,0.97,0.99,0.96,1.01
0.1654671575846833,0.8089082244872676,0.1241374361435263,0.5067518144179599,0.0909477134375612,0.975468280946495,0.2301883316274309,0.4722499999999999,0.2672925301204819,0.9035338983050848,0.4470628785567999,0.692415359287236,0.787,0.670205492601291,0.7882377351855108,0.6768314605262515,0.0579459041731066,0.7605924931728246,0.7266869906696588,0.6592484076433123,0.3065718769135069,0.9845,0.2585044205188751,0.8034572005271912,0.0354426130652427,0.8422837853431702,0.1151152029633522,0.1151152029633522,0.1151152029633522,0.112525001168251,0.7043666839599609,0.1581567823886871,0.8016608357429504,0.1652510166168213,0.7013779282569885,0.3430810868740082,0.7214609980583191,0.3499358892440796,0.8398552536964417,0.1994361728429794,0.7358779311180115,0.0587878301739692,0.0587878301739692,0.0587878301739692,0.2458892315626144,0.8346741795539856,0.2691167294979095,0.6939178705215454,0.0904817879199981,0.0904817879199981,0.0904817879199981,0.1076246947050094,0.6274729371070862,1.03,1.03,1.03,1.03,1.03,1.03,1.03,1.02,1.02,1.0,1.0,1.02,1.02,1.02,1.0,1.0,1.0,1.0,1.02,1.0,1.0,1.0,1.02,1.01,1.0,1.01,1.02,1.02,0.99,0.99,0.97,0.96,0.96,0.96,0.97,0.96,0.96,1.01,1.01,1.01,1.01,1.01,1.01,1.01,1.02,1.02,1.02,1.02,1.02,1.03,1.02,1.02,1.02,1.02,1.03,1.03,1.02,0.98,0.98,0.98,0.98,0.98,0.9800000190734864,0.98,0.99,0.98,0.9800000190734864,0.98,0.98,0.9800000190734864,0.97,0.98,1.0399999618530271,1.04,1.0399999618530271,1.04,1.04,1.04,1.04,1.04,1.0399999618530271,1.04,1.04,1.04,1.04,0.97,0.96,0.96,0.96,0.96,0.98,0.99,0.99,0.97,0.98,1.01,0.97,0.99,0.97,1.01
0.2680332842415316,0.80479961095102,0.2087874601762461,0.47268494315513,0.1213581182109154,0.9547024986756136,0.2998285102819391,0.4579,0.3873896385542169,0.9153531073446326,0.4723679463157436,0.6387620892246109,0.644,0.6150623368266104,0.7873343465045594,0.6438770930716752,0.085510561566203,0.706967402810323,0.693770963741585,0.7685236199575373,0.3439734540964327,0.99,0.3365793824195862,0.7723971605300903,0.0392446666955947,0.8334521055221558,0.1231579110026359,0.1231579110026359,0.1231579110026359,0.1438376307487487,0.6860718727111816,0.1651823222637176,0.7680442929267883,0.1934325993061065,0.6791186928749084,0.4465994536876678,0.7038740515708923,0.3780418932437897,0.7981780171394348,0.217623084783554,0.7345883250236511,0.0689209029078483,0.0689209029078483,0.0689209029078483,0.2683107852935791,0.7927966713905334,0.2743458449840545,0.6826573610305786,0.0811388343572616,0.0811388343572616,0.0811388343572616,0.1284797638654709,0.6123644113540649,1.04,1.04,1.04,1.04,1.04,1.03,1.03,1.02,1.02,1.0,1.0,1.02,1.02,1.02,1.0,1.0,1.0,1.0,1.02,1.0,1.0,1.0,1.02,1.02,1.01,1.02,1.03,1.02,1.0,1.0,0.97,0.96,0.97,0.97,0.97,0.97,0.97,1.01,1.01,1.02,1.01,1.01,1.02,1.02,1.02,1.02,1.02,1.02,1.02,1.03,1.02,1.02,1.03,1.02,1.03,1.03,1.03,0.98,0.98,0.98,0.98,0.98,0.9800000190734864,0.98,0.99,0.98,0.9800000190734864,0.98,0.98,0.9800000190734864,0.97,0.98,1.0399999618530271,1.04,1.0399999618530271,1.04,1.04,1.05,1.04,1.04,1.0399999618530271,1.04,1.04,1.04,1.04,0.97,0.97,0.96,0.97,0.96,0.98,0.98,0.99,0.97,0.98,1.01,0.97,0.99,0.97,1.02
0.4122817869415807,0.7181985667080962,0.3681383362620419,0.3974238602365421,0.1433663582182831,0.9443679145329332,0.3474657113613101,0.407775,0.4138368072289157,0.8979943502824858,0.5726845178439148,0.6188878236167603,0.566,0.5585796797489706,0.7963103067145622,0.5755281565350956,0.092818134981968,0.6158202042820788,0.657184687610724,0.7987407112526542,0.3303529126977992,0.955,0.4096578061580658,0.7275160551071167,0.0470882840454578,0.824369490146637,0.1362086534500122,0.1362086534500122,0.1362086534500122,0.1750718355178833,0.6777973175048828,0.1828571856021881,0.7397932410240173,0.2285161912441253,0.651709258556366,0.5221922993659973,0.6897676587104797,0.4170034527778625,0.7622445225715637,0.2358255535364151,0.7263112664222717,0.0782505944371223,0.0782505944371223,0.0782505944371223,0.3003461360931396,0.7532459497451782,0.291036456823349,0.6791427731513977,0.0701922550797462,0.0701922550797462,0.0701922550797462,0.1474595814943313,0.5926607847213745,1.04,1.04,1.04,1.04,1.04,1.04,1.03,1.02,1.02,1.0,1.0,1.02,1.02,1.02,1.0,1.0,1.0,1.0,1.02,1.0,1.01,1.0,1.03,1.02,1.01,1.02,1.03,1.03,1.0,1.0,0.97,0.96,0.97,0.97,0.97,0.97,0.97,1.01,1.02,1.02,1.02,1.02,1.02,1.02,1.02,1.02,1.02,1.02,1.02,1.04,1.02,1.02,1.03,1.02,1.04,1.03,1.03,0.99,0.99,0.99,0.99,0.99,0.9900000095367432,0.99,0.99,0.98,0.9900000095367432,0.99,0.98,0.9900000095367432,0.97,0.98,1.0399999618530271,1.04,1.0399999618530271,1.04,1.04,1.05,1.04,1.04,1.0399999618530271,1.04,1.04,1.04,1.04,0.97,0.97,0.96,0.97,0.96,0.98,0.98,0.98,0.98,0.98,1.01,0.98,0.99,0.98,1.02
0.2991603338242514,0.579950433330988,0.584350387414679,0.3597398102559798,0.1640179832596262,0.747481105421155,0.3978977389038801,0.3547249999999999,0.4558154819277108,0.7531327683615818,0.6569073162229291,0.4528688424042868,0.433,0.4906495817879707,0.7927014243010375,0.5686638415679954,0.1480342606903658,0.5004423965449291,0.6397551375930082,0.7939716029723993,0.3331371806686956,0.7909999999999999,0.4715834259986877,0.6736889481544495,0.0523933768272399,0.812251091003418,0.1460953205823898,0.1460953205823898,0.1460953205823898,0.2000681608915329,0.6007140874862671,0.2027402818202972,0.7075135111808777,0.2704699039459228,0.6007972359657288,0.5695890188217163,0.6380401253700256,0.4370342493057251,0.719242513179779,0.2596479058265686,0.7094306945800781,0.0884898602962493,0.0884898602962493,0.0884898602962493,0.3000341355800628,0.7036842703819275,0.3250152766704559,0.6704010963439941,0.0589846186339855,0.0589846186339855,0.0589846186339855,0.1591513752937317,0.513022780418396,1.04,1.04,1.04,1.04,1.04,1.04,1.04,1.03,1.02,1.0,1.0,1.03,1.03,1.03,1.0,1.0,1.01,1.0,1.03,1.0,1.01,1.0,1.03,1.03,1.02,1.03,1.04,1.03,1.01,1.01,0.97,0.96,0.97,0.97,0.97,0.97,0.98,1.02,1.02,1.02,1.02,1.02,1.03,1.03,1.03,1.03,1.03,1.02,1.03,1.04,1.03,1.03,1.03,1.02,1.04,1.03,1.03,0.99,0.99,0.99,0.99,0.99,0.9900000095367432,0.99,0.99,0.98,0.9900000095367432,0.99,0.99,0.9900000095367432,0.97,0.98,1.0399999618530271,1.04,1.0399999618530271,1.04,1.04,1.04,1.04,1.04,1.0399999618530271,1.04,1.04,1.04,1.04,0.97,0.97,0.96,0.97,0.96,0.98,0.98,0.98,0.98,0.98,1.0,0.98,0.99,0.98,1.02
0.3113371624938635,0.2492546003614636,0.6703700516908639,0.2211824881139336,0.1924232822485984,0.215069949673318,0.4054320275425699,0.1596999999999999,0.4876072289156626,0.3061920903954802,0.5195815503943527,0.1466243463102847,0.443,0.249508549688386,0.7945895400537566,0.4942328203597705,0.0098874291602266,0.2125552240841188,0.6616689500413371,0.6749493099787686,0.3252825963354842,0.319,0.5198113322257996,0.4401682913303375,0.059021670371294,0.7122273445129395,0.1650719791650772,0.1650719791650772,0.1650719791650772,0.1993189454078674,0.3229957818984985,0.2283921092748642,0.5515832901000977,0.3230559229850769,0.3845961689949035,0.5440934896469116,0.3925977945327759,0.4413314759731293,0.5394991040229797,0.279839426279068,0.6360568404197693,0.0933260917663574,0.0933260917663574,0.0933260917663574,0.3127872943878174,0.4719406962394714,0.3707567751407623,0.5512698888778687,0.0531299374997615,0.0531299374997615,0.0531299374997615,0.1777630746364593,0.2757887244224548,1.03,1.03,1.03,1.04,1.04,1.04,1.04,1.03,1.02,1.0,1.0,1.03,1.03,1.03,1.0,1.0,1.0,1.0,1.03,1.0,1.01,1.0,1.01,1.01,1.0,1.01,1.02,1.02,1.0,1.0,0.96,0.96,0.96,0.96,0.97,0.96,0.97,1.0,1.01,1.01,1.01,1.01,1.01,1.01,1.03,1.03,1.03,1.02,1.03,1.04,1.03,1.03,1.02,1.02,1.04,1.03,1.03,0.99,0.99,0.99,0.99,0.99,0.9900000095367432,0.99,0.99,0.98,0.9900000095367432,0.99,0.99,0.9900000095367432,0.98,0.99,1.0299999713897705,1.03,1.0299999713897705,1.03,1.03,1.03,1.03,1.03,1.0299999713897705,1.03,1.03,1.03,1.03,0.97,0.97,0.96,0.97,0.96,0.98,0.98,0.98,0.98,0.97,0.99,0.98,0.98,0.98,1.0
0.2800131566028473,0.0,0.7215247946350478,0.0570089898604272,0.2000920176549558,0.0,0.3998597748208802,0.0,0.5212584939759035,0.0,0.3614078173340886,0.0,0.637,0.003468454333696,0.7899023838830417,0.2942310867079858,0.0953493044822256,0.0,0.6585832939648045,0.389303609341826,0.3097872223257949,0.0,0.5406020283699036,0.0717404931783676,0.0656020790338516,0.3615908622741699,0.1764824986457824,0.1764824986457824,0.1764824986457824,0.1908902823925018,0.0339022316038608,0.2616109848022461,0.1850722879171371,0.3926717638969421,0.0579377859830856,0.5084056258201599,0.0501963905990123,0.3857817649841308,0.1494021266698837,0.2913532853126526,0.315485417842865,0.091461606323719,0.091461606323719,0.091461606323719,0.2994134724140167,0.0925262942910194,0.4001056551933288,0.225876584649086,0.0425750464200973,0.0425750464200973,0.0425750464200973,0.2247194647789001,0.029974091798067,1.0,1.0,0.99,1.01,1.0,1.0,1.02,1.01,1.01,1.0,0.99,1.01,1.01,1.01,0.99,0.99,1.0,0.99,1.01,1.0,0.99,0.99,0.98,0.97,0.97,0.97,0.98,0.98,0.98,0.98,0.94,0.94,0.94,0.94,0.95,0.94,0.95,0.96,0.96,0.96,0.96,0.96,0.97,0.97,1.01,1.01,1.01,1.01,1.01,1.01,1.01,1.01,1.01,1.01,1.01,1.01,1.01,0.99,0.99,0.99,0.99,0.99,0.9900000095367432,0.99,0.98,0.98,0.9900000095367432,0.99,0.98,0.9900000095367432,0.97,0.98,1.0199999809265137,1.02,1.0199999809265137,1.02,1.02,1.02,1.02,1.02,1.0199999809265137,1.02,1.02,1.02,1.02,0.97,0.96,0.96,0.96,0.96,0.95,0.95,0.95,0.95,0.94,0.96,0.96,0.95,0.95,0.98
0.2658276877761414,0.0,0.7598873184153718,0.0061592667832135,0.1550718079960692,0.0,0.5390750907229925,0.0,0.7414235542168675,0.0,0.4679674495620725,0.0,0.169,0.0,0.8005201085181743,0.0449627570185184,0.1108062854198866,0.0,0.6696775717491439,0.0552879511677282,0.3804388538101754,0.0,0.5299451351165771,0.0,0.1074317842721939,0.0316865779459476,0.1891027837991714,0.1891027837991714,0.1891027837991714,0.206849604845047,0.0,0.3091218173503876,0.0013735017273575,0.5121020674705505,0.0,0.4395610392093658,0.0,0.336485356092453,0.0,0.340100347995758,0.0337716788053512,0.0897507071495056,0.0897507071495056,0.0897507071495056,0.3188777863979339,0.0,0.5097043514251709,0.0105991680175066,0.0463466867804527,0.0463466867804527,0.0463466867804527,0.341464638710022,0.0,0.97,0.97,0.96,0.97,0.97,0.97,1.0,0.99,0.99,0.98,0.98,0.99,0.99,0.99,0.98,0.98,0.98,0.97,0.99,0.98,0.98,0.97,0.95,0.95,0.95,0.95,0.96,0.96,0.95,0.95,0.9,0.9,0.89,0.89,0.9,0.89,0.9,0.94,0.94,0.94,0.94,0.94,0.94,0.94,0.98,0.98,0.98,0.99,0.98,0.99,0.98,0.98,0.98,0.99,0.99,0.98,0.98,0.98,0.98,0.98,0.98,0.98,0.9800000190734864,0.98,0.98,0.97,0.9800000190734864,0.98,0.97,0.9800000190734864,0.96,0.97,1.0099999904632568,1.01,1.0099999904632568,1.01,1.01,1.01,1.01,1.0,1.0099999904632568,1.01,1.0,1.01,1.01,0.96,0.96,0.95,0.96,0.95,0.91,0.92,0.92,0.9,0.91,0.94,0.92,0.92,0.9,0.95
0.2672901325478645,0.0,0.8101974887375565,0.0,0.1562181966833943,0.0,0.6117711919605472,0.0,0.738547469879518,0.0,0.5655529216959344,0.0,0.159,0.0,0.8475740912858902,0.0,0.0958214837712519,0.0,0.7316263434510453,0.0,0.3787230986772669,0.0,0.4880516827106476,0.0,0.1314737796783447,0.0,0.1821195483207702,0.1821195483207702,0.1821195483207702,0.2026499658823013,0.0,0.3235138356685638,0.0,0.5572699308395386,0.0,0.406706303358078,0.0,0.3226646780967712,0.0,0.3795791268348694,0.0,0.0887757539749145,0.0887757539749145,0.0887757539749145,0.3090323209762573,0.0,0.5846050977706909,0.0,0.0449937023222446,0.0449937023222446,0.0449937023222446,0.4778972566127777,0.0,0.95,0.95,0.94,0.95,0.94,0.94,0.97,0.96,0.96,0.95,0.95,0.96,0.96,0.96,0.95,0.95,0.95,0.94,0.96,0.95,0.95,0.95,0.94,0.94,0.94,0.94,0.94,0.94,0.92,0.91,0.87,0.87,0.87,0.87,0.88,0.87,0.88,0.91,0.92,0.92,0.92,0.92,0.92,0.92,0.95,0.95,0.95,0.96,0.95,0.96,0.95,0.95,0.95,0.96,0.96,0.95,0.95,0.94,0.94,0.94,0.94,0.94,0.9399999976158142,0.94,0.95,0.95,0.9399999976158142,0.94,0.95,0.9399999976158142,0.94,0.95,0.9900000095367432,0.99,0.9900000095367432,0.99,0.99,1.0,0.99,0.99,0.9900000095367432,0.99,0.99,0.99,0.99,0.95,0.95,0.95,0.95,0.94,0.88,0.89,0.89,0.87,0.89,0.92,0.89,0.9,0.87,0.94
0.0935898870888561,0.0,0.8256728787394425,0.0,0.161033305559317,0.0,0.6391541825625756,0.0,0.7769312048192771,0.0,0.3488328031722515,0.0,0.207,0.0,0.8433133713481876,0.0,0.0977411128284389,0.0,0.7263923762843983,0.0,0.3247360696548083,0.0,0.4383697509765625,0.0,0.1182393431663513,0.0,0.161438301205635,0.161438301205635,0.161438301205635,0.1763783693313598,0.0,0.3047215044498443,0.0,0.5834542512893677,0.0,0.3744777739048004,0.0,0.3152378797531128,0.0,0.3518429696559906,0.0,0.0856721922755241,0.0856721922755241,0.0856721922755241,0.2936289012432098,0.0,0.5555717349052429,0.0,0.0409224927425384,0.0409224927425384,0.0409224927425384,0.5606167912483215,0.0,0.93,0.93,0.93,0.93,0.93,0.92,0.94,0.94,0.93,0.93,0.92,0.94,0.94,0.94,0.92,0.92,0.93,0.92,0.94,0.93,0.92,0.92,0.92,0.92,0.92,0.93,0.93,0.93,0.88,0.88,0.85,0.85,0.85,0.85,0.85,0.84,0.86,0.89,0.9,0.9,0.9,0.89,0.9,0.9,0.93,0.93,0.93,0.93,0.93,0.94,0.93,0.93,0.93,0.93,0.93,0.93,0.93,0.9,0.9,0.9,0.9,0.9,0.8999999761581421,0.9,0.92,0.92,0.8999999761581421,0.9,0.92,0.8999999761581421,0.92,0.93,0.9700000286102296,0.97,0.9700000286102296,0.97,0.97,0.98,0.97,0.97,0.9700000286102296,0.97,0.97,0.96,0.96,0.94,0.94,0.93,0.94,0.93,0.87,0.88,0.88,0.85,0.87,0.91,0.88,0.88,0.85,0.92
