objective_value,co2_emissions,co2_captured
9.663782626652374e9,9.381205609492365e6,-1261.2468593475219
