objective_value,co2_emissions,co2_captured
3.854774202021092e9,854.7817511825318,1.366194061121084e7
