objective_value,co2_emissions,co2_captured
5.288379601982378e9,3430.6973306375644,9.107999031118305e6
