objective_value,co2_emissions
1.7888915220218194e9,2.294551025799297e7
