objective_value,co2_emissions,co2_captured
2.360204261335421e9,1.8359999933341574e7,0.0
