objective_value,co2_emissions,co2_captured
3.086516806773041e9,1.3769999963390645e7,0.0
