objective_value,co2_emissions,co2_captured
3.8771202652510176e9,9.179999966729648e6,0.0
