objective_value,co2_emissions,co2_captured
4.718913810672771e9,4.590000004063544e6,0.0
